Sample Checking,ISIN,Ticker,Quantity,Name,Last ClosePrice,Takara UMD 0408 LCP,Currency,Takara UMD 0408 CCY, Listed Exchange ,Section,Takara Prim Exchange,Market Cap USD,Takara UMD 0408 CUR_MKT_CAP,CUR_MKT_CAP in USD Million, Equity Shares Outstanding Mio ,Takara UMD 0408 EQY_SH_OUT,EQY_SH_OUT IN MIL, vol_260d_cal ,Takara UMD 0416 vol_260d_calc,3M Volume,Takara UMD 0408  VOLUME_AVG_3M,Average Traded Value_3M (USD),Takara UMD 0408  AVG_DAILY_VALUE_TRADED_3M,AVG_DAILY_VALUE_TRADED_3M in USD,HC Formula (%),HC Bucketing (%),HC mcap (%),"HC Max(HCmcap,formula) (%)",Penny stock penalty (if any),Full Equity Financing,Equity Financing up to LP10, Market Value USD , Full Equity Collateral Value USD , Collateral Value USD 
,US64110W1027,NTES UW,"5,000,000",NETEASE INC-ADR,105.76,,USD,, NASDAQ GS ,#N/A Field Not Applicable,#N/A,"68,210 Million",,, 644.95 ,,, 39.05 ,,"731,674",,"71,517,784",,,38.4%,21.25%,42.25%,42.25%,42.25%,55%,10%," 528,800,000 "," 290,840,000 "," 52,880,000 "
1,JP3765150002,6324 JP,"2,841,600",HARMONIC DRIVE SYSTEMS INC,4300,4050,JPY,JPY, Tokyo ,Tokyo Standard,,"2,892 Million",390077.37,2535.502905, 96.32 ,96315000,96.315, 47.19 , 47.34 ,"473,652",472233.9,"13,422,394",1863900000,12115350,42.53%,31.75%,47.5%,47.5%,47.5%,50%,10%," 81,253,358 "," 40,626,679 "," 8,125,336 "
,US81761L1026,SVC UW,"800,000",SERVICE PROPERTIES TRUST,6.46,,USD,, NASDAQ GS ,#N/A Field Not Applicable,#N/A,"1,071 Million",,, 165.77 ,,, 36.46 ,,"394,714",,"2,928,593",,,25.23%,31.75%,26.5%,31.75%,42.25%,55%,25%," 5,168,000 "," 2,842,400 "," 1,292,000 "
1,KYG844081060,1252 HK,"28,700,000",CHINA TIANRUI GROUP CEMENT C,5.26,5.08,HKD,HKD, Hong Kong ,#N/A Field Not Applicable,HK,"2,068 Million",14926.47,1940.4411," 2,938.28 ",2938282000,2938.282, 32.06 , 466.58 ,"295,508",277403.2,"201,966",1506248,195812.24,73.71%,31.75%,73.75%,73.75%,73.75%,25%,0%," 19,300,901 "," 4,825,225 ", -   
1,KYG875721634,700 HK,"303,858",TENCENT HOLDINGS LTD,289.8,306.2,HKD,HKD, Hong Kong ,#N/A Field Not Applicable,HK,"344,032 Million",2897286.24,376647.2112," 9,431.78 ",9462045000,9462.045, 35.19 , 34.08 ,"24,025,050",22402250,"870,743,722",6383878000,829904140,16.9%,21.25%,21.25%,21.25%,21.25%,75%,75%," 11,258,460 "," 8,443,845 "," 8,443,845 "
,SG2F08984575,FEHT SP,"125,000",FAR EAST HOSPITALITY TRUST,0.62,,SGD,#N/A, Singapore ,#N/A Field Not Applicable,#N/A,910 Million,,," 2,005.07 ",,, 21.67 ,,"1,461,684",,"672,333",,,10.78%,52.75%,21.25%,52.75%,84.25%,15%,15%," 57,732 "," 8,660 "," 8,660 "
1,CNE100000205,3328 HK,"3,279,155",BANK OF COMMUNICATIONS CO-H,5.19,5.09,HKD,HKD, Hong Kong ,#N/A Field Not Applicable,HK,"56,357 Million",454765.68,59119.5384," 35,011.86 ",35011860000,35011.86, 25.10 , 23.55 ,"17,905,380",20024990,"11,164,551",99042380,12875509.4,12.53%,21.25%,21.25%,21.25%,21.25%,75%,75%," 2,175,902 "," 1,631,926 "," 1,631,926 "
1,HK0000337987,3329 HK,"7,383",BOCOM INTERNATIONAL HOLDINGS,0.305,0.28,HKD,HKD, Hong Kong ,#N/A Field Not Applicable,HK,103 Million,765.63,99.5319," 2,734.39 ",2734392000,2734.392, 52.38 , 49.96 ,"474,817",409867.9,"19,625",128398.5,16691.805,24.09%,100.%,26.5%,100.%,100.%,0%,0%, 288 , -   , -   
1,CNE1000002L3,2628 HK,"167,280",CHINA LIFE INSURANCE CO-H,9.61,9.17,HKD,HKD, Hong Kong ,#N/A Field Not Applicable,HK,"92,628 Million",719344.52,93514.7876," 7,441.18 ",7441175000,7441.175, 36.82 , 36.28 ,"30,105,470",33098140,"36,250,045",309515600,40237028,17.61%,21.25%,21.25%,21.25%,21.25%,75%,75%," 205,531 "," 154,148 "," 154,148 "
1,CNE1000003G1,1398 HK,"1,470,000",IND & COMM BK OF CHINA-H,3.96,3.96,HKD,HKD, Hong Kong ,#N/A Field Not Applicable,HK,"236,630 Million",1899029.99,246873.8987," 86,794.04 ",86794040000,86794.04, 24.77 , 21.87 ,"217,718,100",229233900,"107,502,137",891863900,115942307,12.22%,21.25%,21.25%,21.25%,21.25%,75%,75%," 744,256 "," 558,192 "," 558,192 "
,KYG017191142,9988 HK,"5,000",ALIBABA GROUP HOLDING LTD,72,70.05,HKD,HKD, Hong Kong ,#N/A Field Not Applicable,HK,"185,156 Million",,," 20,347.39 ",,, 39.31 ,,"48,805,940",,"447,291,960",,,18.69%,21.25%,21.25%,21.25%,21.25%,75%,75%," 46,027 "," 34,520 "," 34,520 "
,SG1T66931158,CDREIT SP,"1,590",CDL HOSPITALITY TRUSTS,0.975,,SGD,#N/A, Singapore ,#N/A Field Not Applicable,#N/A,883 Million,,," 1,247.30 ",,, 21.71 ,,"1,998,551",,"1,471,156",,,10.79%,52.75%,21.25%,52.75%,84.25%,15%,15%," 1,155 ", 173 , 173 
,US1729674242,C US,"4,000",CITIGROUP INC,58.63,,USD,USD, New York ,#N/A Field Not Applicable,UN,"112,063 Million",,," 1,911.37 ",,, 25.83 ,,"17,112,232",,"927,001,344",,,12.71%,21.25%,21.25%,21.25%,21.25%,75%,75%," 234,520 "," 175,890 "," 175,890 "
,SG1R89002252,CIT SP,"10,000",CITY DEVELOPMENTS LTD,5.85,,SGD,SGD, Singapore ,#N/A Field Not Applicable,SP,"3,816 Million",,, 901.29 ,,, 20.99 ,,"2,732,106",,"12,001,264",,,10.46%,31.75%,21.25%,31.75%,31.75%,65%,65%," 43,579 "," 28,326 "," 28,326 "
,SG1N31909426,CD SP,"50,000",COMFORTDELGRO CORP LTD,1.38,,SGD,SGD, Singapore ,#N/A Field Not Applicable,SP,"2,171 Million",,," 2,165.71 ",,, 18.41 ,,"4,560,021",,"4,594,967",,,9.23%,31.75%,21.25%,31.75%,31.75%,65%,65%," 51,400 "," 33,410 "," 33,410 "
,SG1G47869290,CSE SP,"210,000",CSE GLOBAL LTD,0.41,,SGD,SGD, Singapore ,#N/A Field Not Applicable,SP,184 Million,,, 617.76 ,,, 24.48 ,,"1,198,703",,"364,206",,,12.22%,100.%,21.25%,100.%,100.%,0%,0%," 64,139 ", -   , -   
,SG1R43925234,FRKN SP,"50,000",FRENCKEN GROUP LTD,1.62,,SGD,SGD, Singapore ,#N/A Field Not Applicable,SP,521 Million,,, 427.03 ,,, 39.26 ,,"4,193,337",,"4,397,111",,,18.66%,52.75%,21.25%,52.75%,52.75%,45%,45%," 60,340 "," 27,153 "," 27,153 "
,SGXE21576413,GENS SP,"100,000",GENTING SINGAPORE LTD,0.88,,SGD,SGD, Singapore ,#N/A Field Not Applicable,SP,"7,672 Million",,," 12,072.03 ",,, 25.75 ,,"27,551,220",,"19,294,553",,,12.67%,21.25%,21.25%,21.25%,31.75%,65%,65%," 65,554 "," 42,610 "," 42,610 "
,KYG8208B1014,9618 HK,238,JD.COM INC-CLASS A,107.3,102.9,HKD,HKD, Hong Kong ,#N/A Field Not Applicable,HK,"42,881 Million",,," 2,756.64 ",,, 48.22 ,,"11,674,070",,"142,100,238",,,22.41%,21.25%,26.5%,26.5%,26.5%,70%,70%," 3,265 "," 2,286 "," 2,286 "
,SG1U68934629,KEP SP,"50,000",KEPPEL LTD,7.17,,SGD,SGD, Singapore ,#N/A Field Not Applicable,SP,"9,216 Million",,," 1,774.66 ",,, 21.19 ,,"3,450,955",,"17,796,354",,,10.55%,21.25%,21.25%,21.25%,21.25%,75%,75%," 267,059 "," 200,294 "," 200,294 "
,SG1T22929874,KREIT SP,"60,000",KEPPEL REIT,0.85,,SGD,#N/A, Singapore ,#N/A Field Not Applicable,#N/A,"2,363 Million",,," 3,805.41 ",,, 16.96 ,,"9,091,478",,"5,950,799",,,8.54%,31.75%,21.25%,31.75%,42.25%,55%,55%," 37,992 "," 20,895 "," 20,895 "
,BMG5958R1043,MED SP,"10,000",MEDTECS INTERNATIONAL CORP,0.131,,SGD,SGD, Singapore ,#N/A Field Not Applicable,SP,52 Million,,, 544.91 ,,, 57.44 ,,"10,512,180",,"1,328,578",,,26.09%,100.%,26.5%,100.%,100.%,0%,0%, 976 , -   , -   
,KYG596691041,3690 HK,500,MEITUAN-CLASS B,90.4,100.4,HKD,HKD, Hong Kong ,#N/A Field Not Applicable,HK,"71,177 Million",,," 5,634.44 ",,, 48.82 ,,"43,103,900",,"425,753,321",,,22.65%,21.25%,26.5%,26.5%,26.5%,70%,70%," 5,779 "," 4,045 "," 4,045 "
,JP3902900004,8306 JP,"25,000",MITSUBISHI UFJ FINANCIAL GRO,1533.5,,JPY,, Tokyo ,Tokyo Prime,,"135,397 Million",,," 12,337.71 ",,, 30.47 ,,"74,447,670",,"752,107,192",,,14.81%,21.25%,21.25%,21.25%,21.25%,75%,75%," 254,937 "," 191,203 "," 191,203 "
,SG1I52882764,SATS SP,"34,500",SATS LTD,2.53,,SGD,SGD, Singapore ,#N/A Field Not Applicable,SP,"2,685 Million",,," 1,490.63 ",,, 23.46 ,,"4,390,212",,"8,699,404",,,11.61%,31.75%,21.25%,31.75%,31.75%,65%,65%," 65,022 "," 42,264 "," 42,264 "
,SG1H97877952,STM SP,"954,251",SEATRIUM LTD,0.081,,SGD,SGD, Singapore ,#N/A Field Not Applicable,SP,"3,914 Million",,," 68,217.08 ",,, 37.61 ,,"409,323,500",,"28,771,259",,,17.96%,31.75%,21.25%,31.75%,42.25%,55%,55%," 57,579 "," 31,669 "," 31,669 "
,SG1R50925390,SCI SP,"200,000",SEMBCORP INDUSTRIES LTD,5.11,,SGD,SGD, Singapore ,#N/A Field Not Applicable,SP,"6,606 Million",,," 1,779.98 ",,, 30.62 ,,"3,491,057",,"13,607,946",,,14.88%,21.25%,21.25%,21.25%,21.25%,75%,75%," 761,323 "," 570,992 "," 570,992 "
,SG1I53882771,SIE SP,"110,000",SIA ENGINEERING CO LTD,2.26,,SGD,SGD, Singapore ,#N/A Field Not Applicable,SP,"1,842 Million",,," 1,122.37 ",,, 15.46 ,,"173,435",,"291,958",,,8.94%,31.75%,21.25%,31.75%,31.75%,65%,65%," 185,191 "," 120,374 "," 120,374 "
,SG1N89910219,SPOST SP,"100,000",SINGAPORE POST LTD,0.38,,SGD,SGD, Singapore ,#N/A Field Not Applicable,SP,662 Million,,," 2,249.95 ",,, 24.43 ,,"1,840,056",,"563,748",,,12.06%,52.75%,21.25%,52.75%,84.25%,15%,15%," 28,308 "," 4,246 "," 4,246 "
,SG1T75931496,ST SP,"100,000",SINGAPORE TELECOMMUNICATIONS,2.49,,SGD,SGD, Singapore ,#N/A Field Not Applicable,SP,"30,087 Million",,," 16,503.35 ",,, 18.31 ,,"26,774,780",,"46,570,577",,,9.19%,21.25%,21.25%,21.25%,21.25%,75%,75%," 185,489 "," 139,117 "," 139,117 "
,MYL1821OO007,SHB MK,"15,000",SRI HARTAMAS BERHAD,#N/A N/A,,MYR,#N/A, #N/A Field Not Applicable ,#N/A Field Not Applicable,#N/A,,,, 860.08 ,,, #N/A N/A ,,#N/A N/A,,,,,0.%,21.25%,21.25%,21.25%,#VALUE!,0%,0%, -   , -   , -   
,SG1V12936232,STH SP,"150,000",STARHUB LTD,1.17,,SGD,SGD, Singapore ,#N/A Field Not Applicable,SP,"1,458 Million",,," 1,715.53 ",,, 19.00 ,,"1,089,643",,"882,502",,,9.55%,31.75%,21.25%,31.75%,31.75%,65%,65%," 130,736 "," 84,978 "," 84,978 "
,TW0001802007,1802 TT,"39,710",TAIWAN GLASS IND CORP,17.4,,TWD,TWD, Taiwan ,#N/A Field Not Applicable,TT,,,," 2,908.06 ",,, 32.07 ,,"3,042,419",,,,,0.%,21.25%,21.25%,21.25%,#N/A,0%,0%, -   , -   , -   
,US92189F6768,SMH US,80,VANECK SEMICONDUCTOR ETF,218.28,,USD,USD, NASDAQ GM ,#N/A Field Not Applicable,UQ,"17,624 Million",,, 80.74 ,,, 28.02 ,,"8,681,024",,"1,714,219,136",,,13.71%,21.25%,21.25%,21.25%,21.25%,75%,75%," 17,462 "," 13,097 "," 13,097 "
,HK0000642568,3033 HK,"100,000",CSOP HANG SENG TECH INDE-HKD,3.512,3.394,HKD,HKD, Hong Kong ,#N/A Field Not Applicable,HK,"3,785 Million",,," 8,541.40 ",,, 34.35 ,,"501,107,200",,"213,769,166",,,16.54%,31.75%,21.25%,31.75%,31.75%,65%,65%," 44,902 "," 29,186 "," 29,186 "
,JP3854600008,7267 JP,729,HONDA MOTOR CO LTD,1830.5,,JPY,, Tokyo ,Tokyo Prime,,"70,709 Million",,," 5,280.00 ",,, 27.23 ,,"16,517,340",,"196,972,843",,,13.35%,21.25%,21.25%,21.25%,21.25%,75%,75%," 8,874 "," 6,655 "," 6,655 "
,US62914V1061,NIO US,"1,520",NIO INC - ADR,5.54,,USD,#N/A, New York ,#N/A Field Not Applicable,#N/A,"11,482 Million",,," 1,924.11 ",,, 67.70 ,,"62,641,300",,"424,285,632",,,29.97%,21.25%,31.75%,31.75%,42.25%,55%,55%," 8,421 "," 4,631 "," 4,631 "
,US0079031078,AMD US,"1,360",ADVANCED MICRO DEVICES,190.65,,USD,USD, NASDAQ GS ,#N/A Field Not Applicable,UW,"308,050 Million",,," 1,615.79 ",,, 47.95 ,,"75,414,424",,"12,942,617,600",,,22.3%,21.25%,26.5%,26.5%,26.5%,70%,70%," 259,284 "," 181,499 "," 181,499 "
,US03209R1032,AMPH US,"24,558",AMPHASTAR PHARMACEUTICALS IN,42.85,,USD,USD, NASDAQ GS ,#N/A Field Not Applicable,UW,"2,061 Million",,, 48.10 ,,, 47.44 ,,"489,301",,"26,089,648",,,22.09%,31.75%,26.5%,31.75%,31.75%,65%,65%," 1,052,310 "," 684,002 "," 684,002 "
,HK2388011192,2388 HK,"35,611",BOC HONG KONG HOLDINGS LTD,21.2,22.45,HKD,HKD, Hong Kong ,#N/A Field Not Applicable,HK,"28,416 Million",,," 10,572.78 ",,, 21.13 ,,"11,131,890",,"28,208,642",,,10.52%,21.25%,21.25%,21.25%,21.25%,75%,75%," 96,523 "," 72,392 "," 72,392 "
,KYG2121R1039,772 HK,4,CHINA LITERATURE LTD,27.35,25.2,HKD,HKD, Hong Kong ,#N/A Field Not Applicable,HK,"3,320 Million",,," 1,023.39 ",,, 55.94 ,,"4,262,025",,"14,013,029",,,25.5%,31.75%,26.5%,31.75%,31.75%,65%,65%, 14 , 9 , 9 
,HK0941009539,941 HK,"37,726",CHINA MOBILE LTD,66.05,66.75,HKD,HKD, Hong Kong ,#N/A Field Not Applicable,HK,"186,198 Million",,," 20,494.08 ",,, 20.02 ,,"17,621,190",,"148,913,533",,,10.%,21.25%,21.25%,21.25%,21.25%,75%,75%," 318,584 "," 238,938 "," 238,938 "
,HK0000562642,9845 HK,"1,600",GLOBAL X CHINA ELECTRIC -USD,9.79,,USD,USD, Hong Kong ,#N/A Field Not Applicable,HK,178 Million,,, 18.35 ,,, 28.21 ,,"74,452",,"651,089",,,13.8%,100.%,21.25%,100.%,100.%,0%,0%," 15,664 ", -   , -   
,GB0005405286,5 HK,"28,081",HSBC HOLDINGS PLC,59.6,641.7,HKD,GBp, Hong Kong ,#N/A Field Not Applicable,LN,"144,676 Million",,," 18,998.47 ",,, 21.04 ,,"19,253,030",,"149,472,317",,,10.48%,21.25%,21.25%,21.25%,21.25%,75%,75%," 213,978 "," 160,483 "," 160,483 "
,JP3228600007,9503 JP,"1,600",KANSAI ELECTRIC POWER CO INC,2112,,JPY,, Tokyo ,Tokyo Prime,,"14,433 Million",,, 938.73 ,,, 28.91 ,,"3,070,210",,"42,872,793",,,14.11%,21.25%,21.25%,21.25%,21.25%,75%,75%," 22,471 "," 16,853 "," 16,853 "
,JP3869010003,3088 JP,"2,600",MATSUKIYOCOCOKARA & CO,2400.5,,JPY,, Tokyo ,Tokyo Prime,,"7,428 Million",,, 428.90 ,,, 26.72 ,,"1,378,438",,"25,330,764",,,13.12%,21.25%,21.25%,21.25%,21.25%,75%,75%," 41,504 "," 31,128 "," 31,128 "
,US5949181045,MSFT UW,168,MICROSOFT CORP,417.32,,USD,USD, NASDAQ GS ,#N/A Field Not Applicable,UW,"3,100,870 Million",,," 7,430.44 ",,, 23.08 ,,"7,623,476",,"3,038,734,336",,,11.43%,21.25%,21.25%,21.25%,21.25%,75%,75%," 70,110 "," 52,582 "," 52,582 "
,HK0000608585,17 HK,"16,482",NEW WORLD DEVELOPMENT,9.31,8.44,HKD,HKD, Hong Kong ,#N/A Field Not Applicable,HK,"2,960 Million",,," 2,516.63 ",,, 39.26 ,,"13,854,530",,"17,602,273",,,18.66%,31.75%,21.25%,31.75%,31.75%,65%,65%," 19,619 "," 12,752 "," 12,752 "
,HK0006000050,6 HK,"11,109",POWER ASSETS HOLDINGS LTD,46.1,44.95,HKD,HKD, Hong Kong ,#N/A Field Not Applicable,HK,"12,533 Million",,," 2,131.11 ",,, 19.21 ,,"2,779,464",,"16,243,134",,,9.61%,21.25%,21.25%,21.25%,21.25%,75%,75%," 65,477 "," 49,107 "," 49,107 "
,JP3436100006,9984 JP,"1,714",SOFTBANK GROUP CORP,8790,,JPY,, Tokyo ,Tokyo Prime,,"93,159 Million",,," 1,470.00 ",,, 35.36 ,,"10,966,230",,"609,219,628",,,16.98%,21.25%,21.25%,21.25%,21.25%,75%,75%," 100,187 "," 75,140 "," 75,140 "
,US88160R1014,TSLA US,725,TESLA INC,173.8,,USD,USD, NASDAQ GS ,#N/A Field Not Applicable,UW,"553,517 Million",,," 3,184.79 ",,, 49.53 ,,"105,908,768",,"21,817,733,120",,,22.94%,21.25%,26.5%,26.5%,26.5%,70%,70%," 126,005 "," 88,204 "," 88,204 "
,MHY2187A1507,EGLE UN,33,EAGLE BULK SHIPPING INC,62.99,,USD,USD, New York ,#N/A Field Not Applicable,UN,697 Million,,, 11.07 ,,, 35.33 ,,"38,320",,"2,186,393",,,16.97%,52.75%,21.25%,52.75%,52.75%,45%,45%," 2,079 ", 935 , 935 
,HK0000637832,3191 HK,"10,000",GLOBAL X CHINA SEMICONDU-HKD,35.2,32.6,HKD,HKD, Hong Kong ,#N/A Field Not Applicable,HK,56 Million,,, 12.60 ,,, 30.64 ,,"53,642",,"225,162",,,15.09%,100.%,21.25%,100.%,100.%,0%,0%," 45,004 ", -   , -   
,HK0000562659,2845 HK,"3,900",GLOBAL X CHINA ELECTRIC -HKD,76.7,74.82,HKD,HKD, Hong Kong ,#N/A Field Not Applicable,HK,178 Million,,, 18.35 ,,, 28.37 ,,"106,674",,"939,221",,,13.87%,100.%,21.25%,100.%,100.%,0%,0%," 38,245 ", -   , -   
,HK0000651213,3067 HK,"619,000",ISHARES HANG SENG TECH E-HKD,7.53,7.26,HKD,HKD, Hong Kong ,#N/A Field Not Applicable,HK,"1,198 Million",,," 1,264.20 ",,, 34.42 ,,"19,174,460",,"17,165,293",,,16.57%,31.75%,21.25%,31.75%,31.75%,65%,65%," 595,930 "," 387,355 "," 387,355 "
,JP3893600001,8031 JP,475,MITSUI & CO LTD,6645,,JPY,, Tokyo ,Tokyo Prime,,"73,608 Million",,," 1,513.59 ",,, 30.50 ,,"4,114,298",,"179,089,446",,,14.83%,21.25%,21.25%,21.25%,21.25%,75%,75%," 20,989 "," 15,742 "," 15,742 "
,KYG8062L1041,20 HK,"910,000",SENSETIME GROUP INC-CLASS B,0.84,0.65,HKD,HKD, Hong Kong ,#N/A Field Not Applicable,HK,"3,512 Million",,," 25,948.81 ",,, 57.15 ,,"223,568,300",,"26,319,157",,,25.97%,31.75%,26.5%,31.75%,31.75%,65%,65%," 97,731 "," 63,525 "," 63,525 "
,CNE100000296,1211 HK,480,BYD CO LTD-H,216.8,196.9,HKD,HKD, Hong Kong ,#N/A Field Not Applicable,HK,"84,707 Million",,," 1,098.00 ",,, 35.50 ,,"8,834,217",,"220,235,493",,,17.04%,21.25%,21.25%,21.25%,21.25%,75%,75%," 13,305 "," 9,979 "," 9,979 "
,US1667641005,CVX US,"1,000",CHEVRON CORP,155.41,,USD,USD, New York ,#N/A Field Not Applicable,UN,"288,638 Million",,," 1,857.27 ",,, 22.29 ,,"8,816,085",,"1,323,314,304",,,11.07%,21.25%,21.25%,21.25%,21.25%,75%,75%," 155,410 "," 116,558 "," 116,558 "
,CNE1000002F5,1800 HK,"36,000",CHINA COMMUNICATIONS CONST-H,3.81,3.97,HKD,HKD, Hong Kong ,#N/A Field Not Applicable,HK,"15,757 Million",,," 4,418.48 ",,, 33.87 ,,"12,942,950",,"6,017,721",,,16.33%,21.25%,21.25%,21.25%,21.25%,75%,75%," 17,536 "," 13,152 "," 13,152 "
,HK0688002218,688 HK,"40,000",CHINA OVERSEAS LAND & INVEST,10.9,11.94,HKD,HKD, Hong Kong ,#N/A Field Not Applicable,HK,"14,680 Million",,," 10,944.88 ",,, 39.69 ,,"19,269,010",,"29,149,436",,,18.85%,21.25%,21.25%,21.25%,21.25%,75%,75%," 55,744 "," 41,808 "," 41,808 "
,CNE1000016V2,6030 HK,"34,500",CITIC SECURITIES CO LTD-H,14.34,12.48,HKD,HKD, Hong Kong ,#N/A Field Not Applicable,HK,"40,055 Million",,," 2,620.08 ",,, 32.95 ,,"9,728,114",,"18,740,779",,,15.92%,21.25%,21.25%,21.25%,21.25%,75%,75%," 63,253 "," 47,439 "," 47,439 "
,US30231G1022,XOM US,"1,000",EXXON MOBIL CORP,112.3,,USD,USD, New York ,#N/A Field Not Applicable,UN,"445,589 Million",,," 3,967.84 ",,, 24.08 ,,"18,847,964",,"1,942,605,568",,,11.9%,21.25%,21.25%,21.25%,21.25%,75%,75%," 112,300 "," 84,225 "," 84,225 "
,JP3893200000,8801 JP,150,MITSUI FUDOSAN CO LTD,4520,,JPY,, Tokyo ,Tokyo Prime,,"32,059 Million",,, 936.88 ,,, 26.74 ,,"3,547,825",,"99,405,848",,,13.12%,21.25%,21.25%,21.25%,21.25%,75%,75%," 4,509 "," 3,381 "," 3,381 "
,JP3885780001,8411 JP,800,MIZUHO FINANCIAL GROUP INC,2966,,JPY,, Tokyo ,Tokyo Prime,,"53,844 Million",,," 2,539.25 ",,, 27.99 ,,"13,454,800",,"261,959,839",,,13.7%,21.25%,21.25%,21.25%,21.25%,75%,75%," 15,779 "," 11,834 "," 11,834 "
,US67066G1040,NVDA US,182,NVIDIA CORP,884.55,,USD,USD, NASDAQ GS ,#N/A Field Not Applicable,UW,"2,211,375 Million",,," 2,500.00 ",,, 46.11 ,,"50,918,636",,"35,212,886,016",,,21.54%,21.25%,26.5%,26.5%,26.5%,70%,70%," 160,988 "," 112,692 "," 112,692 "
,CNE1000003X6,2318 HK,"10,000",PING AN INSURANCE GROUP CO-H,35.65,32.6,HKD,HKD, Hong Kong ,#N/A Field Not Applicable,HK,"95,871 Million",,," 7,447.58 ",,, 38.96 ,,"39,895,170",,"172,931,374",,,18.54%,21.25%,21.25%,21.25%,21.25%,75%,75%," 45,579 "," 34,185 "," 34,185 "
,FR0000130809,GLE FP,"2,153",SOCIETE GENERALE SA,23.71,,EUR,EUR, EN Paris ,#N/A Field Not Applicable,FP,"20,008 Million",,, 802.98 ,,, 29.19 ,,"2,947,603",,"70,857,827",,,14.24%,21.25%,21.25%,21.25%,21.25%,75%,75%," 55,384 "," 41,538 "," 41,538 "
,HK0016000132,16 HK,"10,000",SUN HUNG KAI PROPERTIES,76.25,74.5,HKD,HKD, Hong Kong ,#N/A Field Not Applicable,HK,"28,427 Million",,," 2,897.78 ",,, 24.64 ,,"4,268,091",,"42,081,232",,,12.16%,21.25%,21.25%,21.25%,21.25%,75%,75%," 97,488 "," 73,116 "," 73,116 "
,US8740391003,TSM US,"1,545",TAIWAN SEMICONDUCTOR-SP ADR,136.64,,USD,#N/A, New York ,#N/A Field Not Applicable,#N/A,"708,753 Million",,," 5,187.01 ",,, 32.50 ,,"14,781,298",,"1,837,781,376",,,15.72%,21.25%,21.25%,21.25%,21.25%,75%,75%," 211,109 "," 158,332 "," 158,332 "
,US0423157058,ARR US,460,ARMOUR RESIDENTIAL REIT INC,18.69,,USD,#N/A, New York ,#N/A Field Not Applicable,#N/A,911 Million,,, 48.75 ,,, 33.22 ,,"1,216,293",,"23,354,330",,,16.04%,52.75%,21.25%,52.75%,52.75%,45%,45%," 8,597 "," 3,869 "," 3,869 "
,JP3116000005,2502 JP,"9,000",ASAHI GROUP HOLDINGS LTD,5488,,JPY,, Tokyo ,Tokyo Prime,,"20,150 Million",,, 507.00 ,,, 20.99 ,,"1,934,607",,"74,705,008",,,10.46%,21.25%,21.25%,21.25%,21.25%,75%,75%," 328,448 "," 246,336 "," 246,336 "
,JP3100190002,4985 JP,"1,000",EARTH CORP,4355,,JPY,, Tokyo ,Tokyo Prime,,694 Million,,, 22.14 ,,, 18.17 ,,"124,740",,"3,970,946",,,9.12%,52.75%,21.25%,52.75%,52.75%,45%,45%," 28,960 "," 13,032 "," 13,032 "
,JP3813500000,5940 JP,"1,300",FUJISASH CO LTD,92,,JPY,, Tokyo ,Tokyo Standard,,83 Million,,, 126.27 ,,, 31.30 ,,"702,240",,"435,913",,,15.19%,100.%,21.25%,100.%,100.%,0%,0%, 795 , -   , -   
,JP3946750001,7182 JP,"1,000",JAPAN POST BANK CO LTD,1649,,JPY,, Tokyo ,Tokyo Prime,,"43,534 Million",,," 3,617.60 ",,, 20.54 ,,"7,079,639",,"77,952,224",,,10.25%,21.25%,21.25%,21.25%,21.25%,75%,75%," 10,966 "," 8,224 "," 8,224 "
,JP3868400007,7261 JT,"1,600",MAZDA MOTOR CORP,1714.5,,JPY,, Tokyo ,Tokyo Prime,,"7,971 Million",,, 631.80 ,,, 38.93 ,,"6,019,194",,"73,926,647",,,18.52%,21.25%,21.25%,21.25%,21.25%,75%,75%," 18,242 "," 13,681 "," 13,681 "
,JP3639650005,7532 JP,"2,000",PAN PACIFIC INTERNATIONAL HO,3815,,JPY,, Tokyo ,Tokyo Prime,,"17,985 Million",,, 634.88 ,,, 28.62 ,,"1,774,558",,"43,270,307",,,13.98%,21.25%,21.25%,21.25%,21.25%,75%,75%," 50,738 "," 38,054 "," 38,054 "
,BMG0171K1018,241 HK,"104,871",ALIBABA HEALTH INFORMATION T,3.51,2.81,HKD,HKD, Hong Kong ,#N/A Field Not Applicable,HK,"6,982 Million",,," 16,091.74 ",,, 48.90 ,,"33,627,440",,"14,590,217",,,22.69%,21.25%,26.5%,26.5%,26.5%,70%,70%," 47,062 "," 32,944 "," 32,944 "
,KYG210961051,2319 HK,"55,000",CHINA MENGNIU DAIRY CO,20.05,16.66,HKD,HKD, Hong Kong ,#N/A Field Not Applicable,HK,"9,993 Million",,," 3,935.29 ",,, 39.09 ,,"17,915,030",,"43,335,206",,,18.59%,21.25%,21.25%,21.25%,21.25%,75%,75%," 140,990 "," 105,742 "," 105,742 "
,JP3475350009,4568 JP,"18,400",DAIICHI SANKYO CO LTD,4936,,JPY,, Tokyo ,Tokyo Prime,,"68,375 Million",,," 1,947.03 ",,, 39.32 ,,"4,433,980",,"144,288,814",,,18.69%,21.25%,21.25%,21.25%,21.25%,75%,75%," 603,953 "," 452,964 "," 452,964 "
,SE0000108656,ERICB SS,"22,000",ERICSSON LM-B SHS,56.14,,SEK,SEK, Stockholm ,#N/A Field Not Applicable,SS,,,," 3,082.40 ",,, 27.60 ,,"8,417,614",,,,,0.%,21.25%,21.25%,21.25%,#N/A,0%,0%, -   , -   , -   
,JP3802300008,9983 JP,900,FAST RETAILING CO LTD,46100,,JPY,, Tokyo ,Tokyo Prime,,"104,207 Million",,, 318.22 ,,, 27.15 ,,"1,504,117",,"432,370,429",,,13.32%,21.25%,21.25%,21.25%,21.25%,75%,75%," 275,901 "," 206,926 "," 206,926 "
,HK0388045442,388 HK,"28,000",HONG KONG EXCHANGES & CLEAR,242.4,224.6,HKD,HKD, Hong Kong ,#N/A Field Not Applicable,HK,"38,554 Million",,," 1,267.84 ",,, 29.12 ,,"4,539,477",,"141,807,152",,,14.21%,21.25%,21.25%,21.25%,21.25%,75%,75%," 867,762 "," 650,821 "," 650,821 "
,IE00B53HP851,CUKX LN,"8,500",ISHARES CORE FTSE 100 ACC,14600,149.72,GBp,GBP, London ,#N/A Field Not Applicable,SE,"2,536 Million",,, 14.38 ,,, 11.96 ,,"10,000",,"1,734,364",,,7.37%,31.75%,21.25%,31.75%,31.75%,65%,65%," 1,575,073 "," 1,023,797 "," 1,023,797 "
,JP3143600009,8001 JP,"30,000",ITOCHU CORP,6469,,JPY,, Tokyo ,Tokyo Prime,,"74,092 Million",,," 1,584.89 ",,, 25.66 ,,"3,550,377",,"165,194,626",,,12.63%,21.25%,21.25%,21.25%,21.25%,75%,75%," 1,290,531 "," 967,898 "," 967,898 "
,BMG5697D1011,255 HK,"3,800,000",LUNG KEE BERMUDA HLDG LTD,1.32,1.14,HKD,HKD, Hong Kong ,#N/A Field Not Applicable,HK,107 Million,,, 631.68 ,,, 29.81 ,,"39,148",,"6,659",,,71.25%,100.%,73.75%,100.%,100.%,0%,0%," 641,309 ", -   , -   
,JP3027650005,1321 JP,"4,200",NF NIKKEI 225 ETF,41220,,JPY,, Tokyo ,Tokyo Investment Trust,,"78,519 Million",,, 263.61 ,,, 16.83 ,,"373,280",,"102,088,153",,,8.47%,21.25%,21.25%,21.25%,21.25%,75%,75%," 1,151,244 "," 863,433 "," 863,433 "
,JP3735400008,9432 JP,"270,000",NIPPON TELEGRAPH & TELEPHONE,180.9,,JPY,, Tokyo ,Tokyo Prime,,"118,465 Million",,," 90,550.32 ",,, 16.41 ,,"156,674,100",,"203,765,931",,,8.27%,21.25%,21.25%,21.25%,21.25%,75%,75%," 324,797 "," 243,598 "," 243,598 "
,FI0009000681,NOKIA FH,"62,000",NOKIA OYJ,3.227,,EUR,EUR, Helsinki ,#N/A Field Not Applicable,FH,"18,705 Million",,," 5,613.50 ",,, 29.04 ,,"12,930,520",,"43,734,740",,,14.17%,21.25%,21.25%,21.25%,31.75%,65%,65%," 217,071 "," 141,096 "," 141,096 "
,JP3420600003,1928 JP,"15,000",SEKISUI HOUSE LTD,3353,,JPY,, Tokyo ,Tokyo Prime,,"16,206 Million",,, 662.86 ,,, 19.25 ,,"2,968,665",,"70,680,293",,,9.63%,21.25%,21.25%,21.25%,21.25%,75%,75%," 334,453 "," 250,840 "," 250,840 "
,JP3358000002,7309 JT,"1,000",SHIMANO INC,22450,,JPY,, Tokyo ,Tokyo Prime,,"14,678 Million",,, 90.02 ,,, 29.60 ,,"285,247",,"43,479,057",,,14.43%,21.25%,21.25%,21.25%,21.25%,75%,75%," 149,288 "," 111,966 "," 111,966 "
,JP3571400005,8035 JP,"3,000",TOKYO ELECTRON LTD,36740,,JPY,, Tokyo ,Tokyo Prime,,"126,388 Million",,, 471.63 ,,, 37.19 ,,"4,006,973",,"910,554,638",,,17.78%,21.25%,21.25%,21.25%,21.25%,75%,75%," 732,943 "," 549,707 "," 549,707 "
,JP3027630007,1306 JP,"59,000",NEXT FUNDS TOPIX ETF,2849.5,,JPY,, Tokyo ,Tokyo Investment Trust,,"166,627 Million",,," 8,053.07 ",,, 15.07 ,,"1,984,670",,"37,944,393",,,7.62%,21.25%,21.25%,21.25%,21.25%,75%,75%," 1,117,971 "," 838,478 "," 838,478 "
,JP3633400001,7203 JP,"37,500",TOYOTA MOTOR CORP,3567,,JPY,, Tokyo ,Tokyo Prime,,"430,761 Million",,," 16,314.99 ",,, 27.81 ,,"34,782,940",,"785,105,252",,,13.61%,21.25%,21.25%,21.25%,21.25%,75%,75%," 889,497 "," 667,122 "," 667,122 "
,US90138F1021,TWLO US,"1,770",TWILIO INC - A,60.71,,USD,USD, New York ,#N/A Field Not Applicable,UN,"11,053 Million",,, 182.06 ,,, 48.42 ,,"3,402,874",,"222,970,560",,,22.49%,21.25%,26.5%,26.5%,26.5%,70%,70%," 107,457 "," 75,220 "," 75,220 "
,CNE1000002H1,939 HK,"308,679",CHINA CONSTRUCTION BANK-H,4.78,4.78,HKD,HKD, Hong Kong ,#N/A Field Not Applicable,HK,"154,507 Million",,," 240,417.30 ",,, 24.08 ,,"302,025,200",,"180,835,616",,,11.9%,21.25%,21.25%,21.25%,21.25%,75%,75%," 188,645 "," 141,484 "," 141,484 "
,JP3672400003,7201 JP,"30,000",NISSAN MOTOR CO LTD,605.3,,JPY,, Tokyo ,Tokyo Prime,,"17,449 Million",,," 4,009.72 ",,, 36.20 ,,"31,929,020",,"131,060,277",,,17.35%,21.25%,21.25%,21.25%,21.25%,75%,75%," 120,754 "," 90,566 "," 90,566 "
,US02079K3059,GOOGL US,600,ALPHABET INC-CL A,147.68,,USD,USD, NASDAQ GS ,#N/A Field Not Applicable,UW,"1,840,990 Million",,," 5,893.00 ",,, 28.57 ,,"31,387,926",,"4,439,013,376",,,13.96%,21.25%,21.25%,21.25%,21.25%,75%,75%," 88,608 "," 66,456 "," 66,456 "
,US8522341036,SQ UN,708,BLOCK INC,80.86,,USD,USD, New York ,#N/A Field Not Applicable,UN,"49,785 Million",,, 555.18 ,,, 52.87 ,,"1,786,934",,"129,134,712",,,24.29%,21.25%,26.5%,26.5%,26.5%,70%,70%," 57,249 "," 40,074 "," 40,074 "
,HK0883013259,883 HK,"140,000",CNOOC LTD,17.46,19.04,HKD,HKD, Hong Kong ,#N/A Field Not Applicable,HK,"112,912 Million",,," 44,576.76 ",,, 29.07 ,,"89,356,180",,"172,825,786",,,14.19%,21.25%,21.25%,21.25%,21.25%,75%,75%," 312,523 "," 234,392 "," 234,392 "
,JP3046410001,8986 JP,50,DAIWA SECURITIES LIVING INVE,103200,,JPY,, Tokyo ,Tokyo Investment Cert,,"1,835 Million",,, 2.41 ,,, 18.15 ,,"4,953",,"3,673,497",,,9.11%,31.75%,21.25%,31.75%,31.75%,65%,65%," 34,313 "," 22,303 "," 22,303 "
,JP3046400002,8985 JP,100,JAPAN HOTEL REIT INVESTMENT,77300,,JPY,, Tokyo ,Tokyo Investment Cert,,"2,595 Million",,, 4.64 ,,, 23.70 ,,"19,291",,"10,084,934",,,11.72%,31.75%,21.25%,31.75%,31.75%,65%,65%," 51,403 "," 33,412 "," 33,412 "
,HK0823032773,823 HK,"13,000",LINK REIT,36.2,#N/A,HKD,#N/A, Hong Kong ,#N/A Field Not Applicable,#N/A,"11,685 Million",,," 2,553.85 ",,, 26.00 ,,"8,769,295",,"44,560,294",,,12.79%,21.25%,21.25%,21.25%,21.25%,75%,75%," 60,167 "," 45,126 "," 45,126 "
,SG2C32962814,MINT SP,"95,000",MAPLETREE INDUSTRIAL TRUST,2.27,,SGD,#N/A, Singapore ,#N/A Field Not Applicable,#N/A,"4,652 Million",,," 2,834.06 ",,, 16.70 ,,"5,699,803",,"9,905,774",,,8.41%,31.75%,21.25%,31.75%,31.75%,65%,65%," 160,645 "," 104,419 "," 104,419 "
,US69608A1088,PLTR US,"1,900",PALANTIR TECHNOLOGIES INC-A,24,,USD,USD, New York ,#N/A Field Not Applicable,UN,"53,106 Million",,," 2,110.90 ",,, 68.68 ,,"71,354,664",,"1,543,171,072",,,30.33%,21.25%,31.75%,31.75%,31.75%,65%,65%," 45,600 "," 29,640 "," 29,640 "
,GB00BP6MXD84,SHEL LN,"7,000",SHELL PLC,2560.5,2765.5,GBp,GBp, London ,#N/A Field Not Applicable,LN,"200,619 Million",,," 6,443.17 ",,, 22.07 ,,"7,009,319",,"210,766,747",,,10.97%,21.25%,21.25%,21.25%,21.25%,75%,75%," 227,484 "," 170,613 "," 170,613 "
,US82846H2076,SSNT UR,"1,000",SILVERSUN TECHNOLOGIES INC,14.56,,USD,#N/A, NASDAQ CM ,#N/A Field Not Applicable,#N/A,77 Million,,, 5.32 ,,, 146.80 ,,"42,871",,"657,196",,,53.82%,100.%,58.%,100.%,100.%,0%,0%," 14,560 ", -   , -   
,JP3890350006,8316 JT,"1,000",SUMITOMO MITSUI FINANCIAL GR,8687,,JPY,, Tokyo ,Tokyo Prime,,"83,381 Million",,," 1,337.53 ",,, 27.08 ,,"7,836,590",,"437,385,444",,,13.28%,21.25%,21.25%,21.25%,21.25%,75%,75%," 57,767 "," 43,325 "," 43,325 "
,JP3105040004,8515 JP,"32,000",AIFUL CORP,406,,JPY,, Tokyo ,Tokyo Prime,,"1,459 Million",,, 484.62 ,,, 25.14 ,,"2,442,350",,"6,911,466",,,12.39%,31.75%,21.25%,31.75%,31.75%,65%,65%," 86,394 "," 56,156 "," 56,156 "
,JP3528600004,6366 JP,"10,225",CHIYODA CORP,392,,JPY,, Tokyo ,Tokyo Standard,,739 Million,,, 260.32 ,,, 27.35 ,,"1,830,178",,"4,730,002",,,13.41%,52.75%,21.25%,52.75%,52.75%,45%,45%," 26,654 "," 11,994 "," 11,994 "
,JP3217100001,8020 JP,"8,009",KANEMATSU CORP,2484,,JPY,, Tokyo ,Tokyo Prime,,"1,526 Million",,, 84.50 ,,, 22.35 ,,"356,265",,"5,885,680",,,11.1%,31.75%,21.25%,31.75%,31.75%,65%,65%," 132,294 "," 85,991 "," 85,991 "
,JP3663900003,2768 JP,"9,317",SOJITZ CORP,3972,,JPY,, Tokyo ,Tokyo Prime,,"6,450 Million",,, 225.00 ,,, 27.50 ,,"1,466,260",,"38,371,471",,,13.47%,21.25%,21.25%,21.25%,21.25%,75%,75%," 246,091 "," 184,568 "," 184,568 "
,JP3409400003,4203 JP,441,SUMITOMO BAKELITE CO LTD,8977,,JPY,, Tokyo ,Tokyo Prime,,"3,025 Million",,, 46.88 ,,, 27.73 ,,"185,560",,"10,604,821",,,13.58%,31.75%,21.25%,31.75%,31.75%,65%,65%," 26,326 "," 17,112 "," 17,112 "
,JP3449020001,5233 JP,"2,000",TAIHEIYO CEMENT CORP,3418,,JPY,, Tokyo ,Tokyo Prime,,"2,983 Million",,, 121.99 ,,, 24.72 ,,"468,315",,"10,321,316",,,12.2%,31.75%,21.25%,31.75%,31.75%,65%,65%," 45,458 "," 29,548 "," 29,548 "
,JP3579800008,5423 JP,"20,865",TOKYO STEEL MFG CO LTD,1674,,JPY,, Tokyo ,Tokyo Prime,,"1,902 Million",,, 155.06 ,,, 34.65 ,,"438,660",,"5,459,407",,,16.67%,31.75%,21.25%,31.75%,31.75%,65%,65%," 232,265 "," 150,972 "," 150,972 "
,JP3481800005,6367 JP,95,DAIKIN INDUSTRIES LTD,20195,,JPY,, Tokyo ,Tokyo Prime,,"43,317 Million",,, 293.11 ,,, 29.96 ,,"1,304,490",,"207,887,636",,,14.58%,21.25%,21.25%,21.25%,21.25%,75%,75%," 12,758 "," 9,568 "," 9,568 "
,JP3720800006,6471 JP,"25,558",NSK LTD,832.9,,JPY,, Tokyo ,Tokyo Prime,,"3,043 Million",,, 500.00 ,,, 25.63 ,,"1,930,857",,"11,055,442",,,12.62%,31.75%,21.25%,31.75%,31.75%,65%,65%," 141,556 "," 92,012 "," 92,012 "
,JP3502200003,8601 JP,"10,000",DAIWA SECURITIES GROUP INC,1131.5,,JPY,, Tokyo ,Tokyo Prime,,"13,073 Million",,," 1,569.38 ",,, 26.82 ,,"6,198,252",,"46,637,697",,,13.16%,21.25%,21.25%,21.25%,21.25%,75%,75%," 75,243 "," 56,432 "," 56,432 "
,JP3551500006,6902 JP,"13,960",DENSO CORP,2808,,JPY,, Tokyo ,Tokyo Prime,,"65,667 Million",,," 3,151.78 ",,, 27.63 ,,"12,346,360",,"211,550,830",,,13.53%,21.25%,21.25%,21.25%,21.25%,75%,75%," 260,671 "," 195,503 "," 195,503 "
,JP3818000006,6702 JP,"1,643",FUJITSU LIMITED,25130,,JPY,, Tokyo ,Tokyo Prime,,"37,705 Million",,, 207.11 ,,, 26.45 ,,"799,115",,"127,079,963",,,12.99%,21.25%,21.25%,21.25%,21.25%,75%,75%," 274,562 "," 205,921 "," 205,921 "
,JP3210200006,1812 JP,"17,875",KAJIMA CORP,3080,,JPY,, Tokyo ,Tokyo Prime,,"11,721 Million",,, 528.66 ,,, 28.33 ,,"1,914,300",,"37,326,999",,,13.85%,21.25%,21.25%,21.25%,21.25%,75%,75%," 366,106 "," 274,579 "," 274,579 "
,JP3047460005,1570 JP,"2,000",NF NIKKEI 225 LEVERAGED ETF,29550,,JPY,, Tokyo ,Tokyo Investment Trust,,"2,320 Million",,, 10.80 ,,, 33.52 ,,"6,011,674",,"1,091,781,737",,,16.17%,31.75%,21.25%,31.75%,31.75%,65%,65%," 393,004 "," 255,453 "," 255,453 "
,ID1000066400,TBMS IJ,"60,000",TEMBAGA MULIA SEMANAN TBK PT,905,,IDR,IDR, Indonesia ,#N/A Field Not Applicable,IJ,43 Million,,, 734.68 ,,, 62.88 ,,"230,214",,"19,672",,,29.01%,100.%,31.75%,100.%,100.%,0%,0%," 3,455 ", -   , -   
,CNE1000001Z5,3988 HK,"20,000,000",BANK OF CHINA LTD-H,3.2,3.22,HKD,HKD, Hong Kong ,#N/A Field Not Applicable,HK,"159,769 Million",,," 83,622.28 ",,, 22.10 ,,"250,314,300",,"96,928,763",,,10.98%,21.25%,21.25%,21.25%,21.25%,75%,75%," 8,182,574 "," 6,136,930 "," 6,136,930 "
,SG1H44875935,CAH SP,"3,932,000",CAPALLIANZ HOLDINGS LTD,0.002,,SGD,SGD, Singapore ,#N/A Field Not Applicable,SP,12 Million,,," 8,552.54 ",,, 668.77 ,,"1,378,273",,"1,403",,,99.54%,100.%,100.%,100.%,100.%,0%,0%," 5,858 ", -   , -   
,SGXC16332337,CLAS SP,570,CAPITALAND ASCOTT TRUST,0.905,,SGD,#N/A, Singapore ,#N/A Field Not Applicable,#N/A,"2,496 Million",,," 3,776.05 ",,, 21.75 ,,"5,993,918",,"4,095,131",,,10.81%,31.75%,21.25%,31.75%,42.25%,55%,55%, 384 , 211 , 211 
,SG1M51904654,CICT SP,"11,546",CAPITALAND INTEGRATED COMMER,1.92,,SGD,#N/A, Singapore ,#N/A Field Not Applicable,#N/A,"9,256 Million",,," 6,671.73 ",,, 19.70 ,,"22,354,750",,"32,024,898",,,9.85%,21.25%,21.25%,21.25%,21.25%,75%,75%," 16,514 "," 12,385 "," 12,385 "
,SGXE62145532,CLI SP,"10,000",CAPITALAND INVESTMENT LTD/SI,2.67,,SGD,SGD, Singapore ,#N/A Field Not Applicable,SP,"9,811 Million",,," 5,077.96 ",,, 22.67 ,,"9,665,368",,"20,220,925",,,11.24%,21.25%,21.25%,21.25%,21.25%,75%,75%," 19,890 "," 14,917 "," 14,917 "
,SG1L01001701,DBS SP,17,DBS GROUP HOLDINGS LTD,34.9,,SGD,SGD, Singapore ,#N/A Field Not Applicable,SP,"65,707 Million",,," 2,585.47 ",,, 14.58 ,,"4,001,855",,"95,555,927",,,7.38%,21.25%,21.25%,21.25%,21.25%,75%,75%, 442 , 331 , 331 
,SGXC59097235,ELITE SP,"156,000",ELITE COMMERCIAL REIT,0.24,#N/A,GBP,#N/A, Singapore ,#N/A Field Not Applicable,#N/A,163 Million,,, 586.32 ,,, 46.00 ,,"148,269",,479,,,26.49%,100.%,26.5%,100.%,100.%,0%,0%, 475 , -   , -   
,KR7005380001,005380 KS,70,HYUNDAI MOTOR CO,242500,,KRW,KRW, Korea SE ,#N/A Field Not Applicable,KP,,,, 211.53 ,,, 26.85 ,,"1,266,889",,,,,0.%,21.25%,21.25%,21.25%,#N/A,0%,0%, -   , -   , -   
,US64110L1061,NFLX US,30,NETFLIX INC,618.39,,USD,USD, NASDAQ GS ,#N/A Field Not Applicable,UW,"267,614 Million",,, 432.76 ,,, 36.57 ,,"4,624,009",,"2,510,547,200",,,17.51%,21.25%,21.25%,21.25%,21.25%,75%,75%," 18,552 "," 13,914 "," 13,914 "
,SG1S04926220,OCBC SP,"9,000",OVERSEA-CHINESE BANKING CORP,13.36,,SGD,SGD, Singapore ,#N/A Field Not Applicable,SP,"43,654 Million",,," 4,495.33 ",,, 12.78 ,,"5,027,976",,"47,435,118",,,6.51%,21.25%,21.25%,21.25%,21.25%,75%,75%," 89,571 "," 67,178 "," 67,178 "
,SG1W45939194,STTF SP,"2,500",SPDR STRAITS TIMES INDEX ETF,3.174,,SGD,SGD, Singapore ,#N/A Field Not Applicable,SP,"1,084 Million",,, 469.35 ,,, 10.32 ,,"531,685",,"1,237,621",,,5.28%,31.75%,21.25%,31.75%,31.75%,65%,65%," 5,911 "," 3,842 "," 3,842 "
,US8552441094,SBUX UW,225,STARBUCKS CORP,91.01,,USD,USD, NASDAQ GS ,#N/A Field Not Applicable,UW,"103,042 Million",,," 1,132.20 ",,, 22.22 ,,"2,773,510",,"259,630,528",,,11.03%,21.25%,21.25%,21.25%,21.25%,75%,75%," 20,477 "," 15,358 "," 15,358 "
,SG1S18926810,SGREIT SP,"69,000",STARHILL GLOBAL REIT,0.475,,SGD,#N/A, Singapore ,#N/A Field Not Applicable,#N/A,779 Million,,," 2,259.01 ",,, 18.81 ,,"1,337,595",,"484,591",,,9.42%,52.75%,21.25%,52.75%,84.25%,15%,15%," 24,415 "," 3,662 "," 3,662 "
,US2546871060,DIS US,65,WALT DISNEY CO/THE,113.85,,USD,USD, New York ,#N/A Field Not Applicable,UN,"208,835 Million",,," 1,834.30 ",,, 27.90 ,,"12,375,387",,"1,251,431,936",,,13.65%,21.25%,21.25%,21.25%,21.25%,75%,75%," 7,400 "," 5,550 "," 5,550 "
,JP3422950000,3382 JP,"17,400",SEVEN & I HOLDINGS CO LTD,2144,,JPY,, Tokyo ,Tokyo Prime,,"41,081 Million",,," 2,633.23 ",,, 24.39 ,,"7,832,757",,"112,483,224",,,12.05%,21.25%,21.25%,21.25%,21.25%,75%,75%," 248,076 "," 186,057 "," 186,057 "
,JP3463000004,4502 JP,"6,200",TAKEDA PHARMACEUTICAL CO LTD,4361,,JPY,, Tokyo ,Tokyo Prime,,"49,772 Million",,," 1,582.41 ",,, 17.80 ,,"4,527,302",,"139,384,079",,,8.94%,21.25%,21.25%,21.25%,21.25%,75%,75%," 179,799 "," 134,849 "," 134,849 "
,JP3705200008,9201 JP,"24,000",JAPAN AIRLINES CO LTD,2797,,JPY,, Tokyo ,Tokyo Prime,,"8,888 Million",,, 437.14 ,,, 19.55 ,,"3,233,792",,"64,741,864",,,9.78%,21.25%,21.25%,21.25%,21.25%,75%,75%," 446,389 "," 334,792 "," 334,792 "
,JP3752900005,6178 JP,"123,000",JAPAN POST HOLDINGS CO LTD,1509,,JPY,, Tokyo ,Tokyo Prime,,"37,833 Million",,," 3,461.05 ",,, 22.54 ,,"8,641,960",,"86,346,505",,,11.19%,21.25%,21.25%,21.25%,21.25%,75%,75%," 1,234,253 "," 925,690 "," 925,690 "
,JP3174410005,3861 JP,"102,000",OJI HOLDINGS CORP,611.7,,JPY,, Tokyo ,Tokyo Prime,,"4,445 Million",,," 1,014.38 ",,, 22.53 ,,"7,255,844",,"29,852,920",,,11.18%,31.75%,21.25%,31.75%,31.75%,65%,65%," 414,905 "," 269,688 "," 269,688 "
,JP3866800000,6752 JP,"42,000",PANASONIC HOLDINGS CORP,1416,,JPY,, Tokyo ,Tokyo Prime,,"25,541 Million",,," 2,454.26 ",,, 30.12 ,,"9,817,707",,"99,623,680",,,14.66%,21.25%,21.25%,21.25%,21.25%,75%,75%," 395,478 "," 296,609 "," 296,609 "
,JP3435000009,6758 JP,"5,800",SONY GROUP CORP,13330,,JPY,, Tokyo ,Tokyo Prime,,"121,964 Million",,," 1,261.23 ",,, 25.64 ,,"3,951,802",,"387,273,080",,,12.62%,21.25%,21.25%,21.25%,21.25%,75%,75%," 514,124 "," 385,593 "," 385,593 "
,JP3322930003,3436 JP,"33,000",SUMCO CORP,2372,,JPY,, Tokyo ,Tokyo Prime,,"6,014 Million",,, 350.18 ,,, 26.11 ,,"6,144,020",,"102,031,180",,,12.84%,21.25%,21.25%,21.25%,21.25%,75%,75%," 520,521 "," 390,391 "," 390,391 "
,JP3783600004,9020 JP,"9,700",EAST JAPAN RAILWAY CO,8954,,JPY,, Tokyo ,Tokyo Prime,,"24,654 Million",,, 378.14 ,,, 18.36 ,,"1,189,423",,"74,137,869",,,9.21%,21.25%,21.25%,21.25%,21.25%,75%,75%," 577,562 "," 433,172 "," 433,172 "
,JP3385820000,6674 JP,"18,000",GS YUASA CORP,3020,,JPY,, Tokyo ,Tokyo Prime,,"2,184 Million",,, 100.45 ,,, 34.31 ,,"1,204,758",,"20,905,618",,,16.52%,31.75%,21.25%,31.75%,31.75%,65%,65%," 361,484 "," 234,965 "," 234,965 "
,JP3496400007,9433 JP,"5,000",KDDI CORP,4554,,JPY,, Tokyo ,Tokyo Prime,,"76,448 Million",,," 2,302.71 ",,, 17.35 ,,"5,057,274",,"168,239,457",,,8.72%,21.25%,21.25%,21.25%,21.25%,75%,75%," 151,416 "," 113,562 "," 113,562 "
,JP3898400001,8058 JP,"4,900",MITSUBISHI CORP,3420,,JPY,, Tokyo ,Tokyo Prime,,"103,552 Million",,," 4,179.02 ",,, 28.63 ,,"16,759,280",,"340,616,783",,,13.99%,21.25%,21.25%,21.25%,21.25%,75%,75%," 111,438 "," 83,578 "," 83,578 "
,JP3899600005,8802 JP,"10,000",MITSUBISHI ESTATE CO LTD,2576.5,,JPY,, Tokyo ,Tokyo Prime,,"25,817 Million",,," 1,324.29 ",,, 25.42 ,,"5,827,110",,"91,573,964",,,12.52%,21.25%,21.25%,21.25%,21.25%,75%,75%," 171,333 "," 128,499 "," 128,499 "
,NL0013654783,PRX NA,"12,424",PROSUS NV,27.315,,EUR,EUR, EN Amsterdam ,#N/A Field Not Applicable,NA,"72,389 Million",,," 2,577.42 ",,, 35.47 ,,"3,235,617",,"92,216,559",,,17.03%,21.25%,21.25%,21.25%,21.25%,75%,75%," 368,191 "," 276,143 "," 276,143 "
,JP3351600006,4911 JP,"7,200",SHISEIDO CO LTD,4223,,JPY,, Tokyo ,Tokyo Prime,,"12,176 Million",,, 400.00 ,,, 32.94 ,,"3,425,812",,"102,092,176",,,15.92%,21.25%,21.25%,21.25%,21.25%,75%,75%," 202,192 "," 151,644 "," 151,644 "
,JP3165000005,8630 JP,"3,000",SOMPO HOLDINGS INC,9176,,JPY,, Tokyo ,Tokyo Prime,,"22,197 Million",,, 330.16 ,,, 25.27 ,,"1,251,105",,"72,396,652",,,12.45%,21.25%,21.25%,21.25%,21.25%,75%,75%," 183,056 "," 137,292 "," 137,292 "
,JP3538400007,8841 JP,"9,000",TOC CO LTD,676,,JPY,, Tokyo ,Tokyo Standard,,465 Million,,, 93.85 ,,, 24.96 ,,"131,057",,"642,242",,,12.31%,63.25%,21.25%,63.25%,63.25%,35%,35%," 40,458 "," 14,160 "," 14,160 "
,JP3582600007,8804 JT,"2,800",TOKYO TATEMONO CO LTD,2215,,JPY,, Tokyo ,Tokyo Prime,,"3,574 Million",,, 209.17 ,,, 25.58 ,,"1,036,525",,"16,281,220",,,12.59%,31.75%,21.25%,31.75%,31.75%,65%,65%," 41,242 "," 26,807 "," 26,807 "
,SG1M77906915,CLAR SP,"70,080",CAPITALAND ASCENDAS REIT,2.66,,SGD,#N/A, Singapore ,#N/A Field Not Applicable,#N/A,"8,489 Million",,," 4,393.61 ",,, 19.02 ,,"12,531,150",,"25,698,446",,,9.53%,21.25%,21.25%,21.25%,21.25%,75%,75%," 138,865 "," 104,149 "," 104,149 "
,US81141R1005,SE US,366,SEA LTD-ADR,57.85,,USD,, New York ,#N/A Field Not Applicable,#N/A,"32,787 Million",,, 521.23 ,,, 65.35 ,,"7,609,302",,"338,186,848",,,29.1%,21.25%,31.75%,31.75%,31.75%,65%,65%," 21,173 "," 13,763 "," 13,763 "
,SG2D00968206,HPHT SP,"500,000",HUTCHISON PORT HOLDINGS TR-U,0.121,,USD,, Singapore ,#N/A Field Not Applicable,SP,"1,080 Million",,," 8,711.10 ",,, 27.35 ,,"5,205,415",,"737,870",,,13.4%,31.75%,21.25%,31.75%,42.25%,55%,55%," 60,500 "," 33,275 "," 33,275 "
,JP3914400001,6981 JT,"27,000",MURATA MANUFACTURING CO LTD,2904,,JPY,, Tokyo ,Tokyo Prime,,"42,409 Million",,," 2,027.44 ",,, 25.27 ,,"5,321,404",,"113,446,440",,,12.45%,21.25%,21.25%,21.25%,21.25%,75%,75%," 521,399 "," 391,049 "," 391,049 "
,JP3732000009,9434 JP,"20,000",SOFTBANK CORP,1977.5,,JPY,, Tokyo ,Tokyo Prime,,"69,835 Million",,," 4,798.96 ",,, 12.68 ,,"8,266,315",,"113,796,824",,,6.46%,21.25%,21.25%,21.25%,21.25%,75%,75%," 263,000 "," 197,250 "," 197,250 "
,SG2G02994595,PGNREIT SP,"18,768",PARAGON REIT,0.825,,SGD,, Singapore ,#N/A Field Not Applicable,#N/A,"1,682 Million",,," 2,841.86 ",,, 17.69 ,,"794,129",,"487,249",,,8.89%,31.75%,21.25%,31.75%,42.25%,55%,55%," 11,534 "," 6,344 "," 6,344 "
,SG1V61937297,SIA SP,"5,000",SINGAPORE AIRLINES LTD,6.36,,SGD,, Singapore ,#N/A Field Not Applicable,SP,"13,651 Million",,," 2,973.85 ",,, 22.08 ,,"6,073,219",,"29,333,106",,,10.97%,21.25%,21.25%,21.25%,21.25%,75%,75%," 23,689 "," 17,767 "," 17,767 "
,HK0880043028,880 HK,"58,788",SJM HOLDINGS LTD,2.33,2.49,HKD,HKD, Hong Kong ,#N/A Field Not Applicable,HK,"2,109 Million",,," 7,101.81 ",,, 32.37 ,,"8,429,636",,"2,548,376",,,15.66%,31.75%,21.25%,31.75%,31.75%,65%,65%," 17,513 "," 11,383 "," 11,383 "
,US9043111072,UAA US,"20,000",UNDER ARMOUR INC-CLASS A,7.23,,USD,, New York ,#N/A Field Not Applicable,UN,"3,081 Million",,, 188.80 ,,, 42.97 ,,"7,286,070",,"58,807,744",,,20.24%,31.75%,21.25%,31.75%,42.25%,55%,55%," 144,600 "," 79,530 "," 79,530 "
,US33939L4077,GUNR US,540,FLEXSHARES GLOBAL UPSTREAM N,39.95,,USD,, NYSE Arca ,#N/A Field Not Applicable,UP,"6,462 Million",,, 161.75 ,,, 17.08 ,,"799,511",,"31,377,816",,,8.6%,21.25%,21.25%,21.25%,21.25%,75%,75%," 21,573 "," 16,180 "," 16,180 "
,US4642863504,VEGI US,540,ISHARES MSCI AGRICULTURE PRO,37.3989,,USD,, NYSE Arca ,#N/A Field Not Applicable,UP,129 Million,,, 3.45 ,,, 16.32 ,,"30,405",,"1,121,959",,,8.23%,100.%,21.25%,100.%,100.%,0%,0%," 20,195 ", -   , -   
,JP3201200007,7733 JP,"6,500",OLYMPUS CORP,2177,,JPY,, Tokyo ,Tokyo Prime,,"19,154 Million",,," 1,215.15 ",,, 30.29 ,,"4,394,089",,"67,855,600",,,14.74%,21.25%,21.25%,21.25%,21.25%,75%,75%," 94,098 "," 70,574 "," 70,574 "
,AU000000ANZ3,ANZ AT,"50,127",ANZ GROUP HOLDINGS LTD,28.86,,AUD,, ASE ,#N/A Field Not Applicable,AT,"58,473 Million",,," 3,007.51 ",,, 16.41 ,,"4,981,787",,"91,853,305",,,8.28%,21.25%,21.25%,21.25%,21.25%,75%,75%," 942,514 "," 706,886 "," 706,886 "
,AU000000BHP4,BHP AT,"3,500",BHP GROUP LTD,42.41,,AUD,, ASE ,#N/A Field Not Applicable,AT,"149,157 Million",,," 5,068.74 ",,, 21.61 ,,"7,401,083",,"229,398,704",,,10.75%,21.25%,21.25%,21.25%,21.25%,75%,75%," 96,707 "," 72,530 "," 72,530 "
,SG1T70931228,EREIT SP,"306,650",ESR-LOGOS REIT,0.295,,SGD,, Singapore ,#N/A Field Not Applicable,#N/A,"1,647 Million",,," 7,688.80 ",,, 31.98 ,,"12,929,590",,"2,914,444",,,15.49%,31.75%,21.25%,31.75%,42.25%,55%,55%," 67,388 "," 37,063 "," 37,063 "
,AU000000NAB4,NAB AT,"47,113",NATIONAL AUSTRALIA BANK LTD,34.03,,AUD,, ASE ,#N/A Field Not Applicable,AT,"71,209 Million",,," 3,107.91 ",,, 18.26 ,,"4,236,630",,"92,560,116",,,9.16%,21.25%,21.25%,21.25%,21.25%,75%,75%," 1,044,534 "," 783,401 "," 783,401 "
,AU000000RIO1,RIO AT,"13,929",RIO TINTO LTD,117.48,,AUD,, ASE ,#N/A Field Not Applicable,AT,"111,086 Million",,, 371.22 ,,, 21.28 ,,"1,232,616",,"105,403,902",,,10.6%,21.25%,21.25%,21.25%,21.25%,75%,75%," 1,066,114 "," 799,586 "," 799,586 "
,SG1M31001969,UOB SP,"21,331",UNITED OVERSEAS BANK LTD,28.94,,SGD,, Singapore ,#N/A Field Not Applicable,SP,"35,275 Million",,," 1,674.69 ",,, 13.74 ,,"2,642,551",,"54,364,149",,,6.98%,21.25%,21.25%,21.25%,21.25%,75%,75%," 459,862 "," 344,897 "," 344,897 "
,SG1K66001688,WINGT SP,"52,000",WING TAI HOLDINGS LTD,1.4,,SGD,, Singapore ,#N/A Field Not Applicable,SP,763 Million,,, 761.51 ,,, 19.44 ,,"324,238",,"316,523",,,9.8%,52.75%,21.25%,52.75%,52.75%,45%,45%," 54,231 "," 24,404 "," 24,404 "
,AU0000224040,WDS AU,632,WOODSIDE ENERGY GROUP LTD,29.56,,AUD,, ASE ,#N/A Field Not Applicable,AT,"38,775 Million",,," 1,898.75 ",,, 23.23 ,,"5,542,360",,"115,381,422",,,11.51%,21.25%,21.25%,21.25%,21.25%,75%,75%," 12,171 "," 9,129 "," 9,129 "
,US0079031078,AMD UW,140,ADVANCED MICRO DEVICES,190.65,,USD,, NASDAQ GS ,#N/A Field Not Applicable,UW,"308,050 Million",,," 1,615.79 ",,, 47.95 ,,"11,777,746",,"2,035,806,464",,,22.3%,21.25%,26.5%,26.5%,26.5%,70%,70%," 26,691 "," 18,684 "," 18,684 "
,HK0000069689,1299 HK,600,AIA GROUP LTD,59.05,53.8,HKD,HKD, Hong Kong ,#N/A Field Not Applicable,HK,"82,967 Million",,," 11,293.63 ",,, 30.35 ,,"26,649,630",,"214,447,488",,,14.76%,21.25%,21.25%,21.25%,21.25%,75%,75%," 4,530 "," 3,397 "," 3,397 "
,NL0000235190,AIR FP,400,AIRBUS SE,163.22,,EUR,, EN Paris ,#N/A Field Not Applicable,FP,"136,895 Million",,, 792.28 ,,, 19.50 ,,"817,407",,"126,434,823",,,9.75%,21.25%,21.25%,21.25%,21.25%,75%,75%," 70,834 "," 53,126 "," 53,126 "
,US02079K1079,GOOG US,794,ALPHABET INC-CL C,148.48,,USD,, NASDAQ GS ,#N/A Field Not Applicable,UW,"1,840,990 Million",,," 5,671.00 ",,, 28.67 ,,"23,168,514",,"3,307,380,736",,,14.01%,21.25%,21.25%,21.25%,21.25%,75%,75%," 117,893 "," 88,420 "," 88,420 "
,US02209S1033,MO US,"3,633",ALTRIA GROUP INC,44.51,,USD,, New York ,#N/A Field Not Applicable,UN,"78,492 Million",,," 1,763.46 ",,, 18.79 ,,"10,835,212",,"448,228,096",,,9.41%,21.25%,21.25%,21.25%,21.25%,75%,75%," 161,705 "," 121,279 "," 121,279 "
,US0258161092,AXP US,250,AMERICAN EXPRESS CO,220.97,,USD,, New York ,#N/A Field Not Applicable,UN,"159,107 Million",,, 720.04 ,,, 24.07 ,,"3,189,555",,"643,249,152",,,11.9%,21.25%,21.25%,21.25%,21.25%,75%,75%," 55,243 "," 41,432 "," 41,432 "
,US0378331005,AAPL US,460,APPLE INC,173.72,,USD,, NASDAQ GS ,#N/A Field Not Applicable,UW,"2,682,564 Million",,," 15,441.88 ",,, 19.23 ,,"58,787,444",,"10,782,579,712",,,9.62%,21.25%,21.25%,21.25%,21.25%,75%,75%," 79,911 "," 59,933 "," 59,933 "
,US00206R1023,T US,"3,700",AT&T INC,17.3,,USD,, New York ,#N/A Field Not Applicable,UN,"123,743 Million",,," 7,152.79 ",,, 27.58 ,,"38,635,688",,"656,596,160",,,13.51%,21.25%,21.25%,21.25%,21.25%,75%,75%," 64,010 "," 48,008 "," 48,008 "
,US0886061086,BHP US,400,BHP GROUP LTD-SPON ADR,55.88,,USD,, New York ,#N/A Field Not Applicable,#N/A,"141,621 Million",,," 2,534.37 ",,, 27.55 ,,"2,493,408",,"152,051,472",,,13.49%,21.25%,21.25%,21.25%,21.25%,75%,75%," 22,352 "," 16,764 "," 16,764 "
,CNE1000002Q2,386 HK,"88,000",CHINA PETROLEUM & CHEMICAL-H,4.53,4.45,HKD,HKD, Hong Kong ,#N/A Field Not Applicable,HK,"95,387 Million",,," 24,377.28 ",,, 29.33 ,,"98,596,570",,"52,496,160",,,14.3%,21.25%,21.25%,21.25%,21.25%,75%,75%," 50,967 "," 38,225 "," 38,225 "
,US2605571031,DOW US,"1,800",DOW INC,56.74,,USD,, New York ,#N/A Field Not Applicable,UN,"39,903 Million",,, 703.27 ,,, 21.98 ,,"4,824,360",,"265,785,840",,,10.92%,21.25%,21.25%,21.25%,21.25%,75%,75%," 102,132 "," 76,599 "," 76,599 "
,US5324571083,LLY US,20,ELI LILLY & CO,762.66,,USD,, New York ,#N/A Field Not Applicable,UN,"724,652 Million",,, 950.16 ,,, 29.08 ,,"3,195,469",,"2,213,092,608",,,14.19%,21.25%,21.25%,21.25%,21.25%,75%,75%," 15,253 "," 11,440 "," 11,440 "
,HK0011000095,11 HK,"7,724",HANG SENG BANK LTD,86.95,90.05,HKD,HKD, Hong Kong ,#N/A Field Not Applicable,HK,"21,092 Million",,," 1,911.84 ",,, 25.17 ,,"1,835,741",,"20,194,179",,,12.41%,21.25%,21.25%,21.25%,21.25%,75%,75%," 85,866 "," 64,400 "," 64,400 "
,US4581401001,INTC UW,"2,148",INTEL CORP,42.71,,USD,, NASDAQ GS ,#N/A Field Not Applicable,UW,"180,578 Million",,," 4,228.00 ",,, 39.99 ,,"13,063,938",,"591,502,016",,,18.98%,21.25%,21.25%,21.25%,21.25%,75%,75%," 91,741 "," 68,806 "," 68,806 "
,US4592001014,IBM US,"1,620",INTL BUSINESS MACHINES CORP,191.69,,USD,, New York ,#N/A Field Not Applicable,UN,"175,731 Million",,, 916.74 ,,, 19.15 ,,"5,031,593",,"912,529,856",,,9.59%,21.25%,21.25%,21.25%,21.25%,75%,75%," 310,538 "," 232,903 "," 232,903 "
,US5398301094,LMT US,250,LOCKHEED MARTIN CORP,433.2,,USD,, New York ,#N/A Field Not Applicable,UN,"104,183 Million",,, 240.50 ,,, 17.92 ,,"1,150,956",,"503,122,112",,,9.%,21.25%,21.25%,21.25%,21.25%,75%,75%," 108,300 "," 81,225 "," 81,225 "
,US58933Y1055,MRK US,240,MERCK & CO. INC.,121.44,,USD,, New York ,#N/A Field Not Applicable,UN,"307,564 Million",,," 2,532.64 ",,, 17.95 ,,"8,397,387",,"1,011,383,488",,,9.02%,21.25%,21.25%,21.25%,21.25%,75%,75%," 29,146 "," 21,859 "," 21,859 "
,US6668071029,NOC US,175,NORTHROP GRUMMAN CORP,462.39,,USD,, New York ,#N/A Field Not Applicable,UN,"69,375 Million",,, 150.04 ,,, 21.30 ,,"919,535",,"419,729,600",,,10.6%,21.25%,21.25%,21.25%,21.25%,75%,75%," 80,918 "," 60,689 "," 60,689 "
,US6706991071,QQQX US,"10,000",NUVEEN NASDAQ 100 DYN OVERWR,23.27,,USD,, NASDAQ GS ,#N/A Field Not Applicable,UW,"1,136 Million",,, 48.83 ,,, 16.39 ,,"131,233",,"3,066,533",,,8.26%,31.75%,21.25%,31.75%,31.75%,65%,65%," 232,700 "," 151,255 "," 151,255 "
,US7170811035,PFE US,"4,100",PFIZER INC,27.72,,USD,, New York ,#N/A Field Not Applicable,UN,"156,529 Million",,," 5,646.78 ",,, 24.20 ,,"45,326,256",,"1,256,373,248",,,11.96%,21.25%,21.25%,21.25%,21.25%,75%,75%," 113,652 "," 85,239 "," 85,239 "
,US7181721090,PM US,"1,630",PHILIP MORRIS INTERNATIONAL,95.33,,USD,, New York ,#N/A Field Not Applicable,UN,"147,996 Million",,," 1,552.46 ",,, 17.00 ,,"4,932,958",,"455,156,576",,,8.56%,21.25%,21.25%,21.25%,21.25%,75%,75%," 155,388 "," 116,541 "," 116,541 "
,US8085131055,SCHW US,720,SCHWAB (CHARLES) CORP,67.4,,USD,, New York ,#N/A Field Not Applicable,UN,"122,962 Million",,," 1,773.48 ",,, 41.44 ,,"7,818,431",,"512,041,216",,,19.59%,21.25%,21.25%,21.25%,21.25%,75%,75%," 48,528 "," 36,396 "," 36,396 "
,AU000000TLS2,TLS AT,"26,000",TELSTRA GROUP LTD,3.82,,AUD,, ASE ,#N/A Field Not Applicable,AT,"29,485 Million",,," 11,554.43 ",,, 12.99 ,,"22,573,010",,"59,636,833",,,6.61%,21.25%,21.25%,21.25%,21.25%,75%,75%," 64,708 "," 48,531 "," 48,531 "
,US8825081040,TXN US,"1,050",TEXAS INSTRUMENTS INC,169.21,,USD,, NASDAQ GS ,#N/A Field Not Applicable,UW,"153,861 Million",,, 909.29 ,,, 23.63 ,,"5,569,655",,"931,258,688",,,11.69%,21.25%,21.25%,21.25%,21.25%,75%,75%," 177,671 "," 133,253 "," 133,253 "
,US8923313071,TM US,200,TOYOTA MOTOR CORP -SPON ADR,238.66,,USD,, New York ,#N/A Field Not Applicable,#N/A,"389,373 Million",,," 1,631.50 ",,, 24.86 ,,"310,203",,"66,104,792",,,12.26%,21.25%,21.25%,21.25%,21.25%,75%,75%," 47,732 "," 35,799 "," 35,799 "
,HK2800008867,2800 HK,"10,500",TRACKER FUND OF HONG KONG-B,16.96,16.83,HKD,HKD, Hong Kong ,#N/A Field Not Applicable,HK,"15,992 Million",,," 7,459.99 ",,, 23.77 ,,"376,837,700",,"789,374,920",,,11.76%,21.25%,21.25%,21.25%,21.25%,75%,75%," 22,768 "," 17,076 "," 17,076 "
,US92343V1044,VZ US,"2,200",VERIZON COMMUNICATIONS INC,39.93,,USD,, New York ,#N/A Field Not Applicable,UN,"167,877 Million",,," 4,204.27 ",,, 24.56 ,,"20,071,384",,"801,423,296",,,12.12%,21.25%,21.25%,21.25%,21.25%,75%,75%," 87,846 "," 65,885 "," 65,885 "
,US92826C8394,V US,591,VISA INC-CLASS A SHARES,285.05,,USD,, New York ,#N/A Field Not Applicable,UN,"587,486 Million",,," 1,581.59 ",,, 15.06 ,,"5,427,051",,"1,479,673,472",,,7.62%,21.25%,21.25%,21.25%,21.25%,75%,75%," 168,465 "," 126,348 "," 126,348 "
,US92857W3088,VOD UW,"27,530",VODAFONE GROUP PLC-SP ADR,8.61,,USD,, NASDAQ GS ,#N/A Field Not Applicable,#N/A,"23,316 Million",,," 2,708.00 ",,, 27.39 ,,"2,043,747",,"17,750,440",,,13.42%,21.25%,21.25%,21.25%,31.75%,65%,65%," 237,033 "," 154,072 "," 154,072 "
,GB00BH4HKS39,VOD LN,"25,700",VODAFONE GROUP PLC,67.33,70.1,GBp,GBp, London ,#N/A Field Not Applicable,LN,"21,782 Million",,," 27,079.99 ",,, 27.99 ,,"69,293,740",,"56,927,001",,,13.7%,21.25%,21.25%,21.25%,31.75%,65%,65%," 21,962 "," 14,275 "," 14,275 "
,AU000000WBC1,WBC AT,"5,400",WESTPAC BANKING CORP,26.33,,AUD,, ASE ,#N/A Field Not Applicable,AT,"61,774 Million",,," 3,485.93 ",,, 17.50 ,,"6,550,038",,"109,378,046",,,8.8%,21.25%,21.25%,21.25%,21.25%,75%,75%," 92,633 "," 69,475 "," 69,475 "
,JP3148800000,4062 JP,"1,416",IBIDEN CO LTD,6959,,JPY,, Tokyo ,Tokyo Prime,,"6,747 Million",,, 140.86 ,,, 44.08 ,,"1,803,252",,"96,310,367",,,20.7%,21.25%,21.25%,21.25%,21.25%,75%,75%," 65,527 "," 49,145 "," 49,145 "
,US0231351067,AMZN US,"2,166",AMAZON.COM INC,174.48,,USD,, NASDAQ GS ,#N/A Field Not Applicable,UW,"1,812,390 Million",,," 10,387.38 ",,, 30.54 ,,"45,128,892",,"7,377,605,120",,,14.85%,21.25%,21.25%,21.25%,21.25%,75%,75%," 377,924 "," 283,443 "," 283,443 "
,US02376R1023,AAL US,"10,230",AMERICAN AIRLINES GROUP INC,14.11,,USD,, NASDAQ GS ,#N/A Field Not Applicable,UW,"9,221 Million",,, 653.54 ,,, 37.88 ,,"34,078,624",,"489,575,168",,,18.07%,21.25%,21.25%,21.25%,21.25%,75%,75%," 144,345 "," 108,259 "," 108,259 "
,JP3429800000,9202 JP,"15,000",ANA HOLDINGS INC,3206,,JPY,, Tokyo ,Tokyo Prime,,"11,134 Million",,, 484.29 ,,, 17.21 ,,"2,331,980",,"53,554,523",,,8.66%,21.25%,21.25%,21.25%,21.25%,75%,75%," 319,790 "," 239,842 "," 239,842 "
,US03823U1025,AAOI US,"15,000",APPLIED OPTOELECTRONICS INC,12.98,,USD,, NASDAQ GM ,#N/A Field Not Applicable,UQ,498 Million,,, 38.40 ,,, 138.22 ,,"3,351,556",,"59,313,796",,,51.68%,63.25%,52.75%,63.25%,63.25%,35%,35%," 194,700 "," 68,145 "," 68,145 "
,US11135F1012,AVGO US,200,BROADCOM INC,1237.24,,USD,, NASDAQ GS ,#N/A Field Not Applicable,UW,"573,363 Million",,, 463.42 ,,, 34.53 ,,"3,015,433",,"3,693,797,632",,,16.61%,21.25%,21.25%,21.25%,21.25%,75%,75%," 247,448 "," 185,586 "," 185,586 "
,JP3802400006,6954 JP,"10,000",FANUC CORP,4372,,JPY,, Tokyo ,Tokyo Prime,,"31,968 Million",,," 1,003.07 ",,, 24.56 ,,"4,033,988",,"122,917,810",,,12.12%,21.25%,21.25%,21.25%,21.25%,75%,75%," 290,730 "," 218,048 "," 218,048 "
,JP3236200006,6861 JP,700,KEYENCE CORP,70550,,JPY,, Tokyo ,Tokyo Prime,,"124,566 Million",,, 243.21 ,,, 25.78 ,,"597,697",,"288,044,041",,,12.69%,21.25%,21.25%,21.25%,21.25%,75%,75%," 328,401 "," 246,301 "," 246,301 "
,JP3979200007,6920 JP,990,LASERTEC CORP,40420,,JPY,, Tokyo ,Tokyo Prime,,"28,261 Million",,, 94.29 ,,, 42.38 ,,"9,192,767",,"2,523,913,356",,,19.99%,21.25%,21.25%,21.25%,21.25%,75%,75%," 266,098 "," 199,573 "," 199,573 "
,US5500211090,LULU UW,"1,190",LULULEMON ATHLETICA INC,459.57,,USD,, NASDAQ GS ,#N/A Field Not Applicable,UW,"57,993 Million",,, 121.07 ,,, 30.08 ,,"416,460",,"197,268,080",,,14.64%,21.25%,21.25%,21.25%,21.25%,75%,75%," 546,888 "," 410,166 "," 410,166 "
,JP3877600001,8002 JP,"25,000",MARUBENI CORP,2507.5,,JPY,, Tokyo ,Tokyo Prime,,"30,722 Million",,," 1,676.30 ",,, 28.78 ,,"6,002,327",,"104,874,057",,,14.05%,21.25%,21.25%,21.25%,21.25%,75%,75%," 416,861 "," 312,645 "," 312,645 "
,JP3734800000,6594 JP,"20,000",NIDEC CORP,5881,,JPY,, Tokyo ,Tokyo Prime,,"26,128 Million",,, 596.28 ,,, 29.29 ,,"3,351,243",,"136,515,842",,,14.28%,21.25%,21.25%,21.25%,21.25%,75%,75%," 782,152 "," 586,614 "," 586,614 "
,US6541061031,NKE US,"2,500",NIKE INC -CL B,98.74,,USD,, New York ,#N/A Field Not Applicable,UN,"149,603 Million",,," 1,217.23 ",,, 27.77 ,,"9,377,323",,"980,025,024",,,13.59%,21.25%,21.25%,21.25%,21.25%,75%,75%," 246,850 "," 185,138 "," 185,138 "
,US86800U1043,SMCI US,400,SUPER MICRO COMPUTER INC,1000.68,,USD,, NASDAQ GS ,#N/A Field Not Applicable,UW,"55,971 Million",,, 55.93 ,,, 92.36 ,,"10,342,597",,"7,657,819,136",,,38.49%,21.25%,42.25%,42.25%,42.25%,55%,55%," 400,272 "," 220,150 "," 220,150 "
,JP3047510007,3281 JP,50,GLP J-REIT,122000,,JPY,, Tokyo ,Tokyo Investment Cert,,"4,441 Million",,, 4.90 ,,, 18.67 ,,"18,667",,"16,962,361",,,9.36%,31.75%,21.25%,31.75%,31.75%,65%,65%," 40,564 "," 26,367 "," 26,367 "
,JP3046190009,8963 JP,902,INVINCIBLE INVESTMENT CORP,65900,,JPY,, Tokyo ,Tokyo Investment Cert,,"3,272 Million",,, 6.74 ,,, 25.13 ,,"29,952",,"13,209,462",,,12.39%,31.75%,21.25%,31.75%,31.75%,65%,65%," 395,277 "," 256,930 "," 256,930 "
,US0605051046,BAC US,"1,664",BANK OF AMERICA CORP,36.01,,USD,, New York ,#N/A Field Not Applicable,UN,"284,142 Million",,," 7,890.64 ",,, 27.04 ,,"40,425,816",,"1,368,480,128",,,13.26%,21.25%,21.25%,21.25%,21.25%,75%,75%," 59,921 "," 44,940 "," 44,940 "
,DE0005190003,BMW GR,"1,372",BAYERISCHE MOTOREN WERKE AG,105.92,,EUR,, Xetra ,#N/A Field Not Applicable,GY,"70,451 Million",,, 579.80 ,,, 21.76 ,,"915,456",,"96,474,771",,,10.82%,21.25%,21.25%,21.25%,21.25%,75%,75%," 157,668 "," 118,251 "," 118,251 "
,US0970231058,BA UN,"2,410",BOEING CO/THE,179.84,,USD,, New York ,#N/A Field Not Applicable,UN,"109,727 Million",,, 610.14 ,,, 30.35 ,,"1,422,468",,"303,041,632",,,14.76%,21.25%,21.25%,21.25%,21.25%,75%,75%," 433,414 "," 325,061 "," 325,061 "
,US1729674242,C UN,"7,868",CITIGROUP INC,58.63,,USD,, New York ,#N/A Field Not Applicable,UN,"112,063 Million",,," 1,911.37 ",,, 25.83 ,,"4,016,544",,"217,878,736",,,12.71%,21.25%,21.25%,21.25%,21.25%,75%,75%," 461,301 "," 345,976 "," 345,976 "
,DE000DTR0CK8,DTG GY,"8,680",DAIMLER TRUCK HOLDING AG,46.86,,EUR,, Xetra ,#N/A Field Not Applicable,GY,"40,309 Million",,, 822.95 ,,, 28.32 ,,"1,270,265",,"49,281,320",,,13.85%,21.25%,21.25%,21.25%,21.25%,75%,75%," 441,298 "," 330,974 "," 330,974 "
,DE000PAG9113,P911 GY,"1,996",DR ING HC F PORSCHE AG,91.84,,EUR,, Xetra ,#N/A Field Not Applicable,GY,"86,536 Million",,, 455.50 ,,, 26.63 ,,"582,311",,"48,907,765",,,13.08%,21.25%,21.25%,21.25%,21.25%,75%,75%," 198,885 "," 149,164 "," 149,164 "
,US3453708600,F US,"9,825",FORD MOTOR CO,12.18,,USD,, New York ,#N/A Field Not Applicable,UN,"48,399 Million",,," 3,902.78 ",,, 34.30 ,,"53,270,612",,"641,657,728",,,16.52%,21.25%,21.25%,21.25%,21.25%,75%,75%," 119,669 "," 89,751 "," 89,751 "
,US5494981039,LCID UW,"12,256",LUCID GROUP INC,2.75,,USD,, NASDAQ GS ,#N/A Field Not Applicable,UW,"6,325 Million",,," 2,300.05 ",,, 73.88 ,,"8,085,698",,"27,203,332",,,32.21%,21.25%,37.%,37.%,47.5%,50%,50%," 33,704 "," 16,852 "," 16,852 "
,US5504241051,LAZR UN,"7,900",LUMINAR TECHNOLOGIES INC,1.725,,USD,, NASDAQ GS ,#N/A Field Not Applicable,UW,728 Million,,, 324.80 ,,, 83.73 ,,"150,377",,"397,636",,,35.64%,52.75%,37.%,52.75%,84.25%,15%,15%," 13,628 "," 2,044 "," 2,044 "
,DE0007100000,MBG GY,"8,707",MERCEDES-BENZ GROUP AG,73.36,,EUR,, Xetra ,#N/A Field Not Applicable,GY,"80,862 Million",,," 1,057.20 ",,, 22.03 ,,"2,558,348",,"177,441,788",,,10.95%,21.25%,21.25%,21.25%,21.25%,75%,75%," 693,008 "," 519,756 "," 519,756 "
,US76954A1034,RIVN UW,"1,080",RIVIAN AUTOMOTIVE INC-A,11.4,,USD,, NASDAQ GS ,#N/A Field Not Applicable,UW,"11,143 Million",,, 969.62 ,,, 77.30 ,,"7,873,204",,"118,350,072",,,33.42%,21.25%,37.%,37.%,37.%,60%,60%," 12,312 "," 7,387 "," 7,387 "
,DE0007664039,VOW3 GR,"3,185",VOLKSWAGEN AG-PREF,115.22,,EUR,, Xetra ,#N/A Field Not Applicable,GY,"66,909 Million",,, 206.21 ,,, 21.54 ,,"1,089,796",,"131,976,923",,,10.72%,21.25%,21.25%,21.25%,21.25%,75%,75%," 398,151 "," 298,613 "," 298,613 "
,US9344231041,WBD UW,"1,480",WARNER BROS DISCOVERY INC,8.48,,USD,, NASDAQ GS ,#N/A Field Not Applicable,UW,"20,689 Million",,," 2,439.69 ",,, 53.33 ,,"7,837,584",,"77,128,320",,,24.47%,21.25%,26.5%,26.5%,37.%,60%,60%," 12,550 "," 7,530 "," 7,530 "
,US0090661010,ABNB US,"3,934",AIRBNB INC-CLASS A,161.86,,USD,, NASDAQ GS ,#N/A Field Not Applicable,UW,"104,734 Million",,, 438.09 ,,, 38.43 ,,"4,981,284",,"742,342,016",,,18.31%,21.25%,21.25%,21.25%,21.25%,75%,75%," 636,757 "," 477,568 "," 477,568 "
,CNE1000003K3,358 HK,"15,000",JIANGXI COPPER CO LTD-H,13.6,14.86,HKD,HKD, Hong Kong ,#N/A Field Not Applicable,HK,"8,971 Million",,," 1,387.48 ",,, 32.94 ,,"5,067,252",,"7,582,207",,,15.92%,21.25%,21.25%,21.25%,21.25%,75%,75%," 26,082 "," 19,561 "," 19,561 "
,US6494451031,NYCB UN,"5,000",NEW YORK COMMUNITY BANCORP,3.63,,USD,, New York ,#N/A Field Not Applicable,#N/A,"2,896 Million",,, 797.92 ,,, 91.47 ,,"5,338,824",,"28,174,402",,,38.2%,31.75%,42.25%,42.25%,52.75%,45%,45%," 18,150 "," 8,168 "," 8,168 "
,US6549022043,NOK US,"45,300",NOKIA CORP-SPON ADR,3.48,,USD,, New York ,#N/A Field Not Applicable,#N/A,"19,535 Million",,," 5,613.50 ",,, 31.89 ,,"14,944,036",,"52,718,796",,,15.45%,21.25%,21.25%,21.25%,31.75%,65%,65%," 157,644 "," 102,469 "," 102,469 "
,HK0000083920,6808 HK,"150,000",SUN ART RETAIL GROUP LTD,1.39,1.62,HKD,HKD, Hong Kong ,#N/A Field Not Applicable,HK,"1,660 Million",,," 9,539.71 ",,, 62.10 ,,"10,496,990",,"1,604,652",,,27.88%,31.75%,31.75%,31.75%,31.75%,65%,65%," 26,657 "," 17,327 "," 17,327 "
,US89677Q1076,TCOM US,576,TRIP.COM GROUP LTD-ADR,44.25,,USD,, NASDAQ GS ,#N/A Field Not Applicable,#N/A,"28,592 Million",,, 646.15 ,,, 37.40 ,,"3,855,559",,"153,713,504",,,17.86%,21.25%,21.25%,21.25%,21.25%,75%,75%," 25,488 "," 19,116 "," 19,116 "
,US90089L1089,TSPH UV,"7,500",TUSIMPLE HOLDINGS INC - A,0.48,,USD,, OTC US ,#N/A Field Not Applicable,UV,110 Million,,, 205.89 ,,, #N/A N/A ,,#N/A N/A,,,,,0.%,100.%,21.25%,100.%,100.%,0%,0%," 3,600 ", -   , -   
,KYG9830T1067,1810 HK,"20,000",XIAOMI CORP-CLASS B,14.94,15.54,HKD,HKD, Hong Kong ,#N/A Field Not Applicable,HK,"47,448 Million",,," 20,410.73 ",,, 39.45 ,,"86,882,670",,"155,097,909",,,18.75%,21.25%,21.25%,21.25%,21.25%,75%,75%," 38,202 "," 28,652 "," 28,652 "
,KYG989A41070,2187 HK,"150,000",ZHIXIN GROUP HOLDING LTD,1.04,0.94,HKD,HKD, Hong Kong ,#N/A Field Not Applicable,HK,99 Million,,, 748.00 ,,, 183.23 ,,"1,407,429",,"184,863",,,61.88%,100.%,63.25%,100.%,100.%,0%,0%," 19,945 ", -   , -   
,HK2827039002,2827 HK,"10,000",BOCI-PRUDENTIAL-W.I.S.E -HKD,33.06,32.52,HKD,HKD, Hong Kong ,#N/A Field Not Applicable,HK,98 Million,,, 23.40 ,,, 16.83 ,,"38,554",,"153,281",,,8.76%,100.%,21.25%,100.%,100.%,0%,0%," 42,268 ", -   , -   
,CNE1000002V2,728 HK,"1,514,500",CHINA TELECOM CORP LTD-H,3.91,4.12,HKD,HKD, Hong Kong ,#N/A Field Not Applicable,HK,"68,639 Million",,," 13,877.41 ",,, 26.35 ,,"71,951,140",,"36,664,141",,,12.95%,21.25%,21.25%,21.25%,21.25%,75%,75%," 757,105 "," 567,829 "," 567,829 "
,KYG3472Y1017,2038 HK,"534,000",FIH MOBILE LTD,0.53,0.495,HKD,HKD, Hong Kong ,#N/A Field Not Applicable,HK,525 Million,,," 7,890.80 ",,, 42.90 ,,"3,126,484",,"209,577",,,20.4%,52.75%,21.25%,52.75%,52.75%,45%,45%," 36,185 "," 16,283 "," 16,283 "
,HK0027032686,27 HK,"25,500",GALAXY ENTERTAINMENT GROUP L,40,40.15,HKD,HKD, Hong Kong ,#N/A Field Not Applicable,HK,"22,250 Million",,," 4,373.59 ",,, 31.51 ,,"8,820,107",,"47,289,464",,,15.28%,21.25%,21.25%,21.25%,21.25%,75%,75%," 130,410 "," 97,807 "," 97,807 "
,KYG3777B1032,175 HK,"243,000",GEELY AUTOMOBILE HOLDINGS LT,8.85,9.29,HKD,HKD, Hong Kong ,#N/A Field Not Applicable,HK,"11,424 Million",,," 10,063.38 ",,, 34.02 ,,"34,364,520",,"35,941,549",,,16.39%,21.25%,21.25%,21.25%,21.25%,75%,75%," 274,954 "," 206,215 "," 206,215 "
,CNE1000003W8,857 HK,"60,000",PETROCHINA CO LTD-H,6.33,7.05,HKD,HKD, Hong Kong ,#N/A Field Not Applicable,HK,"217,682 Million",,," 21,098.90 ",,, 32.38 ,,"120,811,100",,"88,047,585",,,15.67%,21.25%,21.25%,21.25%,21.25%,75%,75%," 48,558 "," 36,419 "," 36,419 "
,JP3359600008,6753 JP,"3,700",SHARP CORP,830.6,,JPY,, Tokyo ,Tokyo Prime,,"3,874 Million",,, 650.41 ,,, 39.16 ,,"2,956,590",,"19,253,675",,,18.62%,31.75%,21.25%,31.75%,31.75%,65%,65%," 20,436 "," 13,284 "," 13,284 "
,CNE1000009Q7,2601 HK,"5,000",CHINA PACIFIC INSURANCE GR-H,14.2,14.1,HKD,HKD, Hong Kong ,#N/A Field Not Applicable,HK,"26,925 Million",,," 2,775.30 ",,, 40.14 ,,"15,679,160",,"29,409,246",,,19.04%,21.25%,21.25%,21.25%,21.25%,75%,75%," 9,078 "," 6,808 "," 6,808 "
,TW0002360005,2360 TT,"5,000",CHROMA ATE INC,256,,TWD,, Taiwan ,#N/A Field Not Applicable,TT,,,, 425.36 ,,, 40.84 ,,"3,113,381",,,,,0.%,21.25%,21.25%,21.25%,#N/A,0%,0%, -   , -   , -   
,HK1093012172,1093 HK,"7,680",CSPC PHARMACEUTICAL GROUP LT,6.54,6.09,HKD,HKD, Hong Kong ,#N/A Field Not Applicable,HK,"9,780 Million",,," 11,903.22 ",,, 36.40 ,,"40,189,640",,"32,403,294",,,17.43%,21.25%,21.25%,21.25%,21.25%,75%,75%," 6,422 "," 4,816 "," 4,816 "
,US33813J1060,FSR UN,"1,000",FISKER INC,0.1475,,USD,, New York ,#N/A Field Not Applicable,UV,87 Million,,, 456.78 ,,, 127.55 ,,"6,371,604",,"4,022,236",,,48.89%,100.%,52.75%,100.%,100.%,0%,0%, 148 , -   , -   
,US36118L1061,FUTU UQ,200,FUTU HOLDINGS LTD-ADR,56.98,,USD,, NASDAQ GM ,#N/A Field Not Applicable,#N/A,"7,956 Million",,, 92.06 ,,, 51.69 ,,"503,481",,"26,236,622",,,23.81%,21.25%,26.5%,26.5%,26.5%,70%,70%," 11,396 "," 7,977 "," 7,977 "
,TW0002317005,2317 TT,"8,000",HON HAI PRECISION INDUSTRY,136,,TWD,, Taiwan ,#N/A Field Not Applicable,TT,,,," 13,862.99 ",,, 22.83 ,,"55,358,980",,,,,0.%,21.25%,21.25%,21.25%,#N/A,0%,0%, -   , -   , -   
,US5178341070,LVS US,300,LAS VEGAS SANDS CORP,50.61,,USD,, New York ,#N/A Field Not Applicable,UN,"38,141 Million",,, 753.62 ,,, 30.03 ,,"4,649,236",,"237,221,056",,,14.62%,21.25%,21.25%,21.25%,21.25%,75%,75%," 15,183 "," 11,387 "," 11,387 "
,TW0002454006,2454 TT,"1,000",MEDIATEK INC,1170,,TWD,, Taiwan ,#N/A Field Not Applicable,TT,,,," 1,599.62 ",,, 33.01 ,,"8,718,669",,,,,0.%,21.25%,21.25%,21.25%,#N/A,0%,0%, -   , -   , -   
,US74767V1098,QS UN,500,QUANTUMSCAPE CORP,5.7,,USD,, New York ,#N/A Field Not Applicable,UN,"2,826 Million",,, 441.14 ,,, 80.02 ,,"1,763,515",,"12,867,452",,,34.37%,31.75%,37.%,37.%,47.5%,50%,50%," 2,850 "," 1,425 "," 1,425 "
,HK0000063609,1972 HK,"5,000",SWIRE PROPERTIES LTD,16.02,15.26,HKD,HKD, Hong Kong ,#N/A Field Not Applicable,HK,"11,934 Million",,," 5,850.00 ",,, 25.94 ,,"2,740,767",,"5,430,386",,,12.76%,21.25%,21.25%,21.25%,21.25%,75%,75%," 10,241 "," 7,681 "," 7,681 "
,TW0003105003,3105 TT,"2,000",WIN SEMICONDUCTORS CORP,149,,TWD,, Taipei ,#N/A Field Not Applicable,TT,,,, 423.94 ,,, 38.59 ,,"3,523,043",,,,,0.%,21.25%,21.25%,21.25%,#N/A,0%,0%, -   , -   , -   
,US01609W1027,BABA US,"22,153",ALIBABA GROUP HOLDING-SP ADR,73.52,,USD,, New York ,#N/A Field Not Applicable,#N/A,"186,993 Million",,," 2,543.42 ",,, 39.48 ,,"20,050,098",,"1,475,143,168",,,18.76%,21.25%,21.25%,21.25%,21.25%,75%,75%," 1,628,689 "," 1,221,516 "," 1,221,516 "
,JP3951600000,8113 JP,"20,020",UNICHARM CORP,4924,,JPY,, Tokyo ,Tokyo Prime,,"21,958 Million",,, 620.83 ,,, 22.18 ,,"1,203,522",,"44,014,556",,,11.02%,21.25%,21.25%,21.25%,21.25%,75%,75%," 655,529 "," 491,647 "," 491,647 "
,HK0270001396,270 HK,"2,000",GUANGDONG INVESTMENT LTD,4.85,3.36,HKD,HKD, Hong Kong ,#N/A Field Not Applicable,HK,"4,033 Million",,," 6,537.82 ",,, 31.09 ,,"20,119,390",,"12,845,906",,,15.09%,31.75%,21.25%,31.75%,31.75%,65%,65%," 1,240 ", 806 , 806 
,CNE1000019K9,6837 HK,"430,000",HAITONG SECURITIES CO LTD-H,4.02,3.72,HKD,HKD, Hong Kong ,#N/A Field Not Applicable,HK,"13,843 Million",,," 3,409.57 ",,, 27.27 ,,"8,340,902",,"4,100,507",,,13.37%,21.25%,21.25%,21.25%,21.25%,75%,75%," 221,006 "," 165,755 "," 165,755 "
,KYG5074S1012,2618 HK,200,JD LOGISTICS INC,8.17,7.85,HKD,HKD, Hong Kong ,#N/A Field Not Applicable,HK,"6,777 Million",,," 6,619.18 ",,, 43.92 ,,"6,763,778",,"6,926,091",,,20.63%,21.25%,21.25%,21.25%,21.25%,75%,75%, 209 , 157 , 157 
,HK0992009065,992 HK,"100,000",LENOVO GROUP LTD,9.53,8.47,HKD,HKD, Hong Kong ,#N/A Field Not Applicable,HK,"14,939 Million",,," 12,404.66 ",,, 46.85 ,,"65,399,810",,"77,684,094",,,21.85%,21.25%,26.5%,26.5%,26.5%,70%,70%," 121,844 "," 85,291 "," 85,291 "
,JP3942600002,7951 JP,"8,368",YAMAHA CORP,3185,,JPY,, Tokyo ,Tokyo Prime,,"4,371 Million",,, 187.30 ,,, 30.23 ,,"1,204,190",,"28,333,954",,,14.71%,31.75%,21.25%,31.75%,31.75%,65%,65%," 177,232 "," 115,201 "," 115,201 "
,PA1436583006,CCL US,"19,443",CARNIVAL CORP,16.19,,USD,, New York ,#N/A Field Not Applicable,UN,"20,223 Million",,," 1,119.45 ",,, 48.75 ,,"30,789,756",,"510,923,232",,,22.63%,21.25%,26.5%,26.5%,26.5%,70%,70%," 314,782 "," 220,348 "," 220,348 "
,US2473617023,DAL US,"4,429",DELTA AIR LINES INC,43.44,,USD,, New York ,#N/A Field Not Applicable,UN,"27,946 Million",,, 643.32 ,,, 31.60 ,,"9,949,490",,"401,411,840",,,15.32%,21.25%,21.25%,21.25%,21.25%,75%,75%," 192,396 "," 144,297 "," 144,297 "
,US38141G1040,GS US,300,GOLDMAN SACHS GROUP INC,384.37,,USD,, New York ,#N/A Field Not Applicable,UN,"129,179 Million",,, 324.53 ,,, 22.55 ,,"2,222,663",,"855,801,216",,,11.19%,21.25%,21.25%,21.25%,21.25%,75%,75%," 115,311 "," 86,483 "," 86,483 "
,US46267X1081,IQ US,"1,400",IQIYI INC-ADR,3.98,,USD,, NASDAQ GS ,#N/A Field Not Applicable,#N/A,"3,819 Million",,, 525.22 ,,, 52.89 ,,"8,915,557",,"34,644,876",,,24.29%,31.75%,26.5%,31.75%,42.25%,55%,55%," 5,572 "," 3,065 "," 3,065 "
,US46625H1005,JPM UN,"1,120",JPMORGAN CHASE & CO,192.66,,USD,, New York ,#N/A Field Not Applicable,UN,"554,932 Million",,," 2,880.37 ",,, 20.04 ,,"2,613,910",,"461,446,496",,,10.01%,21.25%,21.25%,21.25%,21.25%,75%,75%," 215,779 "," 161,834 "," 161,834 "
,US5719032022,MAR US,250,MARRIOTT INTERNATIONAL -CL A,248.52,,USD,, NASDAQ GS ,#N/A Field Not Applicable,UW,"71,943 Million",,, 289.49 ,,, 23.82 ,,"1,454,489",,"346,026,240",,,11.78%,21.25%,21.25%,21.25%,21.25%,75%,75%," 62,130 "," 46,598 "," 46,598 "
,BMG667211046,NCLH US,"10,737",NORWEGIAN CRUISE LINE HOLDIN,19.65,,USD,, New York ,#N/A Field Not Applicable,UN,"8,364 Million",,, 425.66 ,,, 50.11 ,,"12,458,839",,"227,399,824",,,23.18%,21.25%,26.5%,26.5%,26.5%,70%,70%," 210,982 "," 147,687 "," 147,687 "
,LR0008862868,RCL US,"1,046",ROYAL CARIBBEAN CRUISES LTD,128.26,,USD,, New York ,#N/A Field Not Applicable,UN,"32,918 Million",,, 256.65 ,,, 35.33 ,,"2,653,392",,"328,035,552",,,16.97%,21.25%,21.25%,21.25%,21.25%,75%,75%," 134,160 "," 100,620 "," 100,620 "
,US8447411088,LUV US,"3,203",SOUTHWEST AIRLINES CO,28.01,,USD,, New York ,#N/A Field Not Applicable,UN,"16,713 Million",,, 596.66 ,,, 36.11 ,,"8,250,844",,"252,669,232",,,17.31%,21.25%,21.25%,21.25%,21.25%,75%,75%," 89,716 "," 67,287 "," 67,287 "
,US9100471096,UAL UW,"6,119",UNITED AIRLINES HOLDINGS INC,43.55,,USD,, NASDAQ GS ,#N/A Field Not Applicable,UW,"14,285 Million",,, 328.02 ,,, 37.13 ,,"2,548,861",,"107,484,376",,,17.75%,21.25%,21.25%,21.25%,21.25%,75%,75%," 266,482 "," 199,862 "," 199,862 "
,US92763W1036,VIPS US,800,VIPSHOP HOLDINGS LTD - ADR,17.16,,USD,, New York ,#N/A Field Not Applicable,#N/A,"9,306 Million",,, 464.50 ,,, 44.17 ,,"3,375,376",,"58,086,840",,,20.74%,21.25%,21.25%,21.25%,21.25%,75%,75%," 13,728 "," 10,296 "," 10,296 "
,US9497461015,WFC US,"4,566",WELLS FARGO & CO,57.77,,USD,, New York ,#N/A Field Not Applicable,UN,"206,669 Million",,," 3,577.44 ",,, 28.28 ,,"18,872,062",,"973,789,504",,,13.83%,21.25%,21.25%,21.25%,21.25%,75%,75%," 263,778 "," 197,833 "," 197,833 "
,SG1U48933923,KIT SP,"600,000",KEPPEL INFRASTRUCTURE TRUST,0.485,,SGD,, Singapore ,#N/A Field Not Applicable,SP,"2,023 Million",,," 5,625.79 ",,, 20.05 ,,"4,356,329",,"1,578,401",,,10.05%,31.75%,21.25%,31.75%,42.25%,55%,55%," 216,776 "," 119,227 "," 119,227 "
,SG1DH9000006,NETLINK SP,"730,000",NETLINK NBN TRUST,0.85,,SGD,, Singapore ,#N/A Field Not Applicable,SP,"2,420 Million",,," 3,896.97 ",,, 11.92 ,,"3,770,844",,"2,319,186",,,6.18%,31.75%,21.25%,31.75%,42.25%,55%,55%," 462,232 "," 254,228 "," 254,228 "
,HK0023000190,23 HK,"8,400",BANK OF EAST ASIA LTD,9.49,9.16,HKD,HKD, Hong Kong ,#N/A Field Not Applicable,HK,"3,172 Million",,," 2,644.96 ",,, 27.08 ,,"1,453,324",,"1,747,686",,,13.28%,31.75%,21.25%,31.75%,31.75%,65%,65%," 10,192 "," 6,625 "," 6,625 "
,CNE1000002K5,670 HK,"40,000",CHINA EASTERN AIRLINES CO-H,2.08,1.86,HKD,HKD, Hong Kong ,#N/A Field Not Applicable,HK,"10,263 Million",,," 5,176.78 ",,, 28.19 ,,"5,655,814",,"1,492,655",,,13.79%,21.25%,21.25%,21.25%,21.25%,75%,75%," 10,637 "," 7,978 "," 7,978 "
,HK0000640323,3032 HK,"64,000",HANG SENG TECH  INDEX  ETF-H,3.56,3.45,HKD,HKD, Hong Kong ,#N/A Field Not Applicable,HK,359 Million,,, 799.07 ,,, 34.34 ,,"14,345,780",,"6,072,463",,,16.53%,73.75%,21.25%,73.75%,73.75%,25%,25%," 29,130 "," 7,282 "," 7,282 "
,US46434V7385,IEUR UP,200,ISHARES CORE MSCI EUROPE ETF,57.07,,USD,, NYSE Arca ,#N/A Field Not Applicable,UP,"4,366 Million",,, 76.50 ,,, 14.73 ,,"177,698",,"9,775,776",,,7.46%,31.75%,21.25%,31.75%,31.75%,65%,65%," 11,414 "," 7,419 "," 7,419 "
,BMG524401079,683 HK,"7,000",KERRY PROPERTIES LTD,13.34,14.62,HKD,HKD, Hong Kong ,#N/A Field Not Applicable,HK,"2,485 Million",,," 1,451.31 ",,, 31.16 ,,"1,192,505",,"1,998,601",,,15.12%,31.75%,21.25%,31.75%,31.75%,65%,65%," 11,939 "," 7,760 "," 7,760 "
,HK0000735800,2191 HK,"56,000",SF REAL ESTATE INVESTMENT TR,2.47,#N/A,HKD,#N/A, Hong Kong ,#N/A Field Not Applicable,#N/A,252 Million,,, 800.00 ,,, 17.07 ,,"1,124,575",,"364,569",,,8.59%,84.25%,21.25%,84.25%,84.25%,15%,15%," 17,685 "," 2,653 "," 2,653 "
,KYG826001003,410 HK,"22,000",SOHO CHINA LTD,0.68,0.63,HKD,HKD, Hong Kong ,#N/A Field Not Applicable,HK,446 Million,,," 5,199.52 ",,, 37.30 ,,"2,468,754",,"219,970",,,17.82%,63.25%,21.25%,63.25%,63.25%,35%,35%," 1,913 ", 669 , 669 
,HK2828013055,2828 HK,"4,000",HANGSENG CHINA ENT INDEX-HKD,59.26,58.26,HKD,HKD, Hong Kong ,#N/A Field Not Applicable,HK,"3,238 Million",,, 432.39 ,,, 27.26 ,,"36,811,350",,"263,192,976",,,13.37%,31.75%,21.25%,31.75%,31.75%,65%,65%," 30,306 "," 19,699 "," 19,699 "
,HK2823028546,2823 HK,"21,400",ISHARES FTSE CHINA A50 E-HKD,12.52,12.44,HKD,HKD, Hong Kong ,#N/A Field Not Applicable,HK,"1,944 Million",,," 1,214.00 ",,, 19.22 ,,"6,919,546",,"10,408,529",,,9.62%,31.75%,21.25%,31.75%,31.75%,65%,65%," 34,255 "," 22,266 "," 22,266 "
,AT0000A18XM4,AMS SE,"7,384",AMS-OSRAM AG,1.0875,,CHF,, SIX Swiss Ex ,#N/A Field Not Applicable,SE,"1,122 Million",,, 998.44 ,,, 82.25 ,,"8,103,309",,"14,923,692",,,35.13%,31.75%,37.%,37.%,37.%,60%,60%," 9,050 "," 5,430 "," 5,430 "
,US08862E1091,BYND US,590,BEYOND MEAT INC,8.31,,USD,, NASDAQ GS ,#N/A Field Not Applicable,UW,537 Million,,, 64.68 ,,, 79.51 ,,"3,760,726",,"33,786,976",,,34.19%,52.75%,37.%,52.75%,84.25%,15%,15%," 4,903 ", 735 , 735 
,PA1436583006,CCL UN,"126,700",CARNIVAL CORP,16.19,,USD,, New York ,#N/A Field Not Applicable,UN,"20,223 Million",,," 1,119.45 ",,, 48.75 ,,"5,239,120",,"86,830,904",,,22.63%,21.25%,26.5%,26.5%,26.5%,70%,70%," 2,051,273 "," 1,435,891 "," 1,435,891 "
,US2270461096,CROX UW,"3,000",CROCS INC,129.96,,USD,, NASDAQ GS ,#N/A Field Not Applicable,UW,"7,862 Million",,, 60.50 ,,, 52.43 ,,"502,088",,"53,918,236",,,24.11%,21.25%,26.5%,26.5%,26.5%,70%,70%," 389,880 "," 272,916 "," 272,916 "
,US2908462037,EMKR US,"897,167",EMCORE CORP,0.38,,USD,, NASDAQ CM ,#N/A Field Not Applicable,#N/A,29 Million,,, 77.32 ,,, 105.24 ,,"813,066",,"383,096",,,50.81%,100.%,52.75%,100.%,100.%,0%,0%," 340,923 ", -   , -   
,US74347G4322,SQQQ UQ,"37,250",PROSHARES ULTRAPRO SHORT QQQ,11.05,,USD,, NASDAQ GM ,#N/A Field Not Applicable,UQ,"3,259 Million",,, 294.90 ,,, 50.06 ,,"11,733,026",,"142,226,848",,,23.16%,31.75%,26.5%,31.75%,31.75%,65%,65%," 411,613 "," 267,548 "," 267,548 "
,IL0065100930,ZIM US,"29,500",ZIM INTEGRATED SHIPPING SERV,9.54,,USD,, New York ,#N/A Field Not Applicable,UN,"1,147 Million",,, 120.22 ,,, 72.92 ,,"8,496,405",,"104,930,688",,,31.87%,31.75%,37.%,37.%,47.5%,50%,50%," 281,430 "," 140,715 "," 140,715 "
,US91912E1055,VALE US,"12,380",VALE SA-SP ADR,12.12,,USD,, New York ,#N/A Field Not Applicable,#N/A,"53,813 Million",,," 4,440.00 ",,, 32.83 ,,"24,278,536",,"333,137,888",,,15.87%,21.25%,21.25%,21.25%,21.25%,75%,75%," 150,046 "," 112,534 "," 112,534 "
,US74347B2354,DOG US,"3,000",PROSHARES SHORT DOW30,29.28,,USD,, NYSE Arca ,#N/A Field Not Applicable,UP,162 Million,,, 5.52 ,,, 10.38 ,,"1,133,538",,"33,415,500",,,5.32%,100.%,21.25%,100.%,100.%,0%,0%," 87,840 ", -   , -   
,GB0007980591,BP/ LN,"130,154",BP PLC,493.3,508.9,GBp,GBp, London ,#N/A Field Not Applicable,LN,"101,356 Million",,," 16,919.94 ",,, 25.38 ,,"23,475,300",,"132,804,111",,,12.5%,21.25%,21.25%,21.25%,21.25%,75%,75%," 814,887 "," 611,165 "," 611,165 "
,GB00B10RZP78,ULVR LN,510,UNILEVER PLC,3811.5,3872,GBp,GBp, London ,#N/A Field Not Applicable,LN,"119,661 Million",,," 2,502.46 ",,, 14.27 ,,"2,315,250",,"108,287,364",,,7.24%,21.25%,21.25%,21.25%,21.25%,75%,75%," 24,671 "," 18,504 "," 18,504 "
,CNE100000X85,1157 HK,"105,418",ZOOMLION HEAVY INDUSTRY - H,5.01,5.17,HKD,HKD, Hong Kong ,#N/A Field Not Applicable,HK,"8,748 Million",,," 1,581.97 ",,, 35.36 ,,"9,469,974",,"5,617,711",,,16.98%,21.25%,21.25%,21.25%,21.25%,75%,75%," 67,525 "," 50,643 "," 50,643 "
,US35953D1046,FUBO UN,"14,157",FUBOTV INC,1.54,,USD,, New York ,#N/A Field Not Applicable,UN,461 Million,,, 299.50 ,,, 104.81 ,,"1,799,975",,"4,223,845",,,42.4%,63.25%,47.5%,63.25%,94.75%,5%,5%," 21,802 "," 1,090 "," 1,090 "
,US70450Y1038,PYPL US,570,PAYPAL HOLDINGS INC,64.23,,USD,, NASDAQ GS ,#N/A Field Not Applicable,UW,"68,838 Million",,," 1,071.74 ",,, 39.90 ,,"18,589,018",,"1,131,699,072",,,18.94%,21.25%,21.25%,21.25%,21.25%,75%,75%," 36,611 "," 27,458 "," 27,458 "
,US83304A1060,SNAP US,"1,336",SNAP INC - A,11.06,,USD,, New York ,#N/A Field Not Applicable,UN,"18,256 Million",,," 1,396.48 ",,, 67.23 ,,"32,001,156",,"438,019,904",,,29.8%,21.25%,31.75%,31.75%,31.75%,65%,65%," 14,776 "," 9,605 "," 9,605 "
,CNE1000002M1,3968 HK,"1,440",CHINA MERCHANTS BANK-H,30.35,30.5,HKD,HKD, Hong Kong ,#N/A Field Not Applicable,HK,"105,982 Million",,," 4,590.90 ",,, 37.38 ,,"25,678,110",,"93,282,643",,,17.86%,21.25%,21.25%,21.25%,21.25%,75%,75%," 5,588 "," 4,191 "," 4,191 "
,HK0000672946,7226 HK,"100,000",CSOP HANG SENG TECH INDE-HKD,3.282,3.006,HKD,HKD, Hong Kong ,#N/A Field Not Applicable,HK,"1,273 Million",,," 3,134.84 ",,, 68.97 ,,"343,047,600",,"130,768,423",,,30.44%,31.75%,31.75%,31.75%,31.75%,65%,65%," 41,961 "," 27,275 "," 27,275 "
,CNE1000031W9,1772 HK,"5,054",GANFENG LITHIUM GROUP CO L-H,26.9,23.95,HKD,HKD, Hong Kong ,#N/A Field Not Applicable,HK,"10,209 Million",,, 403.57 ,,, 51.54 ,,"4,720,290",,"15,163,540",,,23.76%,21.25%,26.5%,26.5%,26.5%,70%,70%," 17,382 "," 12,167 "," 12,167 "
,KYG5496K1242,2331 HK,"9,467",LI NING CO LTD,19.96,20.65,HKD,HKD, Hong Kong ,#N/A Field Not Applicable,HK,"6,715 Million",,," 2,584.48 ",,, 57.28 ,,"28,383,040",,"69,385,197",,,26.02%,21.25%,26.5%,26.5%,26.5%,70%,70%," 24,159 "," 16,911 "," 16,911 "
,HK0000330149,7200 HK,"100,000",CSOP HANG SENG  INDEX  DAI-H,2.86,2.834,HKD,HKD, Hong Kong ,#N/A Field Not Applicable,HK,701 Million,,," 1,960.00 ",,, 48.35 ,,"117,163,800",,"40,628,766",,,22.46%,52.75%,26.5%,52.75%,52.75%,45%,45%," 36,566 "," 16,455 "," 16,455 "
,US74347Y7711,UVXY UF,500,PROSHARES ULTRA VIX ST FUTUR,6.94,,USD,, Cboe BZX ,#N/A Field Not Applicable,UF,249 Million,,, 35.92 ,,, 81.99 ,,"2,916,728",,"22,685,452",,,35.04%,94.75%,37.%,94.75%,100.%,0%,0%," 3,470 ", -   , -   
,US60770K1079,MRNA US,362,MODERNA INC,104.26,,USD,, NASDAQ GS ,#N/A Field Not Applicable,UW,"39,919 Million",,, 382.88 ,,, 50.29 ,,"4,661,728",,"465,884,192",,,23.25%,21.25%,26.5%,26.5%,26.5%,70%,70%," 37,742 "," 26,419 "," 26,419 "
,US7710491033,RBLX US,"1,574",ROBLOX CORP -CLASS A,36.2,,USD,, New York ,#N/A Field Not Applicable,UN,"22,865 Million",,, 581.55 ,,, 54.72 ,,"8,019,539",,"336,887,648",,,25.02%,21.25%,26.5%,26.5%,26.5%,70%,70%," 56,979 "," 39,885 "," 39,885 "
,KYG857AT1018,8029 HK,"200,000",IMPERIUM FINANCIAL GROUP LTD,0.147,0.189,HKD,HKD, Hong Kong ,#N/A Field Not Applicable,HK,44 Million,,," 2,336.02 ",,, 135.45 ,,"696,566",,"7,548",,,52.47%,100.%,52.75%,100.%,100.%,0%,0%," 3,759 ", -   , -   
,BMG5754W1091,1100 HK,"539,700",MAINLAND HEADWEAR HLDGS LTD,1.58,1.52,HKD,HKD, Hong Kong ,#N/A Field Not Applicable,HK,87 Million,,, 429.16 ,,, 26.34 ,,"26,453",,"5,382",,,41.25%,100.%,42.25%,100.%,100.%,0%,0%," 109,023 ", -   , -   
,BMG6260K1595,276 HK,"62,500",MONGOLIA ENERGY CORP LTD,0.69,0.62,HKD,HKD, Hong Kong ,#N/A Field Not Applicable,HK,17 Million,,, 188.13 ,,, 103.89 ,,"455,626",,"45,779",,,42.23%,100.%,42.25%,100.%,100.%,0%,0%," 5,514 ", -   , -   
,KYG7307F1046,911 HK,"200,000",QIANHAI HEALTH HOLDINGS LTD,0.035,0.036,HKD,HKD, Hong Kong ,#N/A Field Not Applicable,HK,8 Million,,," 1,694.45 ",,, 74.62 ,,"193,574",,793,,,39.13%,100.%,42.25%,100.%,100.%,0%,0%, 895 , -   , -   
,KYG8508A1004,1560 HK,"1,048,000",STAR GROUP CO LTD,0.214,0.19,HKD,HKD, Hong Kong ,#N/A Field Not Applicable,HK,18 Million,,, 641.50 ,,, 48.68 ,,"27,528",,773,,,72.4%,100.%,73.75%,100.%,100.%,0%,0%," 28,674 ", -   , -   
,CNE100000221,694 HK,"1,045,000",BEIJING CAPITAL INTL AIRPO-H,2.53,2.4,HKD,HKD, Hong Kong ,#N/A Field Not Applicable,HK,"1,442 Million",,," 1,879.36 ",,, 40.38 ,,"15,041,900",,"4,531,560",,,19.14%,31.75%,21.25%,31.75%,31.75%,65%,65%," 338,023 "," 219,715 "," 219,715 "
,HK0293001514,293 HK,"1,227,631",CATHAY PACIFIC AIRWAYS,8.83,8.33,HKD,HKD, Hong Kong ,#N/A Field Not Applicable,HK,"7,185 Million",,," 6,437.90 ",,, 20.46 ,,"7,221,569",,"7,783,006",,,10.31%,21.25%,21.25%,21.25%,21.25%,75%,75%," 1,385,921 "," 1,039,441 "," 1,039,441 "
,KYG711391022,1833 HK,"16,500",PING AN HEALTHCARE AND TECHN,12.56,11.1,HKD,HKD, Hong Kong ,#N/A Field Not Applicable,HK,"1,744 Million",,," 1,118.81 ",,, 43.16 ,,"5,503,227",,"9,154,281",,,20.32%,31.75%,21.25%,31.75%,31.75%,65%,65%," 26,496 "," 17,223 "," 17,223 "
,US01626W1018,ALIT US,"8,160",ALIGHT INC - CLASS A,8.65,,USD,, New York ,#N/A Field Not Applicable,UN,"4,755 Million",,, 547.74 ,,, 33.30 ,,"6,979,194",,"61,865,432",,,16.07%,31.75%,21.25%,31.75%,42.25%,55%,55%," 70,584 "," 38,821 "," 38,821 "
,US00214Q1040,ARKK US,"9,960",ARK INNOVATION ETF,48.79,,USD,, NYSE Arca ,#N/A Field Not Applicable,UP,"7,614 Million",,, 156.05 ,,, 38.17 ,,"15,647,887",,"768,577,920",,,18.2%,21.25%,21.25%,21.25%,21.25%,75%,75%," 485,948 "," 364,461 "," 364,461 "
,US46090E1038,QQQ US,"7,867",INVESCO QQQ TRUST SERIES 1,437.48,,USD,, NASDAQ GM ,#N/A Field Not Applicable,UQ,"254,460 Million",,, 581.65 ,,, 16.74 ,,"45,010,012",,"19,074,648,064",,,8.43%,21.25%,21.25%,21.25%,21.25%,75%,75%," 3,441,655 "," 2,581,241 "," 2,581,241 "
,US68622D1063,ORGN US,"9,000",ORIGIN MATERIALS INC,0.5113,,USD,, NASDAQ CM ,#N/A Field Not Applicable,UR,75 Million,,, 145.92 ,,, 140.26 ,,"1,594,151",,"997,849",,,52.2%,100.%,52.75%,100.%,100.%,0%,0%," 4,602 ", -   , -   
,US78462F1030,SPY UP,"2,462",SPDR S&P 500 ETF TRUST,512.86,,USD,, NYSE Arca ,#N/A Field Not Applicable,UP,"523,108 Million",,," 1,019.98 ",,, 12.44 ,,"12,927,991",,"6,344,600,064",,,6.34%,21.25%,21.25%,21.25%,21.25%,75%,75%," 1,262,661 "," 946,996 "," 946,996 "
,CNE100002359,3908 HK,"132,352",CHINA INTERNATIONAL CAPITA-H,10.32,8.87,HKD,HKD, Hong Kong ,#N/A Field Not Applicable,HK,"16,423 Million",,," 1,903.71 ",,, 41.30 ,,"13,292,520",,"16,839,263",,,19.54%,21.25%,21.25%,21.25%,21.25%,75%,75%," 174,631 "," 130,973 "," 130,973 "
,BMG2178K1009,1038 HK,500,CK INFRASTRUCTURE HOLDINGS L,45.8,45.7,HKD,HKD, Hong Kong ,#N/A Field Not Applicable,HK,"14,802 Million",,," 2,519.61 ",,, 22.91 ,,"2,356,918",,"13,698,851",,,11.36%,21.25%,21.25%,21.25%,21.25%,75%,75%," 2,928 "," 2,196 "," 2,196 "
,HK0002007356,2 HK,500,CLP HOLDINGS LTD,63.9,61.1,HKD,HKD, Hong Kong ,#N/A Field Not Applicable,HK,"20,436 Million",,," 2,526.45 ",,, 20.26 ,,"2,490,920",,"20,374,434",,,10.11%,21.25%,21.25%,21.25%,21.25%,75%,75%," 4,085 "," 3,064 "," 3,064 "
,HK0000093390,6823 HK,"43,000",HKT TRUST AND HKT LTD-SS,9.1,8.94,HKD,HKD, Hong Kong ,#N/A Field Not Applicable,HK,"8,779 Million",,," 7,579.74 ",,, 17.48 ,,"5,935,339",,"7,071,829",,,8.79%,21.25%,21.25%,21.25%,21.25%,75%,75%," 50,029 "," 37,522 "," 37,522 "
,KYG1098A1013,9626 HK,"4,212",BILIBILI INC-CLASS Z,94.5,86.2,HKD,HKD, Hong Kong ,#N/A Field Not Applicable,HK,"4,857 Million",,, 328.76 ,,, 61.11 ,,"3,577,126",,"37,978,639",,,27.5%,31.75%,31.75%,31.75%,31.75%,65%,65%," 50,890 "," 33,078 "," 33,078 "
,CA13321L1085,CCJ UN,100,CAMECO CORP,41.95,,USD,, New York ,#N/A Field Not Applicable,CT,"18,214 Million",,, 434.18 ,,, 36.83 ,,"1,236,770",,"54,783,520",,,17.62%,21.25%,21.25%,21.25%,21.25%,75%,75%," 4,195 "," 3,146 "," 3,146 "
,US37954Y8488,SIL US,"2,110",GLOBAL X SILVER MINERS ETF,26.11,,USD,, NYSE Arca ,#N/A Field Not Applicable,UP,841 Million,,, 32.23 ,,, 30.84 ,,"395,333",,"10,233,960",,,14.98%,52.75%,21.25%,52.75%,52.75%,45%,45%," 55,092 "," 24,791 "," 24,791 "
,US37954Y8710,URA US,"1,623",GLOBAL X URANIUM ETF,28.19,,USD,, NYSE Arca ,#N/A Field Not Applicable,UP,"2,815 Million",,, 99.85 ,,, 32.23 ,,"3,092,084",,"89,706,392",,,15.6%,31.75%,21.25%,31.75%,31.75%,65%,65%," 45,752 "," 29,739 "," 29,739 "
,US46434G8226,EWJ US,849,ISHARES MSCI JAPAN ETF,70.65,,USD,, NYSE Arca ,#N/A Field Not Applicable,UP,"16,935 Million",,, 239.70 ,,, 15.16 ,,"8,423,426",,"564,070,592",,,7.67%,21.25%,21.25%,21.25%,21.25%,75%,75%," 59,982 "," 44,986 "," 44,986 "
,US46428Q1094,SLV US,"10,450",ISHARES SILVER TRUST,22.91,,USD,, NYSE Arca ,#N/A Field Not Applicable,UP,"10,701 Million",,, 467.10 ,,, 24.65 ,,"16,443,294",,"351,165,504",,,12.17%,21.25%,21.25%,21.25%,21.25%,75%,75%," 239,410 "," 179,557 "," 179,557 "
,US30303M1027,META UW,10,META PLATFORMS INC-CLASS A,496.98,,USD,, NASDAQ GS ,#N/A Field Not Applicable,UW,"1,267,003 Million",,," 2,200.05 ",,, 36.41 ,,"5,080,206",,"2,191,796,480",,,17.44%,21.25%,21.25%,21.25%,21.25%,75%,75%," 4,970 "," 3,727 "," 3,727 "
,US6516391066,NEM US,"1,050",NEWMONT CORP,34.42,,USD,, New York ,#N/A Field Not Applicable,UN,"39,671 Million",,," 1,152.55 ",,, 34.13 ,,"12,987,596",,"451,071,584",,,16.44%,21.25%,21.25%,21.25%,21.25%,75%,75%," 36,141 "," 27,106 "," 27,106 "
,GB0031348658,BARC LN,"163,680",BARCLAYS PLC,176.52,193.16,GBp,GBp, London ,#N/A Field Not Applicable,LN,"32,001 Million",,," 15,119.24 ",,, 31.48 ,,"32,386,510",,"62,120,254",,,15.27%,21.25%,21.25%,21.25%,21.25%,75%,75%," 366,706 "," 275,030 "," 275,030 "
,HK0000123577,3188 HK,"5,800",CHINAAMC ETF SERIES - CH-HKD,39.84,39.56,HKD,HKD, Hong Kong ,#N/A Field Not Applicable,HK,"1,821 Million",,, 356.10 ,,, 17.78 ,,"2,815,423",,"13,487,547",,,8.93%,31.75%,21.25%,31.75%,31.75%,65%,65%," 29,543 "," 19,203 "," 19,203 "
,KYG2112D1051,658 HK,"20,000",CHINA HIGH SPEED TRANSMISSIO,0.86,0.79,HKD,HKD, Hong Kong ,#N/A Field Not Applicable,HK,188 Million,,," 1,635.29 ",,, 57.84 ,,"5,007,327",,"874,504",,,26.24%,100.%,26.5%,100.%,100.%,0%,0%," 2,199 ", -   , -   
,CNE100000HD4,916 HK,"14,000",CHINA LONGYUAN POWER GROUP-H,5.72,5.45,HKD,HKD, Hong Kong ,#N/A Field Not Applicable,HK,"15,711 Million",,," 3,340.03 ",,, 38.87 ,,"26,953,280",,"18,098,446",,,18.5%,21.25%,21.25%,21.25%,21.25%,75%,75%," 10,238 "," 7,679 "," 7,679 "
,KYG2108Y1052,1109 HK,"6,000",CHINA RESOURCES LAND LTD,24.7,23.85,HKD,HKD, Hong Kong ,#N/A Field Not Applicable,HK,"22,086 Million",,," 7,130.94 ",,, 43.69 ,,"13,818,260",,"42,658,279",,,20.54%,21.25%,21.25%,21.25%,21.25%,75%,75%," 18,948 "," 14,211 "," 14,211 "
,HK0000578549,3005 HK,"2,000",CSOP CSI 500 ETF-HKD,16.21,15.75,HKD,HKD, Hong Kong ,#N/A Field Not Applicable,HK,2 Million,,, 1.20 ,,, 18.06 ,,"7,131",,"13,561",,,9.43%,100.%,21.25%,100.%,100.%,0%,0%," 4,145 ", -   , -   
,CNE100000478,548 HK,"30,000",SHENZHEN EXPRESSWAY CORP-H,6.74,6.86,HKD,HKD, Hong Kong ,#N/A Field Not Applicable,HK,"2,427 Million",,, 747.50 ,,, 21.74 ,,"1,240,895",,"1,034,991",,,10.81%,31.75%,21.25%,31.75%,31.75%,65%,65%," 25,852 "," 16,804 "," 16,804 "
,HK0405033157,405 HK,"41,100",YUEXIU REAL ESTATE INVESTMEN,1.03,#N/A,HKD,#N/A, Hong Kong ,#N/A Field Not Applicable,#N/A,639 Million,,," 4,893.74 ",,, 40.14 ,,"3,022,238",,"423,335",,,19.04%,52.75%,21.25%,52.75%,52.75%,45%,45%," 5,412 "," 2,436 "," 2,436 "
,US40415F1012,HDB US,400,HDFC BANK LTD-ADR,56.01,,USD,, New York ,#N/A Field Not Applicable,#N/A,"141,825 Million",,," 2,532.14 ",,, 25.77 ,,"3,652,677",,"208,000,592",,,12.68%,21.25%,21.25%,21.25%,21.25%,75%,75%," 22,404 "," 16,803 "," 16,803 "
,FR0000121014,MC FP,20,LVMH MOET HENNESSY LOUIS VUI,858.1,,EUR,, EN Paris ,#N/A Field Not Applicable,FP,"443,807 Million",,, 501.40 ,,, 28.01 ,,"338,225",,"268,464,969",,,13.7%,21.25%,21.25%,21.25%,21.25%,75%,75%," 18,620 "," 13,965 "," 13,965 "
,US79466L3024,CRM US,50,SALESFORCE INC,300.51,,USD,, New York ,#N/A Field Not Applicable,UN,"291,495 Million",,, 970.00 ,,, 26.62 ,,"5,725,124",,"1,637,568,768",,,13.07%,21.25%,21.25%,21.25%,21.25%,75%,75%," 15,026 "," 11,269 "," 11,269 "
,US7960508882,SMSN LI,10,SAMSUNG ELECTR-GDR REG S,1366,,USD,, London Intl ,#N/A Field Not Applicable,#N/A,"324,517 Million",,, 238.79 ,,, 24.10 ,,"10,917",,"15,225,170",,,11.91%,21.25%,21.25%,21.25%,21.25%,75%,75%," 13,660 "," 10,245 "," 10,245 "
,DE0007236101,SIE GR,74,SIEMENS AG-REG,183.26,,EUR,, Xetra ,#N/A Field Not Applicable,GY,"152,050 Million",,, 800.00 ,,, 22.03 ,,"1,267,700",,"224,426,715",,,10.94%,21.25%,21.25%,21.25%,21.25%,75%,75%," 14,713 "," 11,035 "," 11,035 "
,US86771W1053,RUN US,400,SUNRUN INC,10.26,,USD,, NASDAQ GS ,#N/A Field Not Applicable,UW,"2,253 Million",,, 219.59 ,,, 84.64 ,,"14,576,612",,"213,726,112",,,35.94%,31.75%,37.%,37.%,37.%,60%,60%," 4,104 "," 2,462 "," 2,462 "
,US87918A1051,TDOC US,150,TELADOC HEALTH INC,15.12,,USD,, New York ,#N/A Field Not Applicable,UN,"2,526 Million",,, 167.04 ,,, 57.47 ,,"4,736,999",,"85,950,976",,,26.1%,31.75%,26.5%,31.75%,31.75%,65%,65%," 2,268 "," 1,474 "," 1,474 "
,US90353T1007,UBER US,300,UBER TECHNOLOGIES INC,75.7,,USD,, New York ,#N/A Field Not Applicable,UN,"157,573 Million",,," 2,081.54 ",,, 36.94 ,,"21,450,332",,"1,480,424,960",,,17.67%,21.25%,21.25%,21.25%,21.25%,75%,75%," 22,710 "," 17,033 "," 17,033 "
,US9047677045,UL US,650,UNILEVER PLC-SPONSORED ADR,48.52,,USD,, New York ,#N/A Field Not Applicable,#N/A,"121,419 Million",,," 2,502.46 ",,, 14.19 ,,"2,656,030",,"130,084,968",,,7.2%,21.25%,21.25%,21.25%,21.25%,75%,75%," 31,538 "," 23,654 "," 23,654 "
,US00760J1088,AEHR US,800,AEHR TEST SYSTEMS,14.52,,USD,, NASDAQ CM ,#N/A Field Not Applicable,UR,419 Million,,, 28.85 ,,, 80.14 ,,"1,552,681",,"28,621,022",,,34.41%,63.25%,37.%,63.25%,63.25%,0%,0%," 11,616 ", -   , -   
,US0126531013,ALB US,206,ALBEMARLE CORP,124.58,,USD,, New York ,#N/A Field Not Applicable,UN,"14,626 Million",,, 117.40 ,,, 53.69 ,,"3,375,981",,"418,238,144",,,24.61%,21.25%,26.5%,26.5%,26.5%,70%,70%," 25,663 "," 17,964 "," 17,964 "
,US02451V3096,ABAT UR,"8,000",AMERICAN BATTERY TECHNOLOGY,2.17,,USD,, NASDAQ CM ,#N/A Field Not Applicable,UR,113 Million,,, 51.88 ,,, #N/A N/A ,,"155,316",,"502,323",,,0.%,100.%,21.25%,100.%,100.%,0%,0%," 17,360 ", -   , -   
,US0900431000,BILL UN,200,BILL HOLDINGS INC,67.47,,USD,, New York ,#N/A Field Not Applicable,UN,"7,093 Million",,, 105.13 ,,, 62.69 ,,"538,761",,"38,190,360",,,28.1%,21.25%,31.75%,31.75%,31.75%,65%,65%," 13,494 "," 8,771 "," 8,771 "
,CA15135U1093,CVE UN,"1,000",CENOVUS ENERGY INC,18.96,,USD,, New York ,#N/A Field Not Applicable,CT,"35,425 Million",,," 1,868.42 ",,, 34.02 ,,"2,006,988",,"33,672,908",,,16.39%,21.25%,21.25%,21.25%,21.25%,75%,75%," 18,960 "," 14,220 "," 14,220 "
,US23804L1035,DDOG US,260,DATADOG INC - CLASS A,120.87,,USD,, NASDAQ GS ,#N/A Field Not Applicable,UW,"40,114 Million",,, 305.93 ,,, 53.34 ,,"4,283,826",,"542,397,568",,,24.47%,21.25%,26.5%,26.5%,26.5%,70%,70%," 31,426 "," 21,998 "," 21,998 "
,US24984K1051,DMTK US,"15,000",DERMTECH INC,0.6624,,USD,, NASDAQ CM ,#N/A Field Not Applicable,UR,23 Million,,, 34.62 ,,, 100.39 ,,"424,774",,"535,841",,,41.04%,100.%,42.25%,100.%,100.%,0%,0%," 9,936 ", -   , -   
,US25402D1028,DOCN US,200,DIGITALOCEAN HOLDINGS INC,40.57,,USD,, New York ,#N/A Field Not Applicable,UN,"3,684 Million",,, 90.80 ,,, 59.74 ,,"1,080,028",,"40,089,864",,,26.97%,31.75%,31.75%,31.75%,31.75%,65%,65%," 8,114 "," 5,274 "," 5,274 "
,US25460G7815,NUGT US,"1,000",DIREXION DAILY GOLD MINERS I,30.75,,USD,, NYSE Arca ,#N/A Field Not Applicable,UP,567 Million,,, 18.45 ,,, 60.65 ,,"2,781,993",,"80,010,688",,,27.33%,52.75%,31.75%,52.75%,52.75%,45%,45%," 30,750 "," 13,838 "," 13,838 "
,US29355A1079,ENPH UQ,120,ENPHASE ENERGY INC,111.19,,USD,, NASDAQ GM ,#N/A Field Not Applicable,UQ,"15,095 Million",,, 135.76 ,,, 65.47 ,,"1,248,740",,"148,960,960",,,29.15%,21.25%,31.75%,31.75%,31.75%,65%,65%," 13,343 "," 8,673 "," 8,673 "
,US3580541049,FRSH US,500,FRESHWORKS INC-CL A,17.97,,USD,, NASDAQ GS ,#N/A Field Not Applicable,UW,"5,354 Million",,, 218.14 ,,, 46.00 ,,"2,565,312",,"54,546,056",,,21.5%,21.25%,26.5%,26.5%,26.5%,70%,70%," 8,985 "," 6,290 "," 6,290 "
,US3596641098,FLGT UQ,500,FULGENT GENETICS INC,21.73,,USD,, NASDAQ GM ,#N/A Field Not Applicable,UQ,647 Million,,, 29.78 ,,, 43.39 ,,"87,799",,"2,231,785",,,20.41%,52.75%,21.25%,52.75%,52.75%,45%,45%," 10,865 "," 4,889 "," 4,889 "
,US44486Q1031,HUMA US,"1,000",HUMACYTE INC,3.51,,USD,, NASDAQ GS ,#N/A Field Not Applicable,UW,410 Million,,, 116.86 ,,, 91.75 ,,"837,091",,"2,878,429",,,38.3%,63.25%,42.25%,63.25%,94.75%,5%,5%," 3,510 ", 176 , 176 
,US46222L1089,IONQ UN,"2,000",IONQ INC,9.54,,USD,, New York ,#N/A Field Not Applicable,#N/A,"1,987 Million",,, 208.23 ,,, 90.32 ,,"1,263,608",,"14,204,524",,,37.83%,31.75%,42.25%,42.25%,52.75%,45%,45%," 19,080 "," 8,586 "," 8,586 "
,US47215P1066,JD US,871,JD.COM INC-ADR,27.85,,USD,, NASDAQ GS ,#N/A Field Not Applicable,#N/A,"43,767 Million",,," 1,378.32 ",,, 49.69 ,,"15,761,171",,"386,379,456",,,23.01%,21.25%,26.5%,26.5%,26.5%,70%,70%," 24,257 "," 16,980 "," 16,980 "
,US5007673065,KWEB UP,"1,984",KRANESHARES CSI CHINA INTERN,26.53,,USD,, NYSE Arca ,#N/A Field Not Applicable,UP,"5,555 Million",,, 209.40 ,,, 36.66 ,,"6,914,184",,"173,957,088",,,17.54%,21.25%,21.25%,21.25%,21.25%,75%,75%," 52,636 "," 39,477 "," 39,477 "
,US6792951054,OKTA UW,364,OKTA INC,105.88,,USD,, NASDAQ GS ,#N/A Field Not Applicable,UW,"17,724 Million",,, 160.11 ,,, 50.90 ,,"739,181",,"68,879,480",,,23.5%,21.25%,26.5%,26.5%,26.5%,70%,70%," 38,540 "," 26,978 "," 26,978 "
,IL0011859092,PGYWW UR,240,PAGAYA TECHNOLOGIES LTD -27,0.095,,USD,, NASDAQ CM ,#N/A Field Not Applicable,#N/A,,,, #N/A Field Not Applicable ,,, 178.44 ,,"22,281",,"3,473",,,60.9%,21.25%,63.25%,63.25%,73.75%,0%,0%, 23 , -   , -   
,US92556H2067,PARA UW,"2,500",PARAMOUNT GLOBAL-CLASS B,11.2,,USD,, NASDAQ GS ,#N/A Field Not Applicable,UW,"7,731 Million",,, 611.78 ,,, 60.77 ,,"4,780,400",,"62,339,352",,,27.37%,21.25%,31.75%,31.75%,31.75%,65%,65%," 28,000 "," 18,200 "," 18,200 "
,CA82509L1076,SHOP US,224,SHOPIFY INC - CLASS A,77.52,,USD,, New York ,#N/A Field Not Applicable,CT,"99,502 Million",,," 1,207.89 ",,, 54.08 ,,"10,097,519",,"801,078,400",,,24.77%,21.25%,26.5%,26.5%,26.5%,70%,70%," 17,364 "," 12,155 "," 12,155 "
,US8334451098,SNOW US,172,SNOWFLAKE INC-CLASS A,156.31,,USD,, New York ,#N/A Field Not Applicable,UN,"51,473 Million",,, 329.30 ,,, 53.82 ,,"6,712,826",,"1,303,894,912",,,24.66%,21.25%,26.5%,26.5%,26.5%,70%,70%," 26,885 "," 18,820 "," 18,820 "
,US8523123052,STAA UQ,250,STAAR SURGICAL CO,38.41,,USD,, NASDAQ GM ,#N/A Field Not Applicable,UQ,"1,877 Million",,, 48.87 ,,, 55.94 ,,"268,021",,"8,606,272",,,25.5%,31.75%,26.5%,31.75%,31.75%,65%,65%," 9,603 "," 6,242 "," 6,242 "
,US88339J1051,TTD UQ,95,TRADE DESK INC/THE -CLASS A,78.35,,USD,, NASDAQ GM ,#N/A Field Not Applicable,UQ,"38,308 Million",,, 445.02 ,,, 46.80 ,,"1,626,773",,"122,167,904",,,21.83%,21.25%,26.5%,26.5%,26.5%,70%,70%," 7,443 "," 5,210 "," 5,210 "
,US91332U1016,U UN,240,UNITY SOFTWARE INC,26.07,,USD,, New York ,#N/A Field Not Applicable,UN,"10,062 Million",,, 385.94 ,,, 61.87 ,,"2,054,851",,"68,094,544",,,27.79%,21.25%,31.75%,31.75%,31.75%,65%,65%," 6,257 "," 4,067 "," 4,067 "
,US00724F1012,ADBE US,876,ADOBE INC,513.86,,USD,, NASDAQ GS ,#N/A Field Not Applicable,UW,"232,265 Million",,, 452.00 ,,, 35.28 ,,"3,403,861",,"1,944,948,864",,,16.94%,21.25%,21.25%,21.25%,21.25%,75%,75%," 450,141 "," 337,606 "," 337,606 "
,DE000BAY0017,BAYN GR,"3,636",BAYER AG-REG,26.115,,EUR,, Xetra ,#N/A Field Not Applicable,GY,"26,496 Million",,, 982.42 ,,, 31.96 ,,"4,692,949",,"145,282,536",,,15.48%,21.25%,21.25%,21.25%,21.25%,75%,75%," 103,021 "," 77,265 "," 77,265 "
,US0846707026,BRK/B UN,118,BERKSHIRE HATHAWAY INC-CL B,408.41,,USD,, New York ,#N/A Field Not Applicable,UN,"883,709 Million",,," 1,311.00 ",,, 13.29 ,,"1,084,009",,"419,468,288",,,6.75%,21.25%,21.25%,21.25%,21.25%,75%,75%," 48,192 "," 36,144 "," 36,144 "
,US0900401060,BILI US,"10,040",BILIBILI INC-SPONSORED ADR,11.84,,USD,, NASDAQ GS ,#N/A Field Not Applicable,#N/A,"4,884 Million",,, 328.76 ,,, 62.15 ,,"7,000,238",,"74,277,232",,,27.9%,31.75%,31.75%,31.75%,31.75%,65%,65%," 118,874 "," 77,268 "," 77,268 "
,US8522341036,SQ US,"16,560",BLOCK INC,80.86,,USD,, New York ,#N/A Field Not Applicable,UN,"49,785 Million",,, 555.18 ,,, 52.87 ,,"10,983,233",,"796,167,488",,,24.29%,21.25%,26.5%,26.5%,26.5%,70%,70%," 1,339,042 "," 937,329 "," 937,329 "
,DE000A2E4K43,DHER GY,"15,480",DELIVERY HERO SE,24.51,,EUR,, Xetra ,#N/A Field Not Applicable,GY,"6,880 Million",,, 271.71 ,,, 62.38 ,,"1,320,266",,"29,866,715",,,27.98%,21.25%,31.75%,31.75%,31.75%,65%,65%," 411,647 "," 267,570 "," 267,570 "
,US5184391044,EL US,"13,339",ESTEE LAUDER COMPANIES-CL A,147.82,,USD,, New York ,#N/A Field Not Applicable,UN,"52,990 Million",,, 232.93 ,,, 44.95 ,,"2,745,696",,"389,234,432",,,21.06%,21.25%,21.25%,21.25%,21.25%,75%,75%," 1,971,771 "," 1,478,828 "," 1,478,828 "
,KY30744W1070,FTCHF UV,"18,530",FARFETCH LTD-CLASS A,0.0171,,USD,, OTC US ,#N/A Field Not Applicable,UV,7 Million,,, 352.61 ,,, #N/A N/A ,,#N/A N/A,,,,,0.%,100.%,21.25%,100.%,100.%,0%,0%, 317 , -   , -   
,US37045V1008,GM US,"4,197",GENERAL MOTORS CO,40.82,,USD,, New York ,#N/A Field Not Applicable,UN,"47,124 Million",,," 1,154.43 ",,, 31.85 ,,"18,220,030",,"690,872,192",,,15.43%,21.25%,21.25%,21.25%,21.25%,75%,75%," 171,322 "," 128,491 "," 128,491 "
,US5738741041,MRVL UW,"1,716",MARVELL TECHNOLOGY INC,67.2,,USD,, NASDAQ GS ,#N/A Field Not Applicable,UW,"58,195 Million",,, 866.00 ,,, 53.37 ,,"4,665,789",,"320,622,272",,,24.49%,21.25%,26.5%,26.5%,26.5%,70%,70%," 115,315 "," 80,721 "," 80,721 "
,US92766K1060,SPCE US,"2,700",VIRGIN GALACTIC HOLDINGS INC,1.5,,USD,, New York ,#N/A Field Not Applicable,UN,600 Million,,, 400.04 ,,, 93.34 ,,"9,256,318",,"18,217,868",,,38.81%,52.75%,42.25%,52.75%,84.25%,15%,15%," 4,050 ", 608 , 608 
,US98980L1017,ZM US,"2,710",ZOOM VIDEO COMMUNICATIONS-A,66.23,,USD,, NASDAQ GS ,#N/A Field Not Applicable,UW,"20,370 Million",,, 260.90 ,,, 33.41 ,,"3,564,378",,"240,402,384",,,16.12%,21.25%,21.25%,21.25%,21.25%,75%,75%," 179,483 "," 134,612 "," 134,612 "
,US98980G1022,ZS US,"2,018",ZSCALER INC,195.94,,USD,, NASDAQ GS ,#N/A Field Not Applicable,UW,"29,363 Million",,, 149.86 ,,, 50.48 ,,"2,352,631",,"528,789,824",,,23.33%,21.25%,26.5%,26.5%,26.5%,70%,70%," 395,407 "," 276,785 "," 276,785 "
,CNE1000002N9,3323 HK,"333,004",CHINA NATIONAL BUILDING MA-H,2.85,3.02,HKD,HKD, Hong Kong ,#N/A Field Not Applicable,HK,"2,969 Million",,," 4,558.15 ",,, 42.89 ,,"19,248,130",,"7,190,574",,,20.21%,31.75%,21.25%,31.75%,31.75%,65%,65%," 121,340 "," 78,871 "," 78,871 "
,HK0000056256,570 HK,"80,000",CHINA TRADITIONAL CHINESE ME,4.34,4.31,HKD,HKD, Hong Kong ,#N/A Field Not Applicable,HK,"2,778 Million",,," 5,035.80 ",,, 46.73 ,,"49,956,730",,"25,047,598",,,21.8%,31.75%,26.5%,31.75%,31.75%,65%,65%," 44,390 "," 28,854 "," 28,854 "
,BMG653181005,2689 HK,"221,000",NINE DRAGONS PAPER HOLDINGS,3.58,3.18,HKD,HKD, Hong Kong ,#N/A Field Not Applicable,HK,"2,090 Million",,," 4,692.22 ",,, 39.67 ,,"13,294,180",,"5,744,227",,,18.84%,31.75%,21.25%,31.75%,31.75%,65%,65%," 101,155 "," 65,750 "," 65,750 "
,BMG8162K1137,460 HK,"156,000",SIHUAN PHARMACEUTICAL HLDGS,0.58,0.53,HKD,HKD, Hong Kong ,#N/A Field Not Applicable,HK,681 Million,,," 9,330.00 ",,, 37.98 ,,"7,080,363",,"525,504",,,18.12%,52.75%,21.25%,52.75%,52.75%,45%,45%," 11,568 "," 5,206 "," 5,206 "
,KYG8167W1380,1177 HK,"797,888",SINO BIOPHARMACEUTICAL,3.27,2.81,HKD,HKD, Hong Kong ,#N/A Field Not Applicable,HK,"7,580 Million",,," 18,801.22 ",,, 40.53 ,,"52,478,720",,"20,793,790",,,19.21%,21.25%,21.25%,21.25%,21.25%,75%,75%," 333,580 "," 250,185 "," 250,185 "
,CNE100000PP1,2208 HK,"259,896",GOLDWIND SCIENCE&TECHNOLOGY,3.18,3.06,HKD,HKD, Hong Kong ,#N/A Field Not Applicable,HK,"4,078 Million",,, 773.57 ,,, 41.55 ,,"5,633,501",,"2,188,286",,,19.64%,31.75%,21.25%,31.75%,31.75%,65%,65%," 105,666 "," 68,683 "," 68,683 "
,CNE100000114,3993 HK,"2,298,000",CMOC GROUP LTD-H,6.35,7.03,HKD,HKD, Hong Kong ,#N/A Field Not Applicable,HK,"22,048 Million",,," 3,933.47 ",,, 39.01 ,,"23,356,740",,"14,733,983",,,18.56%,21.25%,21.25%,21.25%,21.25%,75%,75%," 1,865,665 "," 1,399,249 "," 1,399,249 "
,HK1208013172,1208 HK,"3,000,000",MMG LTD,3.21,3.73,HKD,HKD, Hong Kong ,#N/A Field Not Applicable,HK,"3,479 Million",,," 8,656.05 ",,, 53.37 ,,"19,170,810",,"5,948,848",,,24.64%,31.75%,26.5%,31.75%,31.75%,65%,65%," 1,231,222 "," 800,294 "," 800,294 "
,JP3404600003,8053 JP,"100,000",SUMITOMO CORP,3541,,JPY,, Tokyo ,Tokyo Prime,,"31,502 Million",,," 1,223.08 ",,, 24.56 ,,"3,340,395",,"80,978,231",,,12.13%,21.25%,21.25%,21.25%,21.25%,75%,75%," 2,354,701 "," 1,766,026 "," 1,766,026 "
,JP3402600005,5713 JP,"40,000",SUMITOMO METAL MINING CO LTD,4409,,JPY,, Tokyo ,Tokyo Prime,,"9,310 Million",,, 290.81 ,,, 28.44 ,,"1,524,518",,"45,042,381",,,13.9%,21.25%,21.25%,21.25%,21.25%,75%,75%," 1,172,762 "," 879,572 "," 879,572 "
,US88688T1007,TLRY US,"64,000",TILRAY BRANDS INC,1.92,,USD,, NASDAQ GS ,#N/A Field Not Applicable,UW,"1,426 Million",,, 742.73 ,,, 82.60 ,,"22,796,024",,"45,137,764",,,35.25%,31.75%,37.%,37.%,47.5%,50%,50%," 122,880 "," 61,440 "," 61,440 "
,KYG539641053,3709 HK,"1,680,000",EEKA FASHION HOLDINGS LTD,13.74,13.22,HKD,HKD, Hong Kong ,#N/A Field Not Applicable,HK,"1,227 Million",,, 704.05 ,,, 35.83 ,,"964,250",,"1,713,209",,,23.9%,31.75%,26.5%,31.75%,31.75%,65%,35%," 2,951,250 "," 1,918,312 "," 1,032,937 "
,KYG9400C1116,856 HK,"1,800,000",VSTECS HOLDINGS LTD,4.09,4.83,HKD,HKD, Hong Kong ,#N/A Field Not Applicable,HK,774 Million,,," 1,436.89 ",,, 29.77 ,,"3,796,556",,"2,073,871",,,15.86%,52.75%,21.25%,52.75%,52.75%,45%,45%," 941,252 "," 423,563 "," 423,563 "
,US46138G6492,QQQM US,141,INVESCO NASDAQ 100 ETF,179.99,,USD,, NASDAQ GM ,#N/A Field Not Applicable,UQ,"22,542 Million",,, 125.24 ,,, 16.78 ,,"1,815,817",,"317,308,832",,,8.45%,21.25%,21.25%,21.25%,21.25%,75%,75%," 25,379 "," 19,034 "," 19,034 "
,US46429B7477,STIP US,68,ISHARES 0-5 YEAR TIPS BOND E,98.95,,USD,, NYSE Arca ,#N/A Field Not Applicable,UP,"7,871 Million",,, 79.55 ,,, 3.06 ,,"618,295",,"61,003,888",,,1.6%,21.25%,21.25%,21.25%,21.25%,75%,75%," 6,729 "," 5,046 "," 5,046 "
,US4642886208,USIG UQ,90,ISHARES BROAD USD INVESTMENT,50.275,,USD,, NASDAQ GM ,#N/A Field Not Applicable,UQ,"10,631 Million",,, 211.45 ,,, 7.25 ,,"99,196",,"5,034,010",,,3.74%,21.25%,21.25%,21.25%,21.25%,75%,75%," 4,525 "," 3,394 "," 3,394 "
,US4642882819,EMB US,79,ISHARES JP MORGAN USD EMERGI,88.36,,USD,, NASDAQ GM ,#N/A Field Not Applicable,UQ,"13,395 Million",,, 151.60 ,,, 8.93 ,,"6,339,735",,"557,535,936",,,4.59%,21.25%,21.25%,21.25%,21.25%,75%,75%," 6,980 "," 5,235 "," 5,235 "
,US4642885887,MBB US,277,ISHARES MBS ETF,91.56,,USD,, NASDAQ GM ,#N/A Field Not Applicable,UQ,"27,962 Million",,, 305.40 ,,, 8.59 ,,"2,566,452",,"237,793,120",,,4.42%,21.25%,21.25%,21.25%,21.25%,75%,75%," 25,362 "," 19,022 "," 19,022 "
,US4642871762,TIP US,196,ISHARES TIPS BOND ETF,106.22,,USD,, NYSE Arca ,#N/A Field Not Applicable,#N/A,"18,833 Million",,, 177.30 ,,, 6.76 ,,"2,214,532",,"236,945,856",,,3.5%,21.25%,21.25%,21.25%,21.25%,75%,75%," 20,819 "," 15,614 "," 15,614 "
,US92204A5048,VHT UN,45,VANGUARD HEALTH CARE ETF,266.61,,USD,, NYSE Arca ,#N/A Field Not Applicable,UP,"17,912 Million",,, 67.18 ,,, 11.73 ,,"1,803",,"469,724",,,5.98%,21.25%,21.25%,21.25%,21.25%,75%,75%," 11,997 "," 8,998 "," 8,998 "
,US92204A7028,VGT US,30,VANGUARD INFO TECH ETF,517.98,,USD,, NYSE Arca ,#N/A Field Not Applicable,UP,"64,921 Million",,, 125.33 ,,, 18.42 ,,"514,330",,"256,806,624",,,9.24%,21.25%,21.25%,21.25%,21.25%,75%,75%," 15,539 "," 11,655 "," 11,655 "
,HK0817039453,817 HK,"7,970,000",CHINA JINMAO HOLDINGS GROUP,0.61,0.48,HKD,HKD, Hong Kong ,#N/A Field Not Applicable,HK,"1,019 Million",,," 13,499.59 ",,, 55.45 ,,"31,956,000",,"2,674,711",,,26.01%,31.75%,26.5%,31.75%,31.75%,65%,65%," 621,582 "," 404,028 "," 404,028 "
,KYG4587S1049,337 HK,"13,248,000",GREENLAND HONG KONG HOLDINGS,0.275,0.218,HKD,HKD, Hong Kong ,#N/A Field Not Applicable,HK,96 Million,,," 2,791.89 ",,, 65.39 ,,"1,013,611",,"37,056",,,65.27%,100.%,68.5%,100.%,100.%,0%,0%," 465,793 ", -   , -   
,HK0119000674,119 HK,"1,295,000",POLY PROPERTY GROUP CO LTD,1.45,1.33,HKD,HKD, Hong Kong ,#N/A Field Not Applicable,HK,690 Million,,," 3,821.18 ",,, 39.83 ,,"3,576,061",,"665,551",,,20.04%,52.75%,21.25%,52.75%,52.75%,45%,45%," 240,075 "," 108,034 "," 108,034 "
,HK0000981941,8028 HK,"140,000",TIMELESS RESOURCES HOLDINGS,0.183,#N/A,HKD,#N/A, Hong Kong ,#N/A Field Not Applicable,#N/A,7 Million,,, 281.29 ,,, 63.28 ,,"54,976",,"1,237",,,41.75%,100.%,42.25%,100.%,100.%,0%,0%," 3,276 ", -   , -   
,CNE100001QS1,1359 HK,"350,000",CHINA CINDA ASSET MANAGEME-H,0.72,0.65,HKD,HKD, Hong Kong ,#N/A Field Not Applicable,HK,"3,468 Million",,," 13,567.60 ",,, 34.30 ,,"37,536,080",,"3,562,731",,,16.52%,31.75%,21.25%,31.75%,31.75%,65%,65%," 32,219 "," 20,942 "," 20,942 "
,CNE100002367,2799 HK,"250,000",CHINA CITIC FINANCIAL ASSE-H,0.32,0.29,HKD,HKD, Hong Kong ,#N/A Field Not Applicable,HK,"3,235 Million",,," 35,362.26 ",,, 40.95 ,,"31,269,490",,"1,384,304",,,19.39%,31.75%,21.25%,31.75%,42.25%,55%,55%," 10,228 "," 5,626 "," 5,626 "
,US0567521085,BIDU US,889,BAIDU INC - SPON ADR,104.77,,USD,, NASDAQ GS ,#N/A Field Not Applicable,#N/A,"36,738 Million",,, 285.05 ,,, 41.42 ,,"3,314,021",,"356,052,832",,,19.59%,21.25%,21.25%,21.25%,21.25%,75%,75%," 93,141 "," 69,855 "," 69,855 "
,FR0000131104,BNP FP,390,BNP PARIBAS,61.36,,EUR,, EN Paris ,#N/A Field Not Applicable,FP,"73,811 Million",,," 1,147.48 ",,, 26.58 ,,"2,597,817",,"157,837,526",,,13.05%,21.25%,21.25%,21.25%,21.25%,75%,75%," 25,963 "," 19,472 "," 19,472 "
,CNE100001T80,1816 HK,"34,264",CGN POWER CO LTD-H,2.4,2.35,HKD,HKD, Hong Kong ,#N/A Field Not Applicable,HK,"24,238 Million",,," 11,163.63 ",,, 23.15 ,,"52,470,930",,"15,124,875",,,11.47%,21.25%,21.25%,21.25%,21.25%,75%,75%," 10,514 "," 7,885 "," 7,885 "
,CNE100001NT6,6881 HK,"147,700",CHINA GALAXY SECURITIES CO-H,4.19,3.81,HKD,HKD, Hong Kong ,#N/A Field Not Applicable,HK,"14,408 Million",,," 3,690.99 ",,, 33.67 ,,"18,313,630",,"9,362,923",,,16.24%,21.25%,21.25%,21.25%,21.25%,75%,75%," 79,123 "," 59,342 "," 59,342 "
,CNE1000007Z2,390 HK,"80,147",CHINA RAILWAY GROUP LTD-H,3.97,3.85,HKD,HKD, Hong Kong ,#N/A Field Not Applicable,HK,"21,429 Million",,," 4,207.39 ",,, 37.13 ,,"22,311,810",,"10,253,038",,,17.75%,21.25%,21.25%,21.25%,21.25%,75%,75%," 40,681 "," 30,510 "," 30,510 "
,HK0000049939,762 HK,"104,000",CHINA UNICOM HONG KONG LTD,5.56,5.64,HKD,HKD, Hong Kong ,#N/A Field Not Applicable,HK,"21,813 Million",,," 30,598.12 ",,, 32.68 ,,"36,068,080",,"24,020,734",,,15.8%,21.25%,21.25%,21.25%,21.25%,75%,75%," 73,930 "," 55,447 "," 55,447 "
,US19260Q1076,COIN UW,"1,250",COINBASE GLOBAL INC -CLASS A,239.62,,USD,, NASDAQ GS ,#N/A Field Not Applicable,UW,"58,054 Million",,, 195.53 ,,, 80.89 ,,"3,632,181",,"637,718,272",,,34.67%,21.25%,37.%,37.%,37.%,60%,60%," 299,525 "," 179,715 "," 179,715 "
,CNE1000002J7,1919 HK,"362,140",COSCO SHIPPING HOLDINGS CO-H,8.52,8.59,HKD,HKD, Hong Kong ,#N/A Field Not Applicable,HK,"21,558 Million",,," 3,199.78 ",,, 37.88 ,,"22,514,780",,"23,503,456",,,18.07%,21.25%,21.25%,21.25%,21.25%,75%,75%," 394,481 "," 295,861 "," 295,861 "
,DE0005140008,DBK GY,"2,000",DEUTSCHE BANK AG-REGISTERED,13.506,,EUR,, Xetra ,#N/A Field Not Applicable,GY,"28,187 Million",,," 1,994.70 ",,, 29.68 ,,"8,408,529",,"108,757,069",,,14.46%,21.25%,21.25%,21.25%,21.25%,75%,75%," 29,307 "," 21,980 "," 21,980 "
,DE0005552004,DHL GY,900,DHL GROUP,38.535,,EUR,, Xetra ,#N/A Field Not Applicable,GY,"49,949 Million",,," 1,239.06 ",,, 21.66 ,,"2,483,269",,"109,655,509",,,10.77%,21.25%,21.25%,21.25%,21.25%,75%,75%," 37,628 "," 28,221 "," 28,221 "
,KYG4100M1050,3900 HK,"1,364,732",GREENTOWN CHINA HOLDINGS,6.55,5.66,HKD,HKD, Hong Kong ,#N/A Field Not Applicable,HK,"2,045 Million",,," 2,532.00 ",,, 55.00 ,,"10,207,950",,"8,393,720",,,25.2%,31.75%,26.5%,31.75%,31.75%,65%,65%," 1,142,875 "," 742,869 "," 742,869 "
,KYG4290A1013,6862 HK,"4,000",HAIDILAO INTERNATIONAL HOLDI,17.3,17.2,HKD,HKD, Hong Kong ,#N/A Field Not Applicable,HK,"12,470 Million",,," 5,574.00 ",,, 47.51 ,,"15,279,090",,"27,879,348",,,22.12%,21.25%,26.5%,26.5%,26.5%,70%,70%," 8,847 "," 6,193 "," 6,193 "
,US4370761029,HD US,207,HOME DEPOT INC,371.91,,USD,, New York ,#N/A Field Not Applicable,UN,"368,569 Million",,, 991.02 ,,, 19.22 ,,"3,273,863",,"1,179,065,728",,,9.62%,21.25%,21.25%,21.25%,21.25%,75%,75%," 76,985 "," 57,739 "," 57,739 "
,DE0006231004,IFX GY,356,INFINEON TECHNOLOGIES AG,32,,EUR,, Xetra ,#N/A Field Not Applicable,GY,"43,250 Million",,," 1,305.92 ",,, 35.75 ,,"4,407,943",,"155,915,281",,,17.15%,21.25%,21.25%,21.25%,21.25%,75%,75%," 12,360 "," 9,270 "," 9,270 "
,IE00B4L5Y983,IWDA LN,"4,500",ISHARES CORE MSCI WORLD,97.18,,USD,, London ,#N/A Field Not Applicable,#N/A,"71,631 Million",,, 740.14 ,,, 12.13 ,,"241,441",,"22,447,650",,,6.18%,21.25%,21.25%,21.25%,21.25%,75%,75%," 437,310 "," 327,983 "," 327,983 "
,KYG5215A1004,9997 HK,"9,500",KANGJI MEDICAL HOLDINGS LTD,7.31,6.6,HKD,HKD, Hong Kong ,#N/A Field Not Applicable,HK,"1,115 Million",,," 1,214.82 ",,, 40.77 ,,"740,772",,"618,493",,,19.31%,31.75%,21.25%,31.75%,31.75%,65%,65%," 8,879 "," 5,771 "," 5,771 "
,KYG532631028,1024 HK,"6,000",KUAISHOU TECHNOLOGY,52.85,49.65,HKD,HKD, Hong Kong ,#N/A Field Not Applicable,HK,"28,870 Million",,," 3,592.01 ",,, 47.70 ,,"18,438,740",,"109,617,951",,,22.2%,21.25%,26.5%,26.5%,26.5%,70%,70%," 40,542 "," 28,379 "," 28,379 "
,JP3756600007,7974 JP,90,NINTENDO CO LTD,8286,,JPY,, Tokyo ,Tokyo Prime,,"77,983 Million",,," 1,298.69 ",,, 22.80 ,,"5,194,547",,"303,347,367",,,11.31%,21.25%,21.25%,21.25%,21.25%,75%,75%," 4,959 "," 3,719 "," 3,719 "
,US7223041028,PDD US,"7,118",PDD HOLDINGS INC,128.71,,USD,, NASDAQ GS ,#N/A Field Not Applicable,#N/A,"171,002 Million",,," 1,328.59 ",,, 54.00 ,,"7,394,893",,"979,151,680",,,24.74%,21.25%,26.5%,26.5%,26.5%,70%,70%," 916,158 "," 641,310 "," 641,310 "
,DE0007037129,RWE GR,455,RWE AG,31.06,,EUR,, Xetra ,#N/A Field Not Applicable,GY,"23,792 Million",,, 743.84 ,,, 20.68 ,,"2,615,239",,"92,437,526",,,10.31%,21.25%,21.25%,21.25%,21.25%,75%,75%," 15,333 "," 11,500 "," 11,500 "
,KYG7956A1094,1030 HK,"413,000",SEAZEN GROUP LTD,1.09,1.01,HKD,HKD, Hong Kong ,#N/A Field Not Applicable,HK,950 Million,,," 7,065.74 ",,, 68.31 ,,"23,873,550",,"3,400,175",,,30.2%,52.75%,31.75%,52.75%,52.75%,45%,45%," 57,555 "," 25,900 "," 25,900 "
,KYG8087W1015,2313 HK,"13,428",SHENZHOU INTERNATIONAL GROUP,67.95,72.05,HKD,HKD, Hong Kong ,#N/A Field Not Applicable,HK,"12,890 Million",,," 1,503.22 ",,, 43.07 ,,"3,583,011",,"32,398,495",,,20.28%,21.25%,21.25%,21.25%,21.25%,75%,75%," 116,657 "," 87,493 "," 87,493 "
,US2935941078,ENVX UW,"1,400",ENOVIX CORP,7.33,,USD,, NASDAQ GS ,#N/A Field Not Applicable,#N/A,"1,235 Million",,, 168.50 ,,, 79.90 ,,"1,250,353",,"13,169,022",,,34.33%,31.75%,37.%,37.%,47.5%,50%,50%," 10,262 "," 5,131 "," 5,131 "
,US29786A1060,ETSY US,870,ETSY INC,66.07,,USD,, NASDAQ GS ,#N/A Field Not Applicable,UW,"7,829 Million",,, 118.49 ,,, 46.14 ,,"4,072,909",,"301,175,680",,,21.56%,21.25%,26.5%,26.5%,26.5%,70%,70%," 57,481 "," 40,237 "," 40,237 "
,US55087P1049,LYFT UW,"32,420",LYFT INC-A,17.95,,USD,, NASDAQ GS ,#N/A Field Not Applicable,UW,"7,177 Million",,, 391.24 ,,, 71.73 ,,"4,162,327",,"64,617,536",,,31.44%,21.25%,31.75%,31.75%,31.75%,65%,65%," 581,939 "," 378,260 "," 378,260 "
,US0865161014,BBY US,100,BEST BUY CO INC,77.13,,USD,, New York ,#N/A Field Not Applicable,UN,"16,612 Million",,, 215.38 ,,, 27.21 ,,"2,908,283",,"221,225,152",,,13.34%,21.25%,21.25%,21.25%,21.25%,75%,75%," 7,713 "," 5,785 "," 5,785 "
,US08975P1084,BIGC UQ,250,BIGCOMMERCE HOLDINGS-SER 1,7.21,,USD,, NASDAQ GM ,#N/A Field Not Applicable,UQ,552 Million,,, 76.60 ,,, 57.21 ,,"241,424",,"2,003,500",,,26.%,52.75%,26.5%,52.75%,84.25%,15%,15%," 1,803 ", 270 , 270 
,CA09228F1036,BB US,"1,000",BLACKBERRY LTD,2.65,,USD,, New York ,#N/A Field Not Applicable,CT,"1,561 Million",,, 588.93 ,,, 59.63 ,,"9,239,695",,"28,142,846",,,26.93%,31.75%,31.75%,31.75%,42.25%,55%,55%," 2,650 "," 1,458 "," 1,458 "
,US12468P1049,AI UN,300,C3.AI INC-A,29.05,,USD,, New York ,#N/A Field Not Applicable,UN,"3,546 Million",,, 118.55 ,,, 95.85 ,,"1,276,320",,"37,664,608",,,39.61%,31.75%,42.25%,42.25%,42.25%,55%,55%," 8,715 "," 4,793 "," 4,793 "
,US15961R1059,CHPT UN,"2,000",CHARGEPOINT HOLDINGS INC,1.72,,USD,, New York ,#N/A Field Not Applicable,UN,724 Million,,, 421.00 ,,, 88.38 ,,"2,479,415",,"5,069,317",,,37.19%,52.75%,42.25%,52.75%,84.25%,15%,15%," 3,440 ", 516 , 516 
,US18914F1030,CLOV US,"1,000",CLOVER HEALTH INVESTMENTS CO,0.7832,,USD,, NASDAQ GS ,#N/A Field Not Applicable,UW,388 Million,,, 405.64 ,,, 70.80 ,,"9,603,750",,"8,687,872",,,31.11%,73.75%,31.75%,73.75%,100.%,0%,0%, 783 , -   , -   
,US44812J1043,HUT UW,360,HUT 8 CORP,7.79,,USD,, NASDAQ GS ,#N/A Field Not Applicable,#N/A,694 Million,,, 89.09 ,,, 107.58 ,,"1,375,680",,"14,216,877",,,43.23%,52.75%,47.5%,52.75%,84.25%,15%,15%," 2,804 ", 421 , 421 
,US52567D1072,LMND UN,"1,800",LEMONADE INC,16.04,,USD,, New York ,#N/A Field Not Applicable,UN,"1,126 Million",,, 70.22 ,,, 88.24 ,,"443,875",,"7,574,847",,,37.14%,31.75%,42.25%,42.25%,42.25%,55%,55%," 28,872 "," 15,880 "," 15,880 "
,US5657881067,MARA UN,600,MARATHON DIGITAL HOLDINGS IN,19.4,,USD,, NASDAQ CM ,#N/A Field Not Applicable,UR,"5,192 Million",,, 267.64 ,,, 115.86 ,,"1,215,435",,"27,592,432",,,45.65%,21.25%,47.5%,47.5%,47.5%,0%,0%," 11,640 ", -   , -   
,US5770961002,MTTR US,200,MATTERPORT INC,1.83,,USD,, NASDAQ GM ,#N/A Field Not Applicable,UQ,569 Million,,, 310.91 ,,, 65.18 ,,"2,469,208",,"5,597,800",,,29.04%,52.75%,31.75%,52.75%,84.25%,15%,15%, 366 , 55 , 55 
,US6700024010,NVAX UW,20,NOVAVAX INC,5.14,,USD,, NASDAQ GS ,#N/A Field Not Applicable,UW,719 Million,,, 139.95 ,,, 89.60 ,,"2,283,446",,"10,893,502",,,37.59%,52.75%,42.25%,52.75%,84.25%,15%,15%, 103 , 15 , 15 
,US70614W1009,PTON US,400,PELOTON INTERACTIVE INC-A,4.36,,USD,, NASDAQ GS ,#N/A Field Not Applicable,UW,"1,600 Million",,, 348.86 ,,, 82.74 ,,"14,523,892",,"76,441,696",,,35.3%,31.75%,37.%,37.%,47.5%,50%,50%," 1,744 ", 872 , 872 
,US72352L1061,PINS US,550,PINTEREST INC- CLASS A,33.98,,USD,, New York ,#N/A Field Not Applicable,UN,"23,072 Million",,, 595.21 ,,, 43.43 ,,"9,841,874",,"363,479,104",,,20.43%,21.25%,21.25%,21.25%,21.25%,75%,75%," 18,689 "," 14,017 "," 14,017 "
,US74767V1098,QS US,"1,500",QUANTUMSCAPE CORP,5.7,,USD,, New York ,#N/A Field Not Applicable,UN,"2,826 Million",,, 441.14 ,,, 80.02 ,,"10,054,056",,"76,163,024",,,34.37%,31.75%,37.%,37.%,47.5%,50%,50%," 8,550 "," 4,275 "," 4,275 "
,US7672921050,RIOT UR,400,RIOT PLATFORMS INC,11.43,,USD,, NASDAQ CM ,#N/A Field Not Applicable,UR,"2,898 Million",,, 253.54 ,,, 100.75 ,,"5,931,007",,"84,088,792",,,41.15%,31.75%,42.25%,42.25%,42.25%,0%,0%," 4,572 ", -   , -   
,US83406F1021,SOFI UW ,"1,500",SOFI TECHNOLOGIES INC,7.08,,USD,, NASDAQ GS ,#N/A Field Not Applicable,UW,"6,915 Million",,, 976.74 ,,, 69.62 ,,"9,700,611",,"79,897,528",,,30.67%,21.25%,31.75%,31.75%,42.25%,55%,55%," 10,620 "," 5,841 "," 5,841 "
,KYG851581069,STNE UW,700,STONECO LTD-A,17.47,,USD,, NASDAQ GS ,#N/A Field Not Applicable,UW,"5,490 Million",,, 295.50 ,,, 48.20 ,,"1,428,675",,"24,809,000",,,22.4%,21.25%,26.5%,26.5%,26.5%,70%,70%," 12,229 "," 8,560 "," 8,560 "
,US87663X1028,TTCFQ UV,300,TATTOOED CHEF INC,0.0005,,USD,, OTC US ,#N/A Field Not Applicable,UV,0 Million,,, 83.66 ,,," 2,617.37 ",,"81,485",,355,,,100.%,100.%,100.%,100.%,100.%,0%,0%, 0 , -   , -   
,US91531W1062,TIGR US,500,UP FINTECH HOLDING LTD - ADR,4.48,,USD,, NASDAQ GS ,#N/A Field Not Applicable,#N/A,766 Million,,, 156.11 ,,, 64.73 ,,"893,898",,"3,672,051",,,28.87%,52.75%,31.75%,52.75%,84.25%,15%,15%," 2,240 ", 336 , 336 
,US98138J2069,WKHS US,"3,000",WORKHORSE GROUP INC,0.2486,,USD,, NASDAQ CM ,#N/A Field Not Applicable,UR,78 Million,,, 314.83 ,,, 86.27 ,,"8,350,590",,"2,638,821",,,36.49%,100.%,37.%,100.%,100.%,0%,0%, 746 , -   , -   
,US98954M2008,Z US,100,ZILLOW GROUP INC - C,47.67,,USD,, NASDAQ GS ,#N/A Field Not Applicable,UW,"11,070 Million",,, 171.97 ,,, 44.16 ,,"4,015,128",,"220,542,048",,,20.74%,21.25%,21.25%,21.25%,21.25%,75%,75%," 4,767 "," 3,575 "," 3,575 "
,CNE100003PG4,3759 HK,"81,000",PHARMARON BEIJING CO LTD-H,10.72,8.86,HKD,HKD, Hong Kong ,#N/A Field Not Applicable,HK,"5,110 Million",,, 301.54 ,,, 68.84 ,,"6,433,698",,"9,275,994",,,30.39%,21.25%,31.75%,31.75%,31.75%,65%,65%," 111,017 "," 72,161 "," 72,161 "
,US4642874329,TLT UQ,975,ISHARES 20+ YEAR TREASURY BD,92.66,,USD,, NASDAQ GM ,#N/A Field Not Applicable,UQ,"47,637 Million",,, 514.10 ,,, 17.90 ,,"16,484,458",,"1,572,594,688",,,8.99%,21.25%,21.25%,21.25%,21.25%,75%,75%," 90,344 "," 67,758 "," 67,758 "
,US25460G1958,YINN US,"949,000",DRX DLY FTSE CHINA BULL 3X,19.18,,USD,, NYSE Arca ,#N/A Field Not Applicable,UP,"1,011 Million",,, 52.69 ,,, 83.94 ,,"8,382,591",,"146,637,472",,,35.72%,31.75%,37.%,37.%,37.%,60%,60%," 18,201,820 "," 10,921,092 "," 10,921,092 "
,US1488061029,CTLT US,"4,200",CATALENT INC,55.96,,USD,, New York ,#N/A Field Not Applicable,UN,"10,114 Million",,, 180.74 ,,, 64.85 ,,"2,780,877",,"152,221,584",,,28.91%,21.25%,31.75%,31.75%,31.75%,65%,65%," 235,032 "," 152,771 "," 152,771 "
,US78667J1088,SAGE UQ,"9,700",SAGE THERAPEUTICS INC,19.37,,USD,, NASDAQ GM ,#N/A Field Not Applicable,#N/A,"1,164 Million",,, 60.11 ,,, 95.73 ,,"399,581",,"9,363,906",,,39.57%,31.75%,42.25%,42.25%,42.25%,55%,55%," 187,889 "," 103,339 "," 103,339 "
,US90138A1034,VNET US,"20,000",VNET GROUP INC-ADR,1.86,,USD,, NASDAQ GS ,#N/A Field Not Applicable,#N/A,479 Million,,, 252.23 ,,, 81.92 ,,"2,600,916",,"5,329,887",,,35.02%,63.25%,37.%,63.25%,94.75%,5%,5%," 37,200 "," 1,860 "," 1,860 "
,BMG2164J1099,8083 HK,"36,000",CHINA YOUZAN LTD,0.088,0.079,HKD,HKD, Hong Kong ,#N/A Field Not Applicable,HK,363 Million,,," 32,978.31 ",,, 69.66 ,,"69,044,000",,"858,500",,,30.69%,73.75%,31.75%,73.75%,100.%,0%,0%, 405 , -   , -   
,KYG3825B1059,1548 HK,"18,000",GENSCRIPT BIOTECH CORP,16.74,#N/A,HKD,#N/A, Hong Kong ,#N/A Field Not Applicable,#N/A,"4,228 Million",,," 2,123.27 ",,, 58.93 ,,"11,487,480",,"23,282,899",,,26.66%,31.75%,31.75%,31.75%,31.75%,65%,65%," 38,525 "," 25,041 "," 25,041 "
,HK0000218211,1347 HK,"10,000",HUA HONG SEMICONDUCTOR LTD,17.12,15.04,HKD,HKD, Hong Kong ,#N/A Field Not Applicable,HK,"4,733 Million",,," 1,308.86 ",,, 55.88 ,,"9,166,779",,"19,459,992",,,25.48%,31.75%,26.5%,31.75%,31.75%,65%,65%," 21,888 "," 14,227 "," 14,227 "
,KYG9830N1097,2400 HK,"2,000",XD INC,15.92,13.96,HKD,HKD, Hong Kong ,#N/A Field Not Applicable,HK,958 Million,,, 480.46 ,,, 61.51 ,,"4,644,175",,"7,076,608",,,27.65%,52.75%,31.75%,52.75%,52.75%,45%,45%," 4,071 "," 1,832 "," 1,832 "
,KYG989BA1027,6979 HK,"188,600",ZJLD GROUP INC,11,10.64,HKD,HKD, Hong Kong ,#N/A Field Not Applicable,HK,"4,580 Million",,," 3,388.62 ",,, 62.16 ,,"6,507,839",,"7,387,927",,,27.9%,31.75%,31.75%,31.75%,31.75%,65%,65%," 265,243 "," 172,408 "," 172,408 "
,TH0122010R10,KCE-R TB,"406,000",KCE ELECTRONICS - NVDR,38.75,,THB,, Bangkok ,#N/A Field Not Applicable,TB,"1,279 Million",,," 1,182.09 ",,, 39.84 ,,"8,692,364",,"11,030,487",,,18.91%,31.75%,21.25%,31.75%,31.75%,65%,65%," 436,226 "," 283,547 "," 283,547 "
,TH0885010Z12,PYLON/F TB,"1,046,600",PYLON PCL-FOREIGN,5.55,,THB,, Bangkok ,#N/A Field Not Applicable,TB,116 Million,,, 749.87 ,,, -   ,,0,,,,,0.%,100.%,21.25%,100.%,100.%,0%,0%," 161,060 ", -   , -   
,TH0885010R12,PYLON-R TB,"54,200",PYLON PCL-NVDR,2.54,,THB,, Bangkok ,#N/A Field Not Applicable,TB,51 Million,,, 749.87 ,,, 27.34 ,,"405,788",,"28,983",,,13.44%,100.%,21.25%,100.%,100.%,0%,0%," 3,817 ", -   , -   
,TH0695010R15,TNITY-R TB,"825,000",TRINITY WATTHANA PCL-NVDR,4.24,,THB,, Bangkok ,#N/A Field Not Applicable,TB,27 Million,,, 214.40 ,,, 54.32 ,,"899,698",,"125,847",,,29.71%,100.%,31.75%,100.%,100.%,0%,0%," 96,992 ", -   , -   
,US92556V1061,VTRS US,745,VIATRIS INC,11.76,,USD,, NASDAQ GS ,#N/A Field Not Applicable,UW,"13,966 Million",,," 1,187.57 ",,, 28.04 ,,"10,373,685",,"124,327,488",,,13.72%,21.25%,21.25%,21.25%,21.25%,75%,75%," 8,761 "," 6,571 "," 6,571 "
,USN070592100,ASML US,232,ASML HOLDING NV-NY REG SHS,941.34,,USD,, NASDAQ GS ,#N/A Field Not Applicable,UW,"376,145 Million",,, 399.58 ,,, 32.34 ,,"1,207,182",,"1,047,065,408",,,15.65%,21.25%,21.25%,21.25%,21.25%,75%,75%," 218,391 "," 163,793 "," 163,793 "
,0,24 HK,"4,000,000",BURWILL HOLDINGS LTD,#N/A N/A,#N/A,HKD,#N/A, #N/A Field Not Applicable ,#N/A Field Not Applicable,#N/A,,,," 5,111.62 ",,, #N/A N/A ,,#N/A N/A,,,,,0.%,21.25%,21.25%,21.25%,#VALUE!,0%,0%, -   , -   , -   
,KYG3774X1088,3800 HK,"2,000,000",GCL TECHNOLOGY HOLDINGS LTD,1.38,1.22,HKD,HKD, Hong Kong ,#N/A Field Not Applicable,HK,"4,999 Million",,," 26,938.93 ",,, 49.75 ,,"124,754,200",,"17,879,156",,,23.03%,31.75%,26.5%,31.75%,31.75%,65%,65%," 352,873 "," 229,368 "," 229,368 "
,US38747R8271,NVDL UQ,"12,000",GRANITESH 2X LNG NVDA ETF,40.23,,USD,, NASDAQ GM ,#N/A Field Not Applicable,#N/A,"2,049 Million",,, 50.93 ,,, 74.29 ,,"2,084,255",,"69,002,000",,,32.36%,31.75%,37.%,37.%,37.%,60%,60%," 482,760 "," 289,656 "," 289,656 "
,US25460G8318,JNUG UP,"1,500",DIREXION DAILY JUNIOR GOLD M,30.02,,USD,, NYSE Arca ,#N/A Field Not Applicable,UP,285 Million,,, 9.49 ,,, 66.31 ,,"320,355",,"9,031,970",,,29.46%,84.25%,31.75%,84.25%,84.25%,15%,15%," 45,030 "," 6,755 "," 6,755 "
,KYG5966D1051,1357 HK,"300,000",MEITU INC,3.61,3.1,HKD,HKD, Hong Kong ,#N/A Field Not Applicable,HK,"1,983 Million",,," 4,477.76 ",,, 80.66 ,,"72,310,900",,"27,172,358",,,34.59%,31.75%,37.%,37.%,37.%,60%,60%," 138,464 "," 83,079 "," 83,079 "
,KYG8020E1199,981 HK,"539,400",SEMICONDUCTOR MANUFACTURING,17.02,14.76,HKD,HKD, Hong Kong ,#N/A Field Not Applicable,HK,"25,662 Million",,," 5,973.24 ",,, 47.92 ,,"37,721,110",,"78,979,574",,,22.29%,21.25%,26.5%,26.5%,26.5%,70%,70%," 1,173,763 "," 821,634 "," 821,634 "
,CNE1000036N7,1787 HK,"300,000",SHANDONG GOLD MINING CO LT-H,14.84,17.86,HKD,HKD, Hong Kong ,#N/A Field Not Applicable,HK,"14,276 Million",,, 858.99 ,,, 34.84 ,,"3,961,960",,"6,624,782",,,16.75%,21.25%,21.25%,21.25%,21.25%,75%,75%," 569,200 "," 426,900 "," 426,900 "
,KYG040111059,2020 HK,"6,000",ANTA SPORTS PRODUCTS LTD,77.75,87.45,HKD,HKD, Hong Kong ,#N/A Field Not Applicable,HK,"28,187 Million",,," 2,832.62 ",,, 40.48 ,,"8,554,706",,"79,002,969",,,19.18%,21.25%,21.25%,21.25%,21.25%,75%,75%," 59,643 "," 44,732 "," 44,732 "
,ES0113900J37,SAN SQ,"8,609",BANCO SANTANDER SA,4.1375,,EUR,, Soc.Bol SIBE ,#N/A Field Not Applicable,SQ,"68,180 Million",,," 15,825.58 ",,, 26.64 ,,"33,653,340",,"133,377,339",,,13.08%,21.25%,21.25%,21.25%,31.75%,65%,65%," 38,646 "," 25,120 "," 25,120 "
,JP3220580009,2229 JP,"1,500",CALBEE INC,3418,,JPY,, Tokyo ,Tokyo Prime,,"3,315 Million",,, 133.93 ,,, 21.83 ,,"401,977",,"8,913,923",,,10.85%,31.75%,21.25%,31.75%,31.75%,65%,65%," 34,094 "," 22,161 "," 22,161 "
,KYG2177B1014,1113 HK,"6,321",CK ASSET HOLDINGS LTD,36.6,32.4,HKD,HKD, Hong Kong ,#N/A Field Not Applicable,HK,"16,214 Million",,," 3,548.68 ",,, 21.60 ,,"4,496,899",,"21,033,033",,,10.74%,21.25%,21.25%,21.25%,21.25%,75%,75%," 29,579 "," 22,184 "," 22,184 "
,KYG217651051,1 HK,"10,944",CK HUTCHISON HOLDINGS LTD,40.65,38.35,HKD,HKD, Hong Kong ,#N/A Field Not Applicable,HK,"19,804 Million",,," 3,830.05 ",,, 21.09 ,,"4,989,135",,"25,990,593",,,10.51%,21.25%,21.25%,21.25%,21.25%,75%,75%," 56,878 "," 42,659 "," 42,659 "
,US57636Q1040,MA US,550,MASTERCARD INC - A,478.89,,USD,, New York ,#N/A Field Not Applicable,UN,"446,752 Million",,, 925.72 ,,, 16.75 ,,"2,396,132",,"1,076,172,800",,,8.43%,21.25%,21.25%,21.25%,21.25%,75%,75%," 263,390 "," 197,542 "," 197,542 "
,US6174464486,MS US,500,MORGAN STANLEY,87.96,,USD,, New York ,#N/A Field Not Applicable,UN,"143,838 Million",,," 1,635.27 ",,, 26.16 ,,"8,789,394",,"772,406,720",,,12.86%,21.25%,21.25%,21.25%,21.25%,75%,75%," 43,980 "," 32,985 "," 32,985 "
,KYG7800X1079,1928 HK,"5,200",SANDS CHINA LTD,21.35,22.5,HKD,HKD, Hong Kong ,#N/A Field Not Applicable,HK,"21,908 Million",,," 8,093.38 ",,, 36.27 ,,"15,438,130",,"43,629,995",,,17.37%,21.25%,21.25%,21.25%,21.25%,75%,75%," 14,194 "," 10,646 "," 10,646 "
,GB0004082847,2888 HK,"11,143",STANDARD CHARTERED PLC,64.85,702,HKD,GBp, Hong Kong ,#N/A Field Not Applicable,LN,"21,517 Million",,," 2,622.81 ",,, 30.40 ,,"391,301",,"3,111,546",,,14.78%,21.25%,21.25%,21.25%,21.25%,75%,75%," 92,389 "," 69,292 "," 69,292 "
,JP3240700009,6498 JT,"100,000",KITZ CORP,1287,,JPY,, Tokyo ,Tokyo Prime,,839 Million,,, 90.40 ,,, 24.56 ,,"236,368",,"2,104,816",,,13.1%,52.75%,21.25%,52.75%,52.75%,45%,45%," 855,832 "," 385,124 "," 385,124 "
,JP3371200001,4063 JP,"20,000",SHIN-ETSU CHEMICAL CO LTD,6639,,JPY,, Tokyo ,Tokyo Prime,,"96,266 Million",,," 2,001.69 ",,, 26.91 ,,"7,126,149",,"306,001,221",,,13.2%,21.25%,21.25%,21.25%,21.25%,75%,75%," 882,963 "," 662,222 "," 662,222 "
,JP3779000003,5195 JP,"5,000",BANDO CHEMICAL INDUSTRIES,1875,,JPY,, Tokyo ,Tokyo Prime,,605 Million,,, 44.21 ,,, 26.42 ,,"66,367",,"818,604",,,12.98%,52.75%,21.25%,52.75%,52.75%,45%,45%," 62,342 "," 28,054 "," 28,054 "
,JP3788600009,6501 JP,"1,000",HITACHI LTD,12700,,JPY,, Tokyo ,Tokyo Prime,,"87,061 Million",,, 927.17 ,,, 25.97 ,,"2,205,993",,"185,797,902",,,12.78%,21.25%,21.25%,21.25%,21.25%,75%,75%," 84,453 "," 63,340 "," 63,340 "
,SG1S80928447,MYP SP,"7,500",MYP LTD,0.034,,SGD,, Singapore ,#N/A Field Not Applicable,SP,39 Million,,," 1,592.47 ",,, 178.85 ,,"12,540",,299,,,65.71%,100.%,68.5%,100.%,100.%,0%,0%, 190 , -   , -   
,SG1J24887775,SSCL SP,"30,000",SINGAPORE SHIPPING CORP LTD,0.245,,SGD,, Singapore ,#N/A Field Not Applicable,SP,71 Million,,, 400.63 ,,, 40.13 ,,"64,429",,"11,205",,,20.72%,100.%,21.25%,100.%,100.%,0%,0%," 5,475 ", -   , -   
,SG1I47882655,STL SP,"60,000",STAMFORD LAND CORP LTD,0.39,,SGD,, Singapore ,#N/A Field Not Applicable,SP,421 Million,,," 1,485.27 ",,, 17.16 ,,"306,746",,"88,343",,,8.77%,63.25%,21.25%,63.25%,94.75%,5%,5%," 17,431 ", 872 , 872 
,JP3122440005,8715 JT,"177,100",ANICOM HOLDINGS INC,575,,JPY,, Tokyo ,Tokyo Prime,,341 Million,,, 81.31 ,,, 30.42 ,,"329,833",,"1,337,510",,,16.44%,73.75%,21.25%,73.75%,73.75%,25%,25%," 677,168 "," 169,292 "," 169,292 "
,JP3497400006,6383 JP,"12,760",DAIFUKU CO LTD,3371,,JPY,, Tokyo ,Tokyo Prime,,"9,196 Million",,, 379.83 ,,, 32.20 ,,"1,706,163",,"38,671,571",,,15.59%,21.25%,21.25%,21.25%,21.25%,75%,75%," 286,035 "," 214,526 "," 214,526 "
,US8760301072,TPR US,"12,720",TAPESTRY INC,46.69,,USD,, New York ,#N/A Field Not Applicable,UN,"10,709 Million",,, 229.37 ,,, 34.97 ,,"3,717,411",,"155,412,304",,,16.81%,21.25%,21.25%,21.25%,21.25%,75%,75%," 593,897 "," 445,423 "," 445,423 "
,KYG5074A1004,6618 HK,"5,900",JD HEALTH INTERNATIONAL INC,33,25.3,HKD,HKD, Hong Kong ,#N/A Field Not Applicable,HK,"13,122 Million",,," 3,189.12 ",,, 51.49 ,,"5,047,106",,"19,632,222",,,23.74%,21.25%,26.5%,26.5%,26.5%,70%,70%," 24,893 "," 17,425 "," 17,425 "
,BMG1146K1018,686 HK,"1,000,000",BEIJING ENERGY INTERNATIONAL,0.091,0.103,HKD,HKD, Hong Kong ,#N/A Field Not Applicable,HK,274 Million,,," 22,333.64 ",,, 60.67 ,,"10,554,850",,"148,551",,,27.33%,84.25%,31.75%,84.25%,100.%,0%,0%," 11,635 ", -   , -   
,CNE100000247,814 HK,"200,000",BEIJING JINGKELONG CO LTD-H,0.41,0.4,HKD,HKD, Hong Kong ,#N/A Field Not Applicable,HK,21 Million,,, 182.16 ,,, 44.97 ,,"39,934",,"2,388",,,38.84%,100.%,42.25%,100.%,100.%,0%,0%," 10,484 ", -   , -   
,HK0000686565,605 HK,"113,800",CHINA FINANCIAL SERVICES HOL,0.255,0.22,HKD,HKD, Hong Kong ,#N/A Field Not Applicable,HK,7 Million,,, 209.29 ,,, 119.45 ,,"67,715",,"2,684",,,59.12%,100.%,63.25%,100.%,100.%,0%,0%," 3,710 ", -   , -   
,KYG2917V1023,599 HK,"300,000",E. BON HOLDINGS LTD,0.151,0.165,HKD,HKD, Hong Kong ,#N/A Field Not Applicable,HK,15 Million,,, 718.84 ,,, 37.92 ,,"36,613",,751,,,39.82%,100.%,42.25%,100.%,100.%,0%,0%," 5,792 ", -   , -   
,KYG4672G1064,215 HK,"50,000",HUTCHISON TELECOMM HONG KONG,1.04,1.01,HKD,HKD, Hong Kong ,#N/A Field Not Applicable,HK,629 Million,,," 4,819.10 ",,, 21.89 ,,"2,403,192",,"326,527",,,10.88%,52.75%,21.25%,52.75%,52.75%,45%,45%," 6,648 "," 2,992 "," 2,992 "
,BMG5206W1038,180 HK,"100,000",KADER HOLDINGS CO LTD,0.35,0.395,HKD,HKD, Hong Kong ,#N/A Field Not Applicable,HK,49 Million,,, 950.59 ,,, 72.91 ,,"35,918",,"1,478",,,47.3%,100.%,47.5%,100.%,100.%,0%,0%," 4,475 ", -   , -   
,KYG090492094,8412 HK,"3,500",NEW AMANTE GROUP LTD,0.52,0.49,HKD,HKD, Hong Kong ,#N/A Field Not Applicable,HK,7 Million,,, 101.88 ,,, 129.73 ,,"118,824",,"13,140",,,49.47%,100.%,52.75%,100.%,100.%,0%,0%, 233 , -   , -   
,AU000000SDL6,SDL AT,"680,000",SUNDANCE RESOURCES LTD,#N/A N/A,,AUD,, #N/A Field Not Applicable ,#N/A Field Not Applicable,#N/A,,,," 9,450.02 ",,, #N/A N/A ,,#N/A N/A,,,,,0.%,21.25%,21.25%,21.25%,#VALUE!,0%,0%, -   , -   , -   
,BMG9738G1078,99 HK,"100,000",WONG'S INTERNATIONAL HLDGS,1.43,1.35,HKD,HKD, Hong Kong ,#N/A Field Not Applicable,HK,88 Million,,, 478.48 ,,, 31.83 ,,"4,052",,783,,,50.31%,100.%,52.75%,100.%,100.%,0%,0%," 18,283 ", -   , -   
,BMG987731079,75 HK,"100,000",YT REALTY GROUP LTD,0.32,0.29,HKD,HKD, Hong Kong ,#N/A Field Not Applicable,HK,33 Million,,, 799.56 ,,, 88.28 ,,"6,155",,296,,,78.76%,100.%,79.%,100.%,100.%,0%,0%," 4,091 ", -   , -   
,KYG2113L1068,1313 HK,"170,000",CHINA RESOURCES BUILDING MAT,1.36,1.2,HKD,HKD, Hong Kong ,#N/A Field Not Applicable,HK,"1,171 Million",,," 6,982.94 ",,, 43.88 ,,"9,278,133",,"1,649,599",,,20.62%,31.75%,21.25%,31.75%,31.75%,65%,65%," 29,560 "," 19,214 "," 19,214 "
,GB0005405286,HSBA LN,"554,180",HSBC HOLDINGS PLC,602.5,641.7,GBp,GBp, London ,#N/A Field Not Applicable,LN,"138,434 Million",,," 18,998.47 ",,, 22.50 ,,"19,401,820",,"142,696,977",,,11.17%,21.25%,21.25%,21.25%,21.25%,75%,75%," 4,237,764 "," 3,178,323 "," 3,178,323 "
,KYG4818G1010,1801 HK,"25,488",INNOVENT BIOLOGICS INC,42.3,35.75,HKD,HKD, Hong Kong ,#N/A Field Not Applicable,HK,"8,057 Million",,," 1,622.58 ",,, 61.41 ,,"9,781,358",,"47,808,969",,,27.61%,21.25%,31.75%,31.75%,31.75%,65%,65%," 137,843 "," 89,598 "," 89,598 "
,CNE100001M79,2196 HK,"54,168",SHANGHAI FOSUN PHARMACEUTI-H,14.56,11.92,HKD,HKD, Hong Kong ,#N/A Field Not Applicable,HK,"8,305 Million",,, 551.94 ,,, 30.19 ,,"2,206,389",,"4,115,580",,,14.69%,21.25%,21.25%,21.25%,21.25%,75%,75%," 100,836 "," 75,627 "," 75,627 "
,KYG970081173,2269 HK,"6,000",WUXI BIOLOGICS CAYMAN INC,14.76,13.36,HKD,HKD, Hong Kong ,#N/A Field Not Applicable,HK,"7,586 Million",,," 4,258.31 ",,, 76.07 ,,"62,316,260",,"168,733,458",,,32.99%,21.25%,37.%,37.%,37.%,60%,60%," 11,323 "," 6,794 "," 6,794 "
,KYG9808A1058,2268 HK,13,WUXI XDC CAYMAN INC,16.74,18.1,HKD,HKD, Hong Kong ,#N/A Field Not Applicable,HK,"2,566 Million",,," 1,197.61 ",,, #N/A N/A ,,"2,993,892",,"7,954,458",,,0.%,31.75%,21.25%,31.75%,31.75%,65%,0%, 28 , 18 , -   
,US0053291078,ADAG UQ,"1,354,176",ADAGENE INC-ADR,2.7,,USD,, NASDAQ GM ,#N/A Field Not Applicable,#N/A,118 Million,,, 43.83 ,,, 100.75 ,,"27,171",,"84,077",,,94.17%,100.%,94.75%,100.%,100.%,0%,0%," 3,656,275 ", -   , -   
,KYG5747Y1136,8057 HK,"880,000",MADISON HOLDINGS GROUP LTD,0.104,0.125,HKD,HKD, Hong Kong ,#N/A Field Not Applicable,HK,8 Million,,, 623.13 ,,, 129.27 ,,"203,554",,"3,238",,,73.02%,100.%,73.75%,100.%,100.%,0%,0%," 11,701 ", -   , -   
,KYG843961031,1600 HK,"597,000",TIAN LUN GAS HOLDINGS LTD,4.79,4.9,HKD,HKD, Hong Kong ,#N/A Field Not Applicable,HK,604 Million,,, 981.89 ,,, 36.59 ,,"958,859",,"487,113",,,19.83%,52.75%,21.25%,52.75%,52.75%,45%,45%," 365,611 "," 164,525 "," 164,525 "
,CNE1000001W2,914 HK,"300,000",ANHUI CONCH CEMENT CO LTD-H,17.78,16.28,HKD,HKD, Hong Kong ,#N/A Field Not Applicable,HK,"15,771 Million",,," 1,299.60 ",,, 31.27 ,,"5,627,455",,"12,106,402",,,15.17%,21.25%,21.25%,21.25%,21.25%,75%,75%," 681,966 "," 511,475 "," 511,475 "
,HK0000179108,2638 HK,"1,057,500",HK ELECTRIC INVESTMENTS -SS,4.84,4.69,HKD,HKD, Hong Kong ,#N/A Field Not Applicable,HK,"5,406 Million",,," 8,836.20 ",,, 15.07 ,,"3,152,655",,"1,933,449",,,8.06%,21.25%,21.25%,21.25%,21.25%,75%,75%," 654,389 "," 490,791 "," 490,791 "
,CNE1000000V6,2488 HK,"100,500",LAUNCH TECH COMPANY LTD-H,1.9,2.61,HKD,HKD, Hong Kong ,#N/A Field Not Applicable,HK,102 Million,,, 162.23 ,,, 66.95 ,,"86,870",,"19,844",,,36.7%,100.%,37.%,100.%,100.%,0%,0%," 24,413 ", -   , -   
,US77543R1023,ROKU US,312,ROKU INC,63.37,,USD,, NASDAQ GS ,#N/A Field Not Applicable,UW,"9,095 Million",,, 126.16 ,,, 69.55 ,,"6,483,471",,"519,461,984",,,30.65%,21.25%,31.75%,31.75%,31.75%,65%,65%," 19,771 "," 12,851 "," 12,851 "
,CNE100000Q43,1288 HK,"275,000",AGRICULTURAL BANK OF CHINA-H,3.23,3.35,HKD,HKD, Hong Kong ,#N/A Field Not Applicable,HK,"194,161 Million",,," 30,738.82 ",,, 24.09 ,,"107,803,800",,"42,687,934",,,11.91%,21.25%,21.25%,21.25%,21.25%,75%,75%," 113,565 "," 85,174 "," 85,174 "
,US46434G8143,EWM US,"4,000",ISHARES MSCI MALAYSIA ETF,22.07,,USD,, NYSE Arca ,#N/A Field Not Applicable,UP,248 Million,,, 11.25 ,,, 10.99 ,,"332,695",,"7,105,717",,,5.62%,94.75%,21.25%,94.75%,94.75%,5%,5%," 88,280 "," 4,414 "," 4,414 "
,KYG8588S1049,9658 HK,"1,000",SUPER HI INTERNATIONAL HOLDI,11.3,14.1,HKD,HKD, Hong Kong ,#N/A Field Not Applicable,HK,931 Million,,, 619.33 ,,, 54.98 ,,"898,225",,"1,085,186",,,25.12%,52.75%,26.5%,52.75%,52.75%,45%,45%," 1,445 ", 650 , 650 
,JP3397150008,3563 JP,"30,000",FOOD & LIFE COMPANIES LTD,3071,,JPY,, Tokyo ,Tokyo Prime,,"2,598 Million",,, 116.07 ,,, 36.42 ,,"1,610,138",,"34,455,536",,,17.44%,31.75%,21.25%,31.75%,31.75%,65%,65%," 612,648 "," 398,221 "," 398,221 "
,BMG2109G1033,384 HK,"300,000",CHINA GAS HOLDINGS LTD,7.8,6.97,HKD,HKD, Hong Kong ,#N/A Field Not Applicable,HK,"5,364 Million",,," 5,435.57 ",,, 36.09 ,,"6,985,387",,"6,490,464",,,17.3%,21.25%,21.25%,21.25%,21.25%,75%,75%," 299,175 "," 224,382 "," 224,382 "
,CNE100003688,788 HK,"200,000",CHINA TOWER CORP LTD-H,0.94,0.9,HKD,HKD, Hong Kong ,#N/A Field Not Applicable,HK,"20,499 Million",,," 46,663.86 ",,, 28.69 ,,"250,797,200",,"28,960,964",,,14.01%,21.25%,21.25%,21.25%,21.25%,75%,75%," 24,036 "," 18,027 "," 18,027 "
,KYG225371072,400 HK,"256,000",INGDAN INC,1.18,1.01,HKD,HKD, Hong Kong ,#N/A Field Not Applicable,HK,209 Million,,," 1,394.26 ",,, 45.59 ,,"188,623",,"26,837",,,27.7%,94.75%,31.75%,94.75%,94.75%,5%,0%," 38,622 "," 1,931 ", -   
,CNE000000J69,200056 CH,"565,300",SHENZHEN WONGTEE INTL ENT-B,1.15,1.14,HKD,HKD, Shenzhen ,#N/A Field Not Applicable,CS,440 Million,,, 243.24 ,,, 45.74 ,,"372,374",,"52,548",,,28.48%,63.25%,31.75%,63.25%,63.25%,0%,0%," 83,116 ", -   , -   
,US00123Q1040,AGNC US,"24,900",AGNC INVESTMENT CORP,9.6,,USD,, NASDAQ GS ,#N/A Field Not Applicable,#N/A,"6,672 Million",,, 695.02 ,,, 29.18 ,,"12,253,383",,"118,335,528",,,14.23%,21.25%,21.25%,21.25%,31.75%,65%,65%," 239,040 "," 155,376 "," 155,376 "
,US37954Y4834,QYLD US,"15,000",GLOBAL X NASD 100 COV CALL,17.73,,USD,, NASDAQ GM ,#N/A Field Not Applicable,UQ,"7,996 Million",,, 451.00 ,,, 9.07 ,,"3,366,695",,"59,447,604",,,4.66%,21.25%,21.25%,21.25%,21.25%,75%,75%," 265,950 "," 199,463 "," 199,463 "
,US0162551016,ALGN US,484,ALIGN TECHNOLOGY INC,316.14,,USD,, NASDAQ GS ,#N/A Field Not Applicable,#N/A,"23,743 Million",,, 75.10 ,,, 49.85 ,,"828,475",,"234,754,512",,,23.07%,21.25%,26.5%,26.5%,26.5%,70%,70%," 153,012 "," 107,108 "," 107,108 "
,US00214Q2030,ARKQ UN,500,ARK AUTONOMOUS TECH & ROBOT,#N/A N/A,,USD,, Cboe BZX ,#N/A Field Not Applicable,UF,866 Million,,, 16.35 ,,, 28.61 ,,"1,026",,"55,603",,,0.%,52.75%,21.25%,52.75%,#VALUE!,0%,0%, -   , -   , -   
,CH0334081137,CRSP US,400,CRISPR THERAPEUTICS AG,71.47,,USD,, NASDAQ GM ,#N/A Field Not Applicable,UQ,"5,737 Million",,, 80.28 ,,, 61.51 ,,"2,127,650",,"151,655,664",,,27.65%,21.25%,31.75%,31.75%,31.75%,65%,65%," 28,588 "," 18,582 "," 18,582 "
,HK0000248234,3147 HK,"10,000",CSOP SZSE CHINEXT ETF-HKD,7.28,6.895,HKD,HKD, Hong Kong ,#N/A Field Not Applicable,HK,35 Million,,, 38.10 ,,, 25.04 ,,"204,854",,"170,616",,,12.34%,100.%,21.25%,100.%,100.%,0%,0%," 9,308 ", -   , -   
,US34959E1091,FTNT US,800,FORTINET INC,67.55,,USD,, NASDAQ GS ,#N/A Field Not Applicable,UW,"51,543 Million",,, 763.03 ,,, 42.58 ,,"6,416,988",,"418,458,592",,,20.07%,21.25%,21.25%,21.25%,21.25%,75%,75%," 54,040 "," 40,530 "," 40,530 "
,US37954Y8306,COPX US,630,GLOBAL X COPPER MINERS ETF,41.07,,USD,, NYSE Arca ,#N/A Field Not Applicable,UP,"1,508 Million",,, 36.72 ,,, 29.40 ,,"917,364",,"34,841,424",,,14.33%,31.75%,21.25%,31.75%,31.75%,65%,65%," 25,874 "," 16,818 "," 16,818 "
,HK0000516713,2826 HK,"1,500",GLOBAL X CHINA CLOUD COM-HKD,44.82,41.42,HKD,HKD, Hong Kong ,#N/A Field Not Applicable,HK,35 Million,,, 6.10 ,,, 35.15 ,,"16,126",,"86,007",,,16.89%,100.%,21.25%,100.%,100.%,0%,0%," 8,596 ", -   , -   
,CNE1000048K8,6690 HK,"6,000",HAIER SMART HOME CO LTD-H,23.55,25.65,HKD,HKD, Hong Kong ,#N/A Field Not Applicable,HK,"29,660 Million",,," 2,858.55 ",,, 30.83 ,,"10,425,700",,"30,527,926",,,14.98%,21.25%,21.25%,21.25%,21.25%,75%,75%," 18,066 "," 13,549 "," 13,549 "
,US74365P1084,PROSY US,"2,179",PROSUS NV -SPON ADR,5.9,,USD,, OTC US ,#N/A Field Not Applicable,#N/A,"76,072 Million",,," 12,887.09 ",,, 37.29 ,,"1,121,672",,"6,650,403",,,17.82%,21.25%,21.25%,21.25%,31.75%,0%,0%," 12,856 ", -   , -   
,KYG8586D1097,2382 HK,"2,980",SUNNY OPTICAL TECH,54.8,38,HKD,HKD, Hong Kong ,#N/A Field Not Applicable,HK,"7,559 Million",,," 1,096.78 ",,, 50.78 ,,"7,167,275",,"50,434,536",,,23.45%,21.25%,26.5%,26.5%,26.5%,70%,70%," 20,879 "," 14,615 "," 14,615 "
,US87968A1043,TELL UN,"16,000",TELLURIAN INC,0.7249,,USD,, NYSEAmerican ,#N/A Field Not Applicable,UA,567 Million,,, 782.39 ,,, 111.10 ,,"228,075",,"161,254",,,44.27%,52.75%,47.5%,52.75%,84.25%,0%,0%," 11,598 ", -   , -   
,SG1T56930848,WIL SP,"10,000",WILMAR INTERNATIONAL LTD,3.41,,SGD,, Singapore ,#N/A Field Not Applicable,SP,"15,462 Million",,," 6,242.73 ",,, 18.90 ,,"5,304,988",,"12,921,608",,,9.47%,21.25%,21.25%,21.25%,21.25%,75%,75%," 25,402 "," 19,052 "," 19,052 "
,CA0717341071,BHC CN,200,BAUSCH HEALTH COS INC,12.7,,CAD,, Toronto ,#N/A Field Not Applicable,CT,"3,468 Million",,, 365.41 ,,, 52.61 ,,"477,566",,"4,118,090",,,24.18%,31.75%,26.5%,31.75%,#N/A,0%,0%," 1,871 ", -   , -   
,KYG3871A1004,6998 HK,"60,000",GENOR BIOPHARMA HOLDINGS L-A,1.28,1.1,HKD,HKD, Hong Kong ,#N/A Field Not Applicable,HK,81 Million,,, 507.86 ,,, 60.65 ,,"101,061",,"13,984",,,30.47%,100.%,31.75%,100.%,100.%,0%,0%," 9,819 ", -   , -   
,KYG1193D1097,6993 HK,"50,000",BLUE MOON GROUP HOLDINGS LTD,1.79,2.06,HKD,HKD, Hong Kong ,#N/A Field Not Applicable,HK,"1,358 Million",,," 5,862.99 ",,, 43.53 ,,"1,050,590",,"256,547",,,20.47%,31.75%,21.25%,31.75%,31.75%,65%,65%," 11,443 "," 7,438 "," 7,438 "
,KYG2119Z1090,3883 HK,"100,000",CHINA AOYUAN GROUP LTD,0.156,0.13,HKD,HKD, Hong Kong ,#N/A Field Not Applicable,HK,58 Million,,," 2,965.57 ",,, 141.20 ,,"2,498,552",,"60,454",,,52.43%,100.%,52.75%,100.%,100.%,0%,0%," 1,995 ", -   , -   
,HK0656038673,656 HK,"40,000",FOSUN INTERNATIONAL LTD,4.29,4.16,HKD,HKD, Hong Kong ,#N/A Field Not Applicable,HK,"4,365 Million",,," 8,179.01 ",,, 32.31 ,,"2,337,993",,"1,312,392",,,15.64%,31.75%,21.25%,31.75%,31.75%,65%,65%," 21,940 "," 14,261 "," 14,261 "
,KYG9884T1013,1628 HK,"229,865",YUZHOU GROUP HOLDINGS CO LTD,0.075,0.065,HKD,HKD, Hong Kong ,#N/A Field Not Applicable,HK,62 Million,,," 6,543.91 ",,, 84.42 ,,"1,647,116",,"17,450",,,35.99%,100.%,37.%,100.%,100.%,0%,0%," 2,204 ", -   , -   
,US1508376076,CVM US,"12,040",CEL-SCI CORP,2.05,,USD,, NYSEAmerican ,#N/A Field Not Applicable,UA,111 Million,,, 53.98 ,,, 102.63 ,,"348,578",,"867,345",,,41.73%,100.%,42.25%,100.%,100.%,0%,0%," 24,682 ", -   , -   
,US3682872078,OGZPY US,"5,350",GAZPROM PJSC-SPON ADR,#N/A N/A,,USD,, #N/A Field Not Applicable ,#N/A Field Not Applicable,#N/A,,,, #N/A N/A ,,, #N/A N/A ,,#N/A N/A,,,,,0.%,21.25%,21.25%,21.25%,#VALUE!,0%,0%, -   , -   , -   
,NZATME0002S8,A2M AT,"1,300",A2 MILK CO LTD,5.96,,AUD,, ASE ,#N/A Field Not Applicable,NZ,"2,928 Million",,, 722.93 ,,, 32.07 ,,"3,076,922",,"10,457,699",,,15.53%,31.75%,21.25%,31.75%,31.75%,65%,65%," 5,048 "," 3,281 "," 3,281 "
,BMG5351M1082,8172 HK,"1,960,000",LAJIN ENTERTAINMENT NETWORK,0.056,0.059,HKD,HKD, Hong Kong ,#N/A Field Not Applicable,HK,30 Million,,," 4,209.13 ",,, 155.81 ,,"213,732",,"1,503",,,87.57%,100.%,89.5%,100.%,100.%,0%,0%," 14,033 ", -   , -   
,US58733R1023,MELI UW,195,MERCADOLIBRE INC,1509.05,,USD,, NASDAQ GS ,#N/A Field Not Applicable,UW,"76,505 Million",,, 50.70 ,,, 39.25 ,,"114,670",,"188,349,328",,,18.66%,21.25%,21.25%,21.25%,21.25%,75%,75%," 294,265 "," 220,699 "," 220,699 "
,US52736R1023,LEVI UN,"1,300",LEVI STRAUSS & CO- CLASS A,18.28,,USD,, New York ,#N/A Field Not Applicable,UN,"7,276 Million",,, 102.62 ,,, 35.74 ,,"505,405",,"8,564,809",,,17.14%,21.25%,21.25%,21.25%,21.25%,75%,75%," 23,764 "," 17,823 "," 17,823 "
,US63942X1063,NVTS US,"6,000",NAVITAS SEMICONDUCTOR CORP,4.69,,USD,, NASDAQ GM ,#N/A Field Not Applicable,UQ,841 Million,,, 179.25 ,,, 70.25 ,,"2,783,356",,"16,914,744",,,30.9%,52.75%,31.75%,52.75%,84.25%,15%,15%," 28,140 "," 4,221 "," 4,221 "
,DK0060094928,ORSTED DC,300,ORSTED A/S,354.7,,DKK,, Copenhagen ,#N/A Field Not Applicable,DC,,,, 420.38 ,,, 57.45 ,,"718,361",,,,,0.%,21.25%,21.25%,21.25%,#N/A,0%,0%, -   , -   , -   
,US9108734057,UMC US,"1,500",UNITED MICROELECTRON-SP ADR,8.11,,USD,, New York ,#N/A Field Not Applicable,#N/A,"20,322 Million",,," 2,505.81 ",,, 28.69 ,,"7,568,527",,"60,399,724",,,14.01%,21.25%,21.25%,21.25%,31.75%,65%,65%," 12,165 "," 7,907 "," 7,907 "
,US31428X1063,FDX US,243,FEDEX CORP,253.18,,USD,, New York ,#N/A Field Not Applicable,#N/A,"63,268 Million",,, 249.89 ,,, 25.91 ,,"2,481,812",,"617,400,192",,,12.74%,21.25%,21.25%,21.25%,21.25%,75%,75%," 61,523 "," 46,142 "," 46,142 "
,JP3258000003,2503 JP,"4,000",KIRIN HOLDINGS CO LTD,2102,,JPY,, Tokyo ,Tokyo Prime,,"13,849 Million",,, 914.00 ,,, 15.52 ,,"2,965,073",,"44,818,636",,,7.84%,21.25%,21.25%,21.25%,21.25%,75%,75%," 55,912 "," 41,934 "," 41,934 "
,JP3164720009,6723 JP,"1,050",RENESAS ELECTRONICS CORP,2508.5,,JPY,, Tokyo ,Tokyo Prime,,"33,793 Million",,," 1,870.62 ",,, 40.89 ,,"19,328,030",,"351,264,099",,,19.36%,21.25%,21.25%,21.25%,21.25%,75%,75%," 17,515 "," 13,136 "," 13,136 "
,US1251051066,OTGLY US,400,CD PROJEKT SA - UNSP ADR,7.01,,USD,, OTC US ,#N/A Field Not Applicable,#N/A,"2,801 Million",,, 399.64 ,,, 46.06 ,,"14,370",,"98,833",,,21.52%,31.75%,26.5%,31.75%,42.25%,0%,0%," 2,804 ", -   , -   
,US60852L2051,MKDTY UV,533,MOLECULAR DATA INC - ADR,#N/A N/A,,USD,, OTC US ,#N/A Field Not Applicable,#N/A,0 Million,,, 10.96 ,,," 1,694.01 ",,"4,340",,20,,,0.%,100.%,21.25%,100.%,#VALUE!,0%,0%, -   , -   , -   
,US63947X1019,NCNO UW,70,NCINO INC,29.89,,USD,, NASDAQ GS ,#N/A Field Not Applicable,UW,"3,382 Million",,, 113.13 ,,, 49.69 ,,"251,823",,"7,994,937",,,23.01%,31.75%,26.5%,31.75%,31.75%,65%,65%," 2,092 "," 1,360 "," 1,360 "
,US71601V1052,WOOF UN,200,PETCO HEALTH AND WELLNESS CO,2.005,,USD,, NASDAQ GS ,#N/A Field Not Applicable,UW,539 Million,,, 231.20 ,,, 76.43 ,,"114,515",,"313,248",,,33.11%,52.75%,37.%,52.75%,84.25%,15%,15%, 401 , 60 , 60 
,US8334451098,SNOW UN,50,SNOWFLAKE INC-CLASS A,156.31,,USD,, New York ,#N/A Field Not Applicable,UN,"51,473 Million",,, 329.30 ,,, 53.82 ,,"1,232,649",,"239,333,200",,,24.66%,21.25%,26.5%,26.5%,26.5%,70%,70%," 7,816 "," 5,471 "," 5,471 "
,US87165B1035,SYF US,400,SYNCHRONY FINANCIAL,41.75,,USD,, New York ,#N/A Field Not Applicable,UN,"16,986 Million",,, 406.84 ,,, 30.90 ,,"4,333,370",,"170,326,304",,,15.01%,21.25%,21.25%,21.25%,21.25%,75%,75%," 16,700 "," 12,525 "," 12,525 "
,KYG888311134,826 HK,"400,000",TIANGONG INTL CO LTD,1.66,1.64,HKD,HKD, Hong Kong ,#N/A Field Not Applicable,HK,568 Million,,," 2,775.00 ",,, 45.56 ,,"3,545,495",,"797,152",,,21.33%,52.75%,26.5%,52.75%,52.75%,45%,45%," 84,894 "," 38,202 "," 38,202 "
,US6745991058,OXY US,"6,680",OCCIDENTAL PETROLEUM CORP,63.2,,USD,, New York ,#N/A Field Not Applicable,UN,"55,584 Million",,, 879.50 ,,, 25.51 ,,"9,083,095",,"536,984,704",,,12.56%,21.25%,21.25%,21.25%,21.25%,75%,75%," 422,176 "," 316,632 "," 316,632 "
,JP3244800003,2809 JP,"4,500",KEWPIE CORP,2769,,JPY,, Tokyo ,Tokyo Prime,,"2,803 Million",,, 141.50 ,,, 16.20 ,,"342,167",,"6,438,538",,,8.17%,31.75%,21.25%,31.75%,31.75%,65%,65%," 82,860 "," 53,859 "," 53,859 "
,JP3982100004,2651 JP,"1,800",LAWSON INC,10330,,JPY,, Tokyo ,Tokyo Prime,,"7,444 Million",,, 100.30 ,,, 28.86 ,,"696,865",,"46,834,643",,,14.09%,21.25%,21.25%,21.25%,21.25%,75%,75%," 123,647 "," 92,735 "," 92,735 "
,JP3965400009,4912 JP,"355,000",LION CORP,1347,,JPY,, Tokyo ,Tokyo Prime,,"2,745 Million",,, 284.43 ,,, 21.55 ,,"1,355,310",,"12,797,284",,,11.09%,31.75%,21.25%,31.75%,31.75%,65%,65%," 3,179,844 "," 2,066,899 "," 2,066,899 "
,HK0000376142,1475 HK,"40,000",NISSIN FOODS CO LTD,4.9,4.91,HKD,HKD, Hong Kong ,#N/A Field Not Applicable,HK,652 Million,,," 1,043.69 ",,, 22.37 ,,"346,964",,"240,701",,,11.11%,52.75%,21.25%,52.75%,52.75%,45%,45%," 25,059 "," 11,277 "," 11,277 "
,JP3421800008,9735 JP,"1,200",SECOM CO LTD,11350,,JPY,, Tokyo ,Tokyo Prime,,"19,200 Million",,, 233.30 ,,, 18.80 ,,"504,732",,"39,299,389",,,9.42%,21.25%,21.25%,21.25%,21.25%,75%,75%," 90,571 "," 67,928 "," 67,928 "
,JP3415400005,9076 JP,"7,300",SEINO HOLDINGS CO LTD,2175,,JPY,, Tokyo ,Tokyo Prime,,"2,938 Million",,, 187.68 ,,, 30.97 ,,"576,557",,"8,982,808",,,15.04%,31.75%,21.25%,31.75%,31.75%,65%,65%," 105,583 "," 68,629 "," 68,629 "
,JP3574200006,9005 JP,"5,400",TOKYU CORP,1974.5,,JPY,, Tokyo ,Tokyo Prime,,"9,163 Million",,, 624.87 ,,, 19.27 ,,"1,532,832",,"19,811,423",,,9.64%,21.25%,21.25%,21.25%,21.25%,75%,75%," 70,902 "," 53,177 "," 53,177 "
,JP3619800000,3101 JP,"6,700",TOYOBO CO LTD,1132,,JPY,, Tokyo ,Tokyo Prime,,731 Million,,, 89.05 ,,, 19.49 ,,"308,005",,"2,414,054",,,9.75%,52.75%,21.25%,52.75%,52.75%,45%,45%," 50,435 "," 22,696 "," 22,696 "
,JP3992400006,3591 JP,"3,700",WACOAL HOLDINGS CORP,3686,,JPY,, Tokyo ,Tokyo Prime,,"1,606 Million",,, 61.00 ,,, 21.36 ,,"154,603",,"3,948,426",,,10.63%,31.75%,21.25%,31.75%,31.75%,65%,65%," 90,692 "," 58,950 "," 58,950 "
,KR7336260005,336260 KS,140,DOOSAN FUEL CELL CO LTD,20200,,KRW,, Korea SE ,#N/A Field Not Applicable,KP,,,, 65.49 ,,, 38.75 ,,"251,222",,,,,0.%,21.25%,21.25%,21.25%,#N/A,0%,0%, -   , -   , -   
,BMG8403G1033,297 HK,"44,000",SINOFERT HOLDINGS LTD,0.85,0.8,HKD,HKD, Hong Kong ,#N/A Field Not Applicable,HK,773 Million,,," 7,024.46 ",,, 35.74 ,,"4,587,351",,"487,172",,,17.14%,52.75%,21.25%,52.75%,52.75%,45%,45%," 4,782 "," 2,152 "," 2,152 "
,DE000A1EWWW0,ADS GR,69,ADIDAS AG,199.92,,EUR,, Xetra ,#N/A Field Not Applicable,GY,"37,609 Million",,, 180.00 ,,, 32.44 ,,"553,833",,"104,384,823",,,15.69%,21.25%,21.25%,21.25%,21.25%,75%,75%," 14,966 "," 11,225 "," 11,225 "
,CNE1000001V4,347 HK,"40,000",ANGANG STEEL CO LTD-H,1.5,1.27,HKD,HKD, Hong Kong ,#N/A Field Not Applicable,HK,"3,076 Million",,," 1,411.54 ",,, 37.98 ,,"5,097,621",,"906,892",,,18.12%,31.75%,21.25%,31.75%,31.75%,65%,65%," 7,671 "," 4,986 "," 4,986 "
,SG1U25933169,CLCT SP,"22,500",CAPITALAND CHINA TRUST,0.73,,SGD,, Singapore ,#N/A Field Not Applicable,#N/A,895 Million,,," 1,688.86 ",,, 20.44 ,,"3,145,592",,"1,851,146",,,10.2%,52.75%,21.25%,52.75%,84.25%,15%,15%," 12,236 "," 1,835 "," 1,835 "
,US1717793095,CIEN US,395,CIENA CORP,49.5,,USD,, New York ,#N/A Field Not Applicable,UN,"7,158 Million",,, 144.60 ,,, 38.67 ,,"2,173,592",,"114,230,800",,,18.41%,21.25%,21.25%,21.25%,21.25%,75%,75%," 19,553 "," 14,664 "," 14,664 "
,US2948216088,ERIC US,"2,002",ERICSSON (LM) TEL-SP ADR,5.33,,USD,, NASDAQ GS ,#N/A Field Not Applicable,#N/A,"17,837 Million",,," 3,082.40 ",,, 31.16 ,,"15,820,940",,"89,954,008",,,15.12%,21.25%,21.25%,21.25%,31.75%,65%,65%," 10,671 "," 6,936 "," 6,936 "
,US81369Y6059,XLF UP,765,FINANCIAL SELECT SECTOR SPDR,40.87,,USD,, NYSE Arca ,#N/A Field Not Applicable,UP,"36,801 Million",,, 900.45 ,,, 15.52 ,,"11,293,552",,"440,518,304",,,7.84%,21.25%,21.25%,21.25%,21.25%,75%,75%," 31,266 "," 23,449 "," 23,449 "
,US4642882249,ICLN UQ,722,ISHARES GLOBAL CLEAN ENERGY,13.49,,USD,, NASDAQ GM ,#N/A Field Not Applicable,UQ,"2,374 Million",,, 176.00 ,,, 25.71 ,,"797,550",,"11,451,731",,,12.66%,31.75%,21.25%,31.75%,31.75%,65%,65%," 9,740 "," 6,331 "," 6,331 "
,SG1S03926213,MLT SP,"34,100",MAPLETREE LOGISTICS TRUST,1.43,,SGD,, Singapore ,#N/A Field Not Applicable,#N/A,"5,145 Million",,," 4,988.33 ",,, 20.97 ,,"15,893,760",,"17,886,643",,,10.45%,21.25%,21.25%,21.25%,21.25%,75%,75%," 36,325 "," 27,244 "," 27,244 "
,US5854641009,MLCO US,"5,526",MELCO RESORTS & ENTERT-ADR,7.11,,USD,, NASDAQ GS ,#N/A Field Not Applicable,#N/A,"3,108 Million",,, 437.09 ,,, 51.02 ,,"3,294,367",,"27,119,054",,,23.55%,31.75%,26.5%,31.75%,42.25%,55%,55%," 39,290 "," 21,609 "," 21,609 "
,SG1F60858221,STE SP,"26,500",SINGAPORE TECH ENGINEERING,3.92,,SGD,, Singapore ,#N/A Field Not Applicable,SP,"8,838 Million",,," 3,112.17 ",,, 14.75 ,,"3,874,078",,"10,837,994",,,7.47%,21.25%,21.25%,21.25%,21.25%,75%,75%," 77,384 "," 58,038 "," 58,038 "
,NL00150001Q9,STLA UN,857,STELLANTIS NV,28.48,,USD,, New York ,#N/A Field Not Applicable,UN,"90,145 Million",,," 3,165.19 ",,, 28.28 ,,"1,032,748",,"25,123,658",,,13.83%,21.25%,21.25%,21.25%,21.25%,75%,75%," 24,407 "," 18,306 "," 18,306 "
,CH0244767585,UBS US,78,UBS GROUP AG-REG,31.55,,USD,, New York ,#N/A Field Not Applicable,SE,"109,229 Million",,," 3,462.09 ",,, 31.57 ,,"3,444,200",,"102,044,400",,,15.31%,21.25%,21.25%,21.25%,21.25%,75%,75%," 2,461 "," 1,846 "," 1,846 "
,BMG988031446,551 HK,"7,500",YUE YUEN INDUSTRIAL HLDG,11.52,11.12,HKD,HKD, Hong Kong ,#N/A Field Not Applicable,HK,"2,315 Million",,," 1,612.18 ",,, 44.36 ,,"1,986,275",,"2,232,924",,,20.82%,31.75%,21.25%,31.75%,31.75%,65%,65%," 11,046 "," 7,180 "," 7,180 "
,MYL2852OO001,CMS MK,"1,200,000",CAHYA MATA SARAWAK BHD,0.935,,MYR,, Bursa Malays ,#N/A Field Not Applicable,MK,225 Million,,," 1,074.18 ",,, 29.37 ,,"3,180,622",,"732,769",,,15.27%,94.75%,21.25%,94.75%,100.%,0%,0%," 237,074 ", -   , -   
,MYL2836OO004,CAB MK,"87,400",CARLSBERG BREWERY MALAYSIA B,18.78,,MYR,, Bursa Malays ,#N/A Field Not Applicable,#N/A,"1,274 Million",,, 305.75 ,,, 11.33 ,,"171,097",,"728,506",,,6.43%,31.75%,21.25%,31.75%,31.75%,65%,65%," 346,815 "," 225,430 "," 225,430 "
,MYL3182OO002,GENT MK,"2,650,000",GENTING BHD,4.98,,MYR,, Bursa Malays ,#N/A Field Not Applicable,MK,"4,225 Million",,," 3,850.58 ",,, 20.05 ,,"8,000,985",,"8,662,182",,,10.56%,31.75%,21.25%,31.75%,31.75%,65%,65%," 2,788,472 "," 1,812,507 "," 1,812,507 "
,MYL4715OO008,GENM MK,"4,170,000",GENTING MALAYSIA BHD,2.9,,MYR,, Bursa Malays ,#N/A Field Not Applicable,MK,"3,628 Million",,," 5,667.74 ",,, 17.48 ,,"10,927,130",,"6,813,663",,,9.4%,31.75%,21.25%,31.75%,31.75%,65%,65%," 2,555,201 "," 1,660,881 "," 1,660,881 "
,MYL5038OO004,KSL MK,"1,034,600",KSL HOLDINGS BHD,1.46,,MYR,, Bursa Malays ,#N/A Field Not Applicable,#N/A,333 Million,,," 1,017.22 ",,, 40.67 ,,"2,413,807",,"752,051",,,20.77%,73.75%,21.25%,73.75%,73.75%,25%,25%," 319,166 "," 79,791 "," 79,791 "
,MYL5284OO004,TTNP MK,"1,669,876",LOTTE CHEMICAL TITAN HOLDING,1.15,,MYR,, Bursa Malays ,#N/A Field Not Applicable,MK,584 Million,,," 2,277.56 ",,, 35.94 ,,"1,627,861",,"477,921",,,21.27%,52.75%,26.5%,52.75%,52.75%,45%,40%," 405,764 "," 182,594 "," 162,305 "
,MYL5264OO006,MLK MK,"300,000",MALAKOFF CORP BHD,0.63,,MYR,, Bursa Malays ,#N/A Field Not Applicable,MK,681 Million,,," 4,886.96 ",,, 25.53 ,,"1,706,424",,"246,539",,,12.71%,52.75%,21.25%,52.75%,84.25%,15%,15%," 39,935 "," 5,990 "," 5,990 "
,MYL5272OO009,RAHH MK,"969,600",RANHILL UTILITIES BHD,1.12,,MYR,, Bursa Malays ,#N/A Field Not Applicable,#N/A,319 Million,,," 1,289.51 ",,, 53.38 ,,"10,058,270",,"2,455,288",,,24.49%,73.75%,26.5%,73.75%,73.75%,25%,25%," 229,457 "," 57,364 "," 57,364 "
,MYL5135OO008,SPLB MK,"272,000",SARAWAK PLANTATION BHD,2.17,,MYR,, Bursa Malays ,#N/A Field Not Applicable,MK,136 Million,,, 279.03 ,,, 16.36 ,,"64,314",,"30,892",,,15.52%,100.%,21.25%,100.%,100.%,0%,0%," 124,715 ", -   , -   
,MYL5347OO009,TNB MK,"311,600",TENAGA NASIONAL BHD,11.6,,MYR,, Bursa Malays ,#N/A Field Not Applicable,MK,"14,843 Million",,," 5,787.33 ",,, 14.71 ,,"4,822,803",,"11,589,431",,,7.45%,21.25%,21.25%,21.25%,21.25%,75%,75%," 763,742 "," 572,806 "," 572,806 "
,MYL3158OO002,YNHB MK,"400,000",YNH PROPERTY BHD,0.475,,MYR,, Bursa Malays ,#N/A Field Not Applicable,#N/A,55 Million,,, 528.49 ,,, 96.99 ,,"27,743,510",,"4,772,865",,,39.97%,100.%,42.25%,100.%,100.%,0%,0%," 40,146 ", -   , -   
,SG1T74931364,YOMA SP,"1,244,500",YOMA STRATEGIC HLDGS LTD,0.042,,SGD,, Singapore ,#N/A Field Not Applicable,SP,68 Million,,," 2,244.33 ",,, 35.40 ,,"7,365,688",,"297,094",,,17.15%,100.%,21.25%,100.%,100.%,0%,0%," 38,937 ", -   , -   
,JP3273820005,6047 JP,"2,461,900",GUNOSY INC,863,,JPY,, Tokyo ,Tokyo Prime,,158 Million,,, 24.24 ,,, 44.65 ,,"475,087",,"2,613,660",,,39.03%,100.%,42.25%,100.%,100.%,0%,0%," 14,128,340 ", -   , -   
,PHY1633U1098,TECH PM,"50,000",CIRTEK HOLDINGS PHILIPPINES,1.69,,PHP,, Philippines ,#N/A Field Not Applicable,PM,,,, 668.51 ,,, 37.79 ,,"344,565",,,,,0.%,21.25%,21.25%,21.25%,#N/A,0%,0%, -   , -   , -   
,PHY2000J1070,DDMPR PM,"1,000,000",DDMP REIT INC,1.19,,PHP,, Philippines ,#N/A Field Not Applicable,PM,,,," 17,827.47 ",,, 15.35 ,,"1,788,984",,,,,0.%,21.25%,21.25%,21.25%,#N/A,0%,0%, -   , -   , -   
,PHY290451046,GTCAP PM,"16,000",GT CAPITAL HOLDINGS INC,682,,PHP,, Philippines ,#N/A Field Not Applicable,PM,,,, 215.28 ,,, 27.13 ,,"202,586",,,,,0.%,21.25%,21.25%,21.25%,#N/A,0%,0%, -   , -   , -   
,JP3982800009,6963 JP,"12,132",ROHM CO LTD,2491.5,,JPY,, Tokyo ,Tokyo Prime,,"7,431 Million",,, 412.00 ,,, 29.11 ,,"4,220,599",,"79,726,920",,,14.21%,21.25%,21.25%,21.25%,21.25%,75%,75%," 201,003 "," 150,752 "," 150,752 "
,US74347B1109,SPXU UP,"1,500",PROSH ULTRAPRO SHORT S&P 500,6.96,,USD,, NYSE Arca ,#N/A Field Not Applicable,UP,619 Million,,, 89.00 ,,, 36.13 ,,"4,305,090",,"34,333,792",,,17.31%,52.75%,21.25%,52.75%,84.25%,15%,15%," 10,440 "," 1,566 "," 1,566 "
,JP3399400005,6923 JP,"4,000",STANLEY ELECTRIC CO LTD,2717,,JPY,, Tokyo ,Tokyo Prime,,"3,377 Million",,, 171.20 ,,, 27.46 ,,"677,597",,"13,042,819",,,13.45%,31.75%,21.25%,31.75%,31.75%,65%,65%," 72,270 "," 46,976 "," 46,976 "
,NO0010208051,YAR NO,"4,580",YARA INTERNATIONAL ASA,337.5,,NOK,, Oslo ,#N/A Field Not Applicable,NO,,,, 254.73 ,,, 25.49 ,,"711,151",,,,,0.%,21.25%,21.25%,21.25%,#N/A,0%,0%, -   , -   , -   
,TW0002330008,2330 TT,"650,000",TAIWAN SEMICONDUCTOR MANUFAC,764,,TWD,, Taiwan ,#N/A Field Not Applicable,TT,,,," 25,935.03 ",,, 23.08 ,,"44,408,500",,,,,0.%,21.25%,21.25%,21.25%,#N/A,0%,0%, -   , -   , -   
,TW0004129002,4129 TT,"50,000",UNITED ORTHOPEDIC CORP,105,,TWD,, Taipei ,#N/A Field Not Applicable,TT,,,, 87.74 ,,, 41.98 ,,"1,643,843",,,,,0.%,21.25%,21.25%,21.25%,#N/A,0%,0%, -   , -   , -   
,KYG0705A1085,6608 HK,500,BAIRONG INC,13.64,10.72,HKD,HKD, Hong Kong ,#N/A Field Not Applicable,HK,840 Million,,, 412.86 ,,, 51.97 ,,"1,703,936",,"2,719,232",,,23.93%,52.75%,26.5%,52.75%,52.75%,45%,45%, 872 , 392 , 392 
,HK0000701661,3108 HK,"35,000",CSI 300 ESG LEADERS CUSTOM I,7.495,7.37,HKD,HKD, Hong Kong ,#N/A Field Not Applicable,HK,6 Million,,, 6.00 ,,, 14.68 ,,"13,012",,"11,398",,,12.06%,100.%,21.25%,100.%,100.%,0%,0%," 33,539 ", -   , -   
,SG1AF6000009,KDCREIT SP,"58,000",KEPPEL DC REIT,1.67,,SGD,, Singapore ,#N/A Field Not Applicable,#N/A,"2,077 Million",,," 1,722.62 ",,, 26.20 ,,"8,467,775",,"10,788,727",,,12.88%,31.75%,21.25%,31.75%,31.75%,65%,65%," 72,154 "," 46,900 "," 46,900 "
,US53656F4173,METV US,"10,000",ROUNDHILL BALL METAVERSE ETF,12.28,,USD,, NYSE Arca ,#N/A Field Not Applicable,UP,428 Million,,, 34.85 ,,, 21.94 ,,"278,574",,"3,283,524",,,10.9%,63.25%,21.25%,63.25%,63.25%,35%,35%," 122,800 "," 42,980 "," 42,980 "
,GB0002875804,BATS LN,"204,871",BRITISH AMERICAN TOBACCO PLC,2399,2356,GBp,GBp, London ,#N/A Field Not Applicable,LN,"65,219 Million",,," 2,236.14 ",,, 21.88 ,,"3,264,076",,"92,715,792",,,10.87%,21.25%,21.25%,21.25%,21.25%,75%,75%," 6,237,918 "," 4,678,438 "," 4,678,438 "
,US4642875151,IGV US,"1,125",ISHARES EXPANDED TECH-SOFTWA,84.51,,USD,, Cboe BZX ,#N/A Field Not Applicable,UF,"7,395 Million",,, 87.50 ,,, 20.52 ,,"2,921,297",,"244,391,248",,,10.24%,21.25%,21.25%,21.25%,21.25%,0%,0%," 95,074 ", -   , -   
,US4642875235,SOXX UQ,"1,935",ISHARES SEMICONDUCTOR ETF,218.59,,USD,, NASDAQ GM ,#N/A Field Not Applicable,UQ,"12,416 Million",,, 56.80 ,,, 28.48 ,,"1,259,739",,"260,620,960",,,13.92%,21.25%,21.25%,21.25%,21.25%,75%,75%," 422,972 "," 317,229 "," 317,229 "
,US26142V1052,DKNG UW,"1,795",DRAFTKINGS INC-CL A,43.52,,USD,, NASDAQ GS ,#N/A Field Not Applicable,UW,"20,612 Million",,, 473.62 ,,, 48.75 ,,"3,020,803",,"119,391,392",,,22.63%,21.25%,26.5%,26.5%,26.5%,70%,70%," 78,118 "," 54,683 "," 54,683 "
,DE000PAH0038,PAH3 GY,436,PORSCHE AUTOMOBIL HLDG-PRF,48.34,,EUR,, Xetra ,#N/A Field Not Applicable,GY,"15,427 Million",,, 153.13 ,,, 22.81 ,,"916,854",,"44,516,798",,,11.31%,21.25%,21.25%,21.25%,21.25%,75%,75%," 22,867 "," 17,150 "," 17,150 "
,CA74642C3003,BTCC/U CT,"1,368",PURPOSE BITCOIN ETF,12.16,,USD,, Toronto ,#N/A Field Not Applicable,CT,462 Million,,, 38.00 ,,, 52.66 ,,"478,845",,"4,366,152",,,24.2%,63.25%,26.5%,63.25%,63.25%,0%,0%," 16,635 ", -   , -   
,CA74642N3067,ETHH/U CT,"2,500",PURPOSE ETHER ETF,15.11,,USD,, Toronto ,#N/A Field Not Applicable,CT,67 Million,,, 4.45 ,,, 52.76 ,,"47,432",,"641,276",,,24.24%,100.%,26.5%,100.%,100.%,0%,0%," 37,775 ", -   , -   
,US82837P4081,SICP UV,918,SILVERGATE CAPITAL CORP-CL A,0.33,,USD,, OTC US ,#N/A Field Not Applicable,UV,10 Million,,, 31.66 ,,, 276.86 ,,"63,499",,"20,288",,,76.7%,100.%,79.%,100.%,100.%,0%,0%, 303 , -   , -   
,SE0007525332,COINXBE SS,200,BITCOIN TRACKER ONE EUR,2915.35,,EUR,, FN Stockholm ,#N/A Field Not Applicable,#N/A,"1,131 Million",,, 0.40 ,,, 54.63 ,,"1,549",,"3,709,320",,,25.04%,31.75%,26.5%,31.75%,31.75%,0%,0%," 632,603 ", -   , -   
,SG1O33912138,778 HK,"200,000",FORTUNE REIT,4.3,#N/A,HKD,#N/A, Hong Kong ,#N/A Field Not Applicable,#N/A,"1,098 Million",,," 2,014.67 ",,, 22.36 ,,"1,817,244",,"1,050,787",,,11.1%,31.75%,21.25%,31.75%,31.75%,65%,65%," 109,953 "," 71,470 "," 71,470 "
,US49714P1084,KNSL US,"1,400",KINSALE CAPITAL GROUP INC,515.81,,USD,, New York ,#N/A Field Not Applicable,UN,"11,961 Million",,, 23.19 ,,, 39.00 ,,"184,522",,"78,719,832",,,18.55%,21.25%,21.25%,21.25%,21.25%,75%,75%," 722,134 "," 541,601 "," 541,601 "
,US81369Y5069,XLE US,"2,000",ENERGY SELECT SECTOR SPDR,91.14,,USD,, NYSE Arca ,#N/A Field Not Applicable,UP,"37,853 Million",,, 415.32 ,,, 21.56 ,,"16,591,824",,"1,405,489,408",,,10.73%,21.25%,21.25%,21.25%,21.25%,75%,75%," 182,280 "," 136,710 "," 136,710 "
,IE0005042456,ISF LN,"49,050",ISHARES CORE FTSE 100,753.2,779.3,GBp,GBp, London ,#N/A Field Not Applicable,LN,"13,674 Million",,," 1,501.53 ",,, 11.63 ,,"2,210,005",,"19,927,836",,,5.93%,21.25%,21.25%,21.25%,21.25%,75%,75%," 468,898 "," 351,673 "," 351,673 "
,US92204A5048,VHT UP,47,VANGUARD HEALTH CARE ETF,265.63,,USD,, NYSE Arca ,#N/A Field Not Applicable,UP,"17,846 Million",,, 67.18 ,,, 11.33 ,,"31,501",,"8,156,028",,,5.79%,21.25%,21.25%,21.25%,21.25%,75%,75%," 12,485 "," 9,363 "," 9,363 "
,US9485961018,WB US,"50,000",WEIBO CORP-SPON ADR,9.43,,USD,, NASDAQ GS ,#N/A Field Not Applicable,#N/A,"2,288 Million",,, 154.79 ,,, 48.47 ,,"2,245,263",,"20,752,916",,,22.51%,31.75%,26.5%,31.75%,42.25%,55%,55%," 471,500 "," 259,325 "," 259,325 "
,US98422D1054,XPEV US,"33,000",XPENG INC - ADR,9.82,,USD,, New York ,#N/A Field Not Applicable,#N/A,"9,264 Million",,, 769.07 ,,, 78.26 ,,"12,244,587",,"127,689,480",,,33.76%,21.25%,37.%,37.%,47.5%,50%,50%," 324,060 "," 162,030 "," 162,030 "
,SGXC62140063,DHLT SP,"313,300",DAIWA HOUSE LOGISTICS TRUST,0.59,,SGD,, Singapore ,#N/A Field Not Applicable,SP,296 Million,,, 696.07 ,,, 20.07 ,,"565,630",,"258,712",,,11.22%,84.25%,21.25%,84.25%,100.%,0%,0%," 137,699 ", -   , -   
,SG1K37001643,SPLG SP,"17,683",SINGAPORE LAND GROUP LTD,1.79,,SGD,, Singapore ,#N/A Field Not Applicable,SP,"1,873 Million",,," 1,432.67 ",,, 16.48 ,,"28,229",,"38,095",,,9.49%,31.75%,21.25%,31.75%,31.75%,65%,65%," 23,579 "," 15,326 "," 15,326 "
,HK0267001375,267 HK,"100,000",CITIC LTD,8.09,7.19,HKD,HKD, Hong Kong ,#N/A Field Not Applicable,HK,"29,748 Million",,," 29,090.26 ",,, 33.96 ,,"11,582,820",,"11,353,227",,,16.36%,21.25%,21.25%,21.25%,21.25%,75%,75%," 103,433 "," 77,575 "," 77,575 "
,BMG6844T1229,432 HK,"45,360",PACIFIC CENTURY PREMIUM DEVE,0.203,0.185,HKD,HKD, Hong Kong ,#N/A Field Not Applicable,HK,51 Million,,," 2,038.24 ",,, 35.98 ,,"362,468",,"10,229",,,17.28%,100.%,21.25%,100.%,100.%,0%,0%," 1,177 ", -   , -   
,HK0008011667,8 HK,"400,000",PCCW LTD,3.9,3.9,HKD,HKD, Hong Kong ,#N/A Field Not Applicable,HK,"3,863 Million",,," 7,739.64 ",,, 17.93 ,,"7,367,515",,"3,815,539",,,9.%,31.75%,21.25%,31.75%,31.75%,65%,65%," 199,450 "," 129,643 "," 129,643 "
,GB0004082847,STAN LN,"6,990",STANDARD CHARTERED PLC,650.2,702,GBp,GBp, London ,#N/A Field Not Applicable,LN,"20,678 Million",,," 2,622.81 ",,, 30.40 ,,"5,403,097",,"41,527,896",,,14.78%,21.25%,21.25%,21.25%,21.25%,75%,75%," 57,684 "," 43,263 "," 43,263 "
,FR001400J770,AF FP,"2,000",AIR FRANCE-KLM,9.608,,EUR,, EN Paris ,#N/A Field Not Applicable,FP,"2,588 Million",,, 262.77 ,,, 37.22 ,,"1,617,815",,"19,117,744",,,17.79%,31.75%,21.25%,31.75%,42.25%,55%,55%," 20,848 "," 11,467 "," 11,467 "
,DE0007472060,WDI GY,200,WIRECARD AG,#N/A N/A,,EUR,, Hamburg ,#N/A Field Not Applicable,GH,,,, 123.57 ,,, #N/A N/A ,,#N/A N/A,,,,,0.%,21.25%,21.25%,21.25%,#VALUE!,0%,0%, -   , -   , -   
,US50202M1027,LI US,"142,000",LI AUTO INC - ADR,33.15,,USD,, NASDAQ GS ,#N/A Field Not Applicable,#N/A,"35,172 Million",,, 883.10 ,,, 57.62 ,,"8,287,746",,"286,769,248",,,26.16%,21.25%,26.5%,26.5%,26.5%,70%,70%," 4,707,300 "," 3,295,110 "," 3,295,110 "
,CA25039N4084,DAU CV,"5,200",DESERT GOLD VENTURES INC,0.07,,CAD,, Venture ,#N/A Field Not Applicable,CV,10 Million,,, 195.47 ,,, 137.68 ,,"123,124",,"4,647",,,51.55%,100.%,52.75%,100.%,#N/A,0%,0%, 268 , -   , -   
,CA27786D1042,EZM CN,"8,000",EASY TECHNOLOGIES INC,#N/A N/A,,CAD,, #N/A Field Not Applicable ,#N/A Field Not Applicable,#N/A,,,, 10.11 ,,, #N/A N/A ,,#N/A N/A,,,,,0.%,21.25%,21.25%,21.25%,#VALUE!,0%,0%, -   , -   , -   
,FR0010208488,ENGI FP,"1,000",ENGIE,15.324,,EUR,, EN Paris ,#N/A Field Not Applicable,FP,"38,797 Million",,," 2,435.29 ",,, 17.15 ,,"5,298,594",,"82,990,946",,,8.63%,21.25%,21.25%,21.25%,21.25%,75%,75%," 16,626 "," 12,469 "," 12,469 "
,US34955X5077,1235787D LX,"17,845",FORTEBANK JSC - SPON GDR REG,#N/A N/A,,USD,, #N/A Field Not Applicable ,#N/A Field Not Applicable,#N/A,,,, #N/A N/A ,,, #N/A N/A ,,#N/A N/A,,,,,0.%,21.25%,21.25%,21.25%,#VALUE!,0%,0%, -   , -   , -   
,US50155Q1004,KD UN,233,KYNDRYL HOLDINGS INC,21.62,,USD,, New York ,#N/A Field Not Applicable,UN,"4,975 Million",,, 230.10 ,,, 43.59 ,,"542,705",,"11,447,921",,,20.5%,31.75%,21.25%,31.75%,31.75%,65%,65%," 5,037 "," 3,274 "," 3,274 "
,HK0019000162,19 HK,"5,000",SWIRE PACIFIC LTD - CL A,63.7,64,HKD,HKD, Hong Kong ,#N/A Field Not Applicable,HK,"10,850 Million",,, 849.88 ,,, 35.10 ,,"1,233,095",,"9,983,550",,,16.87%,21.25%,21.25%,21.25%,21.25%,75%,75%," 40,721 "," 30,541 "," 30,541 "
,CA38149E1016,GLDG US,"175,000",GOLDMINING INC,0.8562,,USD,, NYSEAmerican ,#N/A Field Not Applicable,CT,157 Million,,, 183.74 ,,, 44.55 ,,"414,631",,"357,707",,,22.47%,100.%,26.5%,100.%,100.%,0%,0%," 149,835 ", -   , -   
,US46137V1347,PBW UN,79,INVESCO WILDERHILL CLEAN ENE,21.35,,USD,, NYSE Arca ,#N/A Field Not Applicable,UP,334 Million,,, 15.65 ,,, 39.25 ,,"5,249",,"129,263",,,18.66%,73.75%,21.25%,73.75%,73.75%,25%,25%," 1,687 ", 422 , 422 
,CA66987E2069,NG US,"60,000",NOVAGOLD RESOURCES INC,2.63,,USD,, NYSEAmerican ,#N/A Field Not Applicable,CT,879 Million,,, 334.37 ,,, 50.39 ,,"2,444,118",,"7,183,038",,,23.29%,52.75%,26.5%,52.75%,84.25%,0%,0%," 157,800 ", -   , -   
,US8740801043,TAL US,"1,350",TAL EDUCATION GROUP- ADR,11.85,,USD,, New York ,#N/A Field Not Applicable,#N/A,"7,566 Million",,, 491.02 ,,, 66.67 ,,"7,540,701",,"94,077,904",,,29.59%,21.25%,31.75%,31.75%,31.75%,65%,65%," 15,998 "," 10,398 "," 10,398 "
,US92189F1066,GDX US,"267,166",VANECK GOLD MINERS ETF,29.74,,USD,, NYSE Arca ,#N/A Field Not Applicable,UP,"12,680 Million",,, 426.35 ,,, 30.91 ,,"23,868,548",,"682,047,808",,,15.01%,21.25%,21.25%,21.25%,21.25%,75%,75%," 7,945,517 "," 5,959,138 "," 5,959,138 "
,KYG6525F1028,9866 HK,"10,000",NIO INC-CLASS A,46.25,35,HKD,HKD, Hong Kong ,#N/A Field Not Applicable,HK,"11,499 Million",,," 1,924.11 ",,, 68.04 ,,"1,923,856",,"12,460,550",,,30.09%,21.25%,31.75%,31.75%,31.75%,65%,65%," 59,132 "," 38,436 "," 38,436 "
,US0463531089,AZN US,"2,310",ASTRAZENECA PLC-SPONS ADR,65.85,,USD,, NASDAQ GS ,#N/A Field Not Applicable,#N/A,"204,162 Million",,," 3,100.41 ",,, 22.35 ,,"6,276,179",,"411,596,576",,,11.1%,21.25%,21.25%,21.25%,21.25%,75%,75%," 152,114 "," 114,085 "," 114,085 "
,IE00BYZK4552,RBOT LN,"16,000",ISHARES AUTOMATION&ROBOTIC-A,13.585,,USD,, London ,#N/A Field Not Applicable,LN,"3,590 Million",,, 267.41 ,,, 18.63 ,,"73,548",,"968,803",,,9.55%,31.75%,21.25%,31.75%,31.75%,65%,65%," 217,360 "," 141,284 "," 141,284 "
,US8085247976,SCHD UN,"1,986",SCHWAB US DVD EQUITY ETF,78.73,,USD,, NYSE Arca ,#N/A Field Not Applicable,UP,"54,682 Million",,, 694.55 ,,, 12.50 ,,"62,806",,"4,836,570",,,6.37%,21.25%,21.25%,21.25%,21.25%,75%,75%," 156,358 "," 117,268 "," 117,268 "
,US68619K2042,ORGS UR,"377,635",ORGENESIS INC,0.876,,USD,, NASDAQ CM ,#N/A Field Not Applicable,UR,28 Million,,, 31.88 ,,, 117.89 ,,"29,421",,"14,389",,,84.14%,100.%,84.25%,100.%,100.%,0%,0%," 330,808 ", -   , -   
,KYG2953R1149,2018 HK,"15,048",AAC TECHNOLOGIES HOLDINGS IN,23.4,25.6,HKD,HKD, Hong Kong ,#N/A Field Not Applicable,HK,"3,444 Million",,," 1,198.50 ",,, 45.49 ,,"6,013,719",,"15,778,138",,,21.29%,31.75%,26.5%,31.75%,31.75%,65%,65%," 45,020 "," 29,263 "," 29,263 "
,HK0000055878,966 HK,"65,840",CHINA TAIPING INSURANCE HOLD,7.07,6.67,HKD,HKD, Hong Kong ,#N/A Field Not Applicable,HK,"3,123 Million",,," 3,594.02 ",,, 36.98 ,,"4,654,746",,"3,956,589",,,17.68%,31.75%,21.25%,31.75%,31.75%,65%,65%," 59,514 "," 38,684 "," 38,684 "
,NL0011821202,INGA NA,"17,051",ING GROEP NV,14.29,,EUR,, EN Amsterdam ,#N/A Field Not Applicable,NA,"52,298 Million",,," 3,498.19 ",,, 24.98 ,,"11,722,460",,"158,211,227",,,12.32%,21.25%,21.25%,21.25%,21.25%,75%,75%," 264,358 "," 198,269 "," 198,269 "
,KYG0519B1023,6855 HK,"5,000",ASCENTAGE PHARMA GROUP INTER,23.65,16.5,HKD,HKD, Hong Kong ,#N/A Field Not Applicable,HK,849 Million,,, 290.21 ,,, 53.24 ,,"1,266,883",,"4,039,787",,,24.44%,52.75%,26.5%,52.75%,52.75%,45%,45%," 15,119 "," 6,803 "," 6,803 "
,US18452B2097,CLSK UR,"1,000",CLEANSPARK INC,17.46,,USD,, NASDAQ CM ,#N/A Field Not Applicable,#N/A,"3,458 Million",,, 198.06 ,,, 115.78 ,,"6,596,025",,"92,710,640",,,45.62%,31.75%,47.5%,47.5%,47.5%,0%,0%," 17,460 ", -   , -   
,KYG2901A1067,382 HK,"43,005",EDVANTAGE GROUP HOLDINGS LTD,2.69,2.47,HKD,HKD, Hong Kong ,#N/A Field Not Applicable,HK,378 Million,,," 1,141.81 ",,, 42.71 ,,"939,490",,"303,392",,,20.13%,73.75%,21.25%,73.75%,73.75%,25%,25%," 14,790 "," 3,698 "," 3,698 "
,CNE1000003B2,357 HK,"5,000",HAINAN MEILAN INTERNATIONA-H,7.49,6.15,HKD,HKD, Hong Kong ,#N/A Field Not Applicable,HK,450 Million,,, 226.91 ,,, 60.02 ,,"1,408,406",,"1,210,446",,,27.08%,63.25%,31.75%,63.25%,63.25%,35%,35%," 4,788 "," 1,676 "," 1,676 "
,KYG4712E1035,6078 HK,"4,000",HYGEIA HEALTHCARE HOLDINGS C,28.7,28.35,HKD,HKD, Hong Kong ,#N/A Field Not Applicable,HK,"2,287 Million",,, 631.52 ,,, 52.34 ,,"2,466,679",,"9,260,683",,,24.07%,31.75%,26.5%,31.75%,31.75%,65%,65%," 14,677 "," 9,540 "," 9,540 "
,KYG4914A1076,1760 HK,"50,000",INTRON TECHNOLOGY HOLDINGS L,2.15,1.89,HKD,HKD, Hong Kong ,#N/A Field Not Applicable,HK,290 Million,,," 1,087.84 ",,, 59.95 ,,"792,825",,"219,869",,,27.06%,84.25%,31.75%,84.25%,84.25%,15%,15%," 13,744 "," 2,062 "," 2,062 "
,US54951L1098,LKNCY US,"1,000",LUCKIN COFFEE INC - ADR,25.49,,USD,, OTC US ,#N/A Field Not Applicable,#N/A,"8,530 Million",,, 316.54 ,,, 65.16 ,,"2,644,685",,"61,777,248",,,29.03%,21.25%,31.75%,31.75%,31.75%,0%,0%," 25,490 ", -   , -   
,KYG6082P1054,2160 HK,182,MICROPORT CARDIOFLOW MEDTECH,1.22,0.9,HKD,HKD, Hong Kong ,#N/A Field Not Applicable,HK,361 Million,,," 2,412.59 ",,, 57.75 ,,"2,925,435",,"494,292",,,26.21%,73.75%,26.5%,73.75%,73.75%,25%,25%, 28 , 7 , 7 
,KYG6464H1011,9911 HK,"16,000",NEWBORN TOWN INC,2.47,2.66,HKD,HKD, Hong Kong ,#N/A Field Not Applicable,HK,367 Million,,," 1,191.22 ",,, 70.96 ,,"3,858,679",,"1,079,932",,,31.16%,73.75%,31.75%,73.75%,73.75%,25%,25%," 5,053 "," 1,263 "," 1,263 "
,CNE100004272,9633 HK,"7,000",NONGFU SPRING CO LTD-H,42.45,44.55,HKD,HKD, Hong Kong ,#N/A Field Not Applicable,HK,"60,022 Million",,," 5,034.67 ",,, 21.94 ,,"4,438,857",,"23,946,745",,,10.9%,21.25%,21.25%,21.25%,21.25%,75%,75%," 37,991 "," 28,494 "," 28,494 "
,KYG7204G1064,9909 HK,"1,264",POWERLONG COMMERCIAL MANAGEM,2.71,2.5,HKD,HKD, Hong Kong ,#N/A Field Not Applicable,HK,223 Million,,, 642.90 ,,, 60.26 ,,"340,413",,"116,463",,,27.18%,94.75%,31.75%,94.75%,94.75%,5%,5%, 438 , 22 , 22 
,KYG8245V1023,6969 HK,"4,000",SMOORE INTERNATIONAL HOLDING,6.56,6.75,HKD,HKD, Hong Kong ,#N/A Field Not Applicable,HK,"5,514 Million",,," 6,137.70 ",,, 49.88 ,,"9,253,659",,"6,711,217",,,23.08%,21.25%,26.5%,26.5%,26.5%,70%,70%," 3,355 "," 2,348 "," 2,348 "
,US86562M2098,SMFG UN,"2,000",SUMITOMO MITSUI-SPONS ADR,11.63,,USD,, New York ,#N/A Field Not Applicable,#N/A,"77,777 Million",,," 6,687.65 ",,, 28.02 ,,"344,350",,"3,576,288",,,13.71%,21.25%,21.25%,21.25%,21.25%,75%,75%," 23,260 "," 17,445 "," 17,445 "
,KYG9390R1103,3738 HK,"20,000",VOBILE GROUP LTD,2,1.39,HKD,HKD, Hong Kong ,#N/A Field Not Applicable,HK,559 Million,,," 2,240.44 ",,, 64.96 ,,"12,185,980",,"2,875,333",,,28.95%,52.75%,31.75%,52.75%,52.75%,45%,45%," 5,114 "," 2,301 "," 2,301 "
,KYG9T20A1060,2013 HK,"50,000",WEIMOB INC,2.21,1.44,HKD,HKD, Hong Kong ,#N/A Field Not Applicable,HK,758 Million,,," 2,794.60 ",,, 61.84 ,,"23,702,000",,"6,353,581",,,27.78%,52.75%,31.75%,52.75%,52.75%,45%,45%," 14,128 "," 6,357 "," 6,357 "
,US26856L1035,ELF UN,250,ELF BEAUTY INC,196.86,,USD,, New York ,#N/A Field Not Applicable,UN,"10,927 Million",,, 55.51 ,,, 51.44 ,,"337,648",,"56,992,508",,,23.72%,21.25%,26.5%,26.5%,26.5%,70%,70%," 49,215 "," 34,451 "," 34,451 "
,KYG451581055,1310 HK,"60,000",HKBN LTD,2.8,3.06,HKD,HKD, Hong Kong ,#N/A Field Not Applicable,HK,470 Million,,," 1,311.60 ",,, 43.48 ,,"3,605,255",,"1,449,439",,,20.45%,63.25%,21.25%,63.25%,63.25%,35%,35%," 21,479 "," 7,518 "," 7,518 "
,BMG6964L2062,PSFE UN,250,PAYSAFE LTD,14.22,,USD,, New York ,#N/A Field Not Applicable,UN,877 Million,,, 61.65 ,,, 67.62 ,,"162,992",,"2,197,942",,,29.94%,52.75%,31.75%,52.75%,52.75%,45%,45%," 3,555 "," 1,600 "," 1,600 "
,JP3386030005,5411 JP,"2,300",JFE HOLDINGS INC,2489.5,,JPY,, Tokyo ,Tokyo Prime,,"11,673 Million",,, 639.44 ,,, 30.25 ,,"4,086,850",,"68,850,578",,,14.72%,21.25%,21.25%,21.25%,21.25%,75%,75%," 38,076 "," 28,557 "," 28,557 "
,JP3902000003,9301 JP,"2,000",MITSUBISHI LOGISTICS CORP,4767,,JPY,, Tokyo ,Tokyo Prime,,"2,891 Million",,, 81.96 ,,, 20.38 ,,"264,350",,"8,600,280",,,10.17%,31.75%,21.25%,31.75%,31.75%,65%,65%," 63,399 "," 41,210 "," 41,210 "
,JP3362700001,9104 JP,"3,500",MITSUI OSK LINES LTD,4819,,JPY,, Tokyo ,Tokyo Prime,,"12,422 Million",,, 362.32 ,,, 30.64 ,,"7,163,672",,"256,103,025",,,14.89%,21.25%,21.25%,21.25%,21.25%,75%,75%," 112,159 "," 84,119 "," 84,119 "
,JP3753000003,9101 JP,"20,500",NIPPON YUSEN KK,4429,,JPY,, Tokyo ,Tokyo Prime,,"15,947 Million",,, 510.17 ,,, 32.97 ,,"7,568,150",,"255,248,868",,,15.93%,21.25%,21.25%,21.25%,21.25%,75%,75%," 603,767 "," 452,825 "," 452,825 "
,JP3400650002,7163 JT,"1,200",SBI SUMISHIN NET BANK LTD,2066,,JPY,, Tokyo ,Tokyo Standard,,"2,323 Million",,, 150.79 ,,, 36.69 ,,"1,277,033",,"15,935,707",,,17.56%,31.75%,21.25%,31.75%,31.75%,65%,65%," 16,486 "," 10,716 "," 10,716 "
,JP3407000003,9303 JT,"1,000",SUMITOMO WAREHOUSE CO LTD,2559,,JPY,, Tokyo ,Tokyo Prime,,"1,477 Million",,, 80.00 ,,, 17.47 ,,"182,455",,"3,362,147",,,8.79%,31.75%,21.25%,31.75%,31.75%,65%,65%," 17,017 "," 11,061 "," 11,061 "
,FR0000051807,TEP FP,276,TELEPERFORMANCE,85.04,,EUR,, EN Paris ,#N/A Field Not Applicable,FP,"5,507 Million",,, 63.44 ,,, 52.45 ,,"301,032",,"35,893,472",,,24.12%,21.25%,26.5%,26.5%,26.5%,70%,70%," 25,465 "," 17,825 "," 17,825 "
,US72016P1057,PLL UR,"3,440",PIEDMONT LITHIUM INC,12.03,,USD,, NASDAQ CM ,#N/A Field Not Applicable,UR,233 Million,,, 19.36 ,,, 64.29 ,,"235,048",,"3,876,427",,,28.7%,94.75%,31.75%,94.75%,94.75%,0%,0%," 41,383 ", -   , -   
,US7223041028,PDD UW,50,PDD HOLDINGS INC,128.71,,USD,, NASDAQ GS ,#N/A Field Not Applicable,#N/A,"171,002 Million",,," 1,328.59 ",,, 54.00 ,,"2,344,134",,"310,396,768",,,24.74%,21.25%,26.5%,26.5%,26.5%,70%,70%," 6,436 "," 4,505 "," 4,505 "
,US46435U3665,IDRV UP,"1,682",ISHARES SELF-DRIVING EV&TECH,31.57,,USD,, NYSE Arca ,#N/A Field Not Applicable,UP,268 Million,,, 8.50 ,,, 27.52 ,,"15,607",,"499,689",,,13.48%,84.25%,21.25%,84.25%,84.25%,15%,15%," 53,101 "," 7,965 "," 7,965 "
,US6974351057,PANW UW,52,PALO ALTO NETWORKS INC,285.24,,USD,, NASDAQ GS ,#N/A Field Not Applicable,UW,"92,161 Million",,, 323.10 ,,, 50.72 ,,"1,485,663",,"455,469,984",,,23.43%,21.25%,26.5%,26.5%,26.5%,70%,70%," 14,832 "," 10,383 "," 10,383 "
,US0311001004,AME UN,"9,141",AMETEK INC,182.08,,USD,, New York ,#N/A Field Not Applicable,UN,"42,099 Million",,, 231.21 ,,, 17.53 ,,"332,460",,"56,506,240",,,8.81%,21.25%,21.25%,21.25%,21.25%,75%,75%," 1,664,393 "," 1,248,295 "," 1,248,295 "
,US03524A1088,BUD US,"30,000",ANHEUSER-BUSCH INBEV-SPN ADR,60.06,,USD,, New York ,#N/A Field Not Applicable,UN,"121,276 Million",,," 1,797.20 ",,, 21.59 ,,"1,975,981",,"124,218,768",,,10.74%,21.25%,21.25%,21.25%,21.25%,75%,75%," 1,801,800 "," 1,351,350 "," 1,351,350 "
,US0846701086,BRK/A US,2,BERKSHIRE HATHAWAY INC-CL A,617880,,USD,, New York ,#N/A Field Not Applicable,UN,"883,709 Million",,, 0.56 ,,, 14.18 ,,"11,331",,"6,665,585,664",,,7.19%,21.25%,21.25%,21.25%,21.25%,75%,75%," 1,235,760 "," 926,820 "," 926,820 "
,US1104481072,BTI US,"29,048",BRITISH AMERICAN TOB-SP ADR,31.07,,USD,, New York ,#N/A Field Not Applicable,#N/A,"69,486 Million",,," 2,236.42 ",,, 21.20 ,,"4,962,282",,"148,590,448",,,10.55%,21.25%,21.25%,21.25%,21.25%,75%,75%," 902,521 "," 676,891 "," 676,891 "
,US0367521038,ELV US,200,ELEVANCE HEALTH INC,511.3,,USD,, New York ,#N/A Field Not Applicable,UN,"118,964 Million",,, 232.67 ,,, 22.72 ,,"1,049,392",,"511,937,792",,,11.27%,21.25%,21.25%,21.25%,21.25%,75%,75%," 102,260 "," 76,695 "," 76,695 "
,US7185461040,PSX US,"13,560",PHILLIPS 66,156.76,,USD,, New York ,#N/A Field Not Applicable,UN,"67,066 Million",,, 427.82 ,,, 26.58 ,,"3,151,856",,"447,868,736",,,13.05%,21.25%,21.25%,21.25%,21.25%,75%,75%," 2,125,666 "," 1,594,249 "," 1,594,249 "
,US7427181091,PG US,"7,842",PROCTER & GAMBLE CO/THE,161.21,,USD,, New York ,#N/A Field Not Applicable,UN,"379,331 Million",,," 2,353.02 ",,, 14.54 ,,"6,813,279",,"1,051,146,816",,,7.37%,21.25%,21.25%,21.25%,21.25%,75%,75%," 1,264,209 "," 948,157 "," 948,157 "
,US7766961061,ROP UN,"2,294",ROPER TECHNOLOGIES INC,546.28,,USD,, NASDAQ GS ,#N/A Field Not Applicable,UW,"58,464 Million",,, 107.02 ,,, 15.61 ,,"6,627",,"3,607,440",,,8.36%,21.25%,21.25%,21.25%,21.25%,75%,75%," 1,253,166 "," 939,875 "," 939,875 "
,HK0836012952,836 HK,"92,218",CHINA RESOURCES POWER HOLDIN,18.92,18.1,HKD,HKD, Hong Kong ,#N/A Field Not Applicable,HK,"11,476 Million",,," 4,810.44 ",,, 30.04 ,,"11,797,180",,"24,946,451",,,14.62%,21.25%,21.25%,21.25%,21.25%,75%,75%," 223,073 "," 167,305 "," 167,305 "
,KYG9828G1082,868 HK,"228,704",XINYI GLASS HOLDINGS LTD,8.96,8.46,HKD,HKD, Hong Kong ,#N/A Field Not Applicable,HK,"4,729 Million",,," 4,222.55 ",,, 41.72 ,,"17,225,760",,"17,190,788",,,19.71%,31.75%,21.25%,31.75%,31.75%,65%,65%," 261,994 "," 170,296 "," 170,296 "
,US87911J1034,HQH UN,"50,000",ABRDN HEALTHCARE INVESTORS,16.46,,USD,, New York ,#N/A Field Not Applicable,#N/A,814 Million,,, 49.44 ,,, 16.17 ,,"39,619",,"672,749",,,10.7%,52.75%,21.25%,52.75%,52.75%,45%,35%," 823,000 "," 370,350 "," 288,050 "
,US87911L1089,THW UN,"50,471",ABRDN WORLD HEALTHCARE FUND,12.93,,USD,, New York ,#N/A Field Not Applicable,#N/A,494 Million,,, 38.21 ,,, 19.35 ,,"26,052",,"324,420",,,14.14%,63.25%,21.25%,63.25%,63.25%,35%,15%," 652,590 "," 228,407 "," 97,889 "
,US0357108390,NLY US,"50,000",ANNALY CAPITAL MANAGEMENT IN,19.48,,USD,, New York ,#N/A Field Not Applicable,#N/A,"9,742 Million",,, 500.08 ,,, 27.07 ,,"3,865,153",,"74,696,576",,,13.28%,21.25%,21.25%,21.25%,21.25%,75%,75%," 974,000 "," 730,500 "," 730,500 "
,US03762U1051,ARI US,"75,000",APOLLO COMMERCIAL REAL ESTAT,11.14,,USD,, New York ,#N/A Field Not Applicable,#N/A,"1,583 Million",,, 142.10 ,,, 34.28 ,,"813,040",,"9,202,719",,,16.5%,31.75%,21.25%,31.75%,31.75%,65%,65%," 835,500 "," 543,075 "," 543,075 "
,US04010L1035,ARCC US,"20,000",ARES CAPITAL CORP,20.05,,USD,, NASDAQ GS ,#N/A Field Not Applicable,UW,"12,166 Million",,, 606.78 ,,, 16.81 ,,"3,811,615",,"76,941,576",,,8.46%,21.25%,21.25%,21.25%,21.25%,75%,75%," 401,000 "," 300,750 "," 300,750 "
,US05580M1080,RILY UQ,"25,000",B. RILEY FINANCIAL INC,17.16,,USD,, NASDAQ GM ,#N/A Field Not Applicable,#N/A,525 Million,,, 30.58 ,,, 90.89 ,,"396,524",,"7,904,429",,,38.02%,52.75%,42.25%,52.75%,52.75%,45%,45%," 429,000 "," 193,050 "," 193,050 "
,US06759L1035,BBDC UN,"51,469",BARINGS BDC INC,9.17,,USD,, New York ,#N/A Field Not Applicable,#N/A,973 Million,,, 106.07 ,,, 21.64 ,,"109,602",,"1,005,284",,,11.78%,52.75%,21.25%,52.75%,84.25%,15%,15%," 471,971 "," 70,796 "," 70,796 "
,US69121K1043,OBDC UN,"20,000",BLUE OWL CAPITAL CORP,15.25,,USD,, New York ,#N/A Field Not Applicable,#N/A,"5,943 Million",,, 389.73 ,,, 17.13 ,,"475,917",,"7,145,636",,,8.62%,21.25%,21.25%,21.25%,21.25%,75%,75%," 305,000 "," 228,750 "," 228,750 "
,BMG1466R1732,BORR NO,"940,500",BORR DRILLING LTD,72.15,,NOK,, Oslo ,#N/A Field Not Applicable,#N/A,,,, 264.08 ,,, 43.19 ,,"727,604",,,,,0.%,21.25%,21.25%,21.25%,#N/A,0%,0%, -   , -   , -   
,US16934Q2084,CIM US,"75,000",CHIMERA INVESTMENT CORP,4.42,,USD,, New York ,#N/A Field Not Applicable,#N/A,"1,067 Million",,, 241.36 ,,, 37.28 ,,"2,187,374",,"10,332,152",,,17.81%,31.75%,21.25%,31.75%,42.25%,55%,55%," 331,500 "," 182,325 "," 182,325 "
,US26817Q8868,DX UN,"25,000",DYNEX CAPITAL INC,12.48,,USD,, New York ,#N/A Field Not Applicable,#N/A,731 Million,,, 58.54 ,,, 28.44 ,,"305,529",,"3,791,523",,,13.9%,52.75%,21.25%,52.75%,52.75%,45%,45%," 312,000 "," 140,400 "," 140,400 "
,FR0000131757,ERA FP,"5,000",ERAMET,66.85,,EUR,, EN Paris ,#N/A Field Not Applicable,FP,"1,971 Million",,, 28.76 ,,, 42.95 ,,"43,123",,"2,908,887",,,20.25%,31.75%,21.25%,31.75%,31.75%,65%,65%," 362,645 "," 235,719 "," 235,719 "
,US3026352068,FSK UN,"40,000",FS KKR CAPITAL CORP,18.42,,USD,, New York ,#N/A Field Not Applicable,#N/A,"5,159 Million",,, 280.07 ,,, 20.10 ,,"472,679",,"9,348,840",,,10.04%,21.25%,21.25%,21.25%,21.25%,75%,75%," 736,800 "," 552,600 "," 552,600 "
,US5301581048,USA US,"100,000",LIBERTY ALL STAR EQUITY FUND,6.91,,USD,, New York ,#N/A Field Not Applicable,UN,"1,932 Million",,, 279.56 ,,, 17.21 ,,"879,937",,"5,792,056",,,8.67%,31.75%,21.25%,31.75%,42.25%,55%,55%," 691,000 "," 380,050 "," 380,050 "
,IM00BLCY1Q93,LZM/WS UN,"531,810",LIFEZONE METALS LTD -28,0.571,,USD,, New York ,#N/A Field Not Applicable,#N/A,,,, #N/A Field Not Applicable ,,, 150.86 ,,"6,438",,"3,364",,,99.28%,21.25%,100.%,100.%,100.%,0%,0%," 303,664 ", -   , -   
,US58463J3041,MPW US,"200,000",MEDICAL PROPERTIES TRUST INC,4.3,,USD,, New York ,#N/A Field Not Applicable,#N/A,"2,576 Million",,, 598.99 ,,, 69.98 ,,"23,967,532",,"92,388,128",,,30.81%,31.75%,31.75%,31.75%,42.25%,55%,55%," 860,000 "," 473,000 "," 473,000 "
,US6915431026,OXLC UW,"200,000",OXFORD LANE CAPITAL CORP,5.04,,USD,, NASDAQ GS ,#N/A Field Not Applicable,#N/A,958 Million,,, 190.10 ,,, 19.89 ,,"298,372",,"1,527,407",,,11.46%,52.75%,21.25%,52.75%,84.25%,15%,15%," 1,008,000 "," 151,200 "," 151,200 "
,US72201B1017,PTY US,"75,000",PIMCO CORPORATE & INCOME OPP,14.52,,USD,, New York ,#N/A Field Not Applicable,UN,"2,228 Million",,, 153.43 ,,, 17.70 ,,"564,596",,"7,817,705",,,8.92%,31.75%,21.25%,31.75%,31.75%,65%,65%," 1,089,000 "," 707,850 "," 707,850 "
,US72201Y1010,PDI UN,"50,000",PIMCO DYNAMIC INCOME FUND,19.01,,USD,, New York ,#N/A Field Not Applicable,#N/A,"5,647 Million",,, 297.07 ,,, 16.41 ,,"203,350",,"3,822,530",,,8.52%,21.25%,21.25%,21.25%,21.25%,75%,75%," 950,500 "," 712,875 "," 712,875 "
,US69355M1071,PDO UN,"75,000",PIMCO DYNAMIC INCOME OPPORT,12.83,,USD,, New York ,#N/A Field Not Applicable,#N/A,"1,457 Million",,, 113.55 ,,, 16.55 ,,"87,119",,"1,101,054",,,10.07%,31.75%,21.25%,31.75%,31.75%,65%,65%," 962,250 "," 625,463 "," 625,463 "
,US7561581015,UTG UA,"25,182",REAVES UTILITY INCOME FUND,26.18,,USD,, NYSEAmerican ,#N/A Field Not Applicable,#N/A,"2,108 Million",,, 80.51 ,,, 15.27 ,,"24,861",,"655,503",,,9.64%,31.75%,21.25%,31.75%,31.75%,0%,0%," 659,265 ", -   , -   
,AN8068571086,SLB US,"169,621",SCHLUMBERGER LTD,53.43,,USD,, New York ,#N/A Field Not Applicable,UN,"76,551 Million",,," 1,432.74 ",,, 33.07 ,,"11,404,488",,"568,932,736",,,15.97%,21.25%,21.25%,21.25%,21.25%,75%,75%," 9,062,850 "," 6,797,138 "," 6,797,138 "
,US89677Y1001,TPVG UN,"103,877",TRIPLEPOINT VENTURE GROWTH B,9.01,,USD,, New York ,#N/A Field Not Applicable,#N/A,339 Million,,, 37.62 ,,, 35.39 ,,"50,256",,"524,330",,,24.72%,73.75%,26.5%,73.75%,100.%,0%,0%," 935,932 ", -   , -   
,US90187B8046,TWO UN,"30,000",TWO HARBORS INVESTMENT CORP,12.68,,USD,, New York ,#N/A Field Not Applicable,#N/A,"1,311 Million",,, 103.43 ,,, 35.18 ,,"441,524",,"5,812,050",,,16.9%,31.75%,21.25%,31.75%,31.75%,65%,65%," 380,400 "," 247,260 "," 247,260 "
,US98400T1060,XFLT UN,"153,640",XAI OCTAGON FLOATING RATE AL,7.01,,USD,, New York ,#N/A Field Not Applicable,#N/A,383 Million,,, 54.60 ,,, 18.56 ,,"51,354",,"372,284",,,15.51%,73.75%,21.25%,73.75%,100.%,0%,0%," 1,077,016 ", -   , -   
,US83417M1045,SEDG US,"1,399",SOLAREDGE TECHNOLOGIES INC,62.7,,USD,, NASDAQ GS ,#N/A Field Not Applicable,UW,"3,582 Million",,, 57.13 ,,, 68.91 ,,"2,710,129",,"207,954,304",,,30.42%,31.75%,31.75%,31.75%,31.75%,65%,65%," 87,717 "," 57,016 "," 57,016 "
,US09247X1019,BLK US,20,BLACKROCK INC,800.25,,USD,, New York ,#N/A Field Not Applicable,UN,"119,965 Million",,, 148.94 ,,, 21.00 ,,"592,518",,"473,818,336",,,10.46%,21.25%,21.25%,21.25%,21.25%,75%,75%," 16,005 "," 12,004 "," 12,004 "
,US18915M1071,NET UN,200,CLOUDFLARE INC - CLASS A,94.64,,USD,, New York ,#N/A Field Not Applicable,UN,"31,956 Million",,, 298.38 ,,, 60.90 ,,"784,774",,"71,748,320",,,27.42%,21.25%,31.75%,31.75%,31.75%,65%,65%," 18,928 "," 12,303 "," 12,303 "
,FR001400AJ45,ML FP,"1,000",MICHELIN (CGDE),34.99,,EUR,, EN Paris ,#N/A Field Not Applicable,#N/A,"26,057 Million",,, 714.96 ,,, 19.15 ,,"1,319,545",,"44,500,478",,,9.58%,21.25%,21.25%,21.25%,21.25%,75%,75%," 37,962 "," 28,472 "," 28,472 "
,HK0012000102,12 HK,"48,400",HENDERSON LAND DEVELOPMENT,22.3,22.4,HKD,HKD, Hong Kong ,#N/A Field Not Applicable,HK,"13,787 Million",,," 4,841.39 ",,, 28.31 ,,"3,451,668",,"9,779,968",,,13.84%,21.25%,21.25%,21.25%,21.25%,75%,75%," 137,994 "," 103,495 "," 103,495 "
,KYG4520J1040,480 HK,"220,000",HKR INTERNATIONAL LTD,1.27,1.27,HKD,HKD, Hong Kong ,#N/A Field Not Applicable,HK,241 Million,,," 1,485.30 ",,, 30.71 ,,"248,216",,"40,701",,,17.97%,94.75%,21.25%,94.75%,94.75%,5%,5%," 35,722 "," 1,786 "," 1,786 "
,HK0000139300,511 HK,"114,700",TELEVISION BROADCASTS LTD,3.62,3.02,HKD,HKD, Hong Kong ,#N/A Field Not Applicable,HK,196 Million,,, 438.22 ,,, 120.79 ,,"1,070,736",,"448,844",,,47.05%,100.%,47.5%,100.%,100.%,0%,0%," 53,086 ", -   , -   
,BMG0957L1090,371 HK,"2,000,000",BEIJING ENTERPRISES WATER GR,2,1.73,HKD,HKD, Hong Kong ,#N/A Field Not Applicable,HK,"2,597 Million",,," 10,046.61 ",,, 32.26 ,,"27,439,480",,"6,538,828",,,15.61%,31.75%,21.25%,31.75%,31.75%,65%,65%," 511,411 "," 332,417 "," 332,417 "
,JP3783420007,9435 JP,"1,100",HIKARI TSUSHIN INC,27015,,JPY,, Tokyo ,Tokyo Prime,,"8,884 Million",,, 45.05 ,,, 24.53 ,,"67,067",,"12,361,427",,,12.11%,21.25%,21.25%,21.25%,21.25%,75%,75%," 197,609 "," 148,207 "," 148,207 "
,JP3711600001,4091 JP,"7,000",NIPPON SANSO HOLDINGS CORP,4640,,JPY,, Tokyo ,Tokyo Prime,,"14,777 Million",,, 433.09 ,,, 29.25 ,,"723,590",,"21,574,366",,,14.27%,21.25%,21.25%,21.25%,21.25%,75%,75%," 215,986 "," 161,990 "," 161,990 "
,JP3180400008,9532 JP,"10,000",OSAKA GAS CO LTD,3418,,JPY,, Tokyo ,Tokyo Prime,,"10,427 Million",,, 416.68 ,,, 23.75 ,,"1,258,443",,"28,059,178",,,11.75%,21.25%,21.25%,21.25%,21.25%,75%,75%," 227,291 "," 170,468 "," 170,468 "
,JP3500610005,8308 JP,"90,000",RESONA HOLDINGS INC,913.5,,JPY,, Tokyo ,Tokyo Prime,,"15,087 Million",,," 2,342.99 ",,, 33.64 ,,"12,070,160",,"70,052,188",,,16.22%,21.25%,21.25%,21.25%,21.25%,75%,75%," 546,715 "," 410,036 "," 410,036 "
,JP3397200001,7269 JP,"4,600",SUZUKI MOTOR CORP,6318,,JPY,, Tokyo ,Tokyo Prime,,"22,435 Million",,, 491.15 ,,, 26.55 ,,"2,759,823",,"127,710,683",,,13.04%,21.25%,21.25%,21.25%,21.25%,75%,75%," 193,262 "," 144,947 "," 144,947 "
,JP3625000009,4043 JP,"10,000",TOKUYAMA CORP,2588.5,,JPY,, Tokyo ,Tokyo Prime,,"1,375 Million",,, 72.09 ,,, 24.07 ,,"443,175",,"7,676,392",,,11.9%,31.75%,21.25%,31.75%,31.75%,65%,65%," 172,131 "," 111,885 "," 111,885 "
,JP3188220002,4578 JP,"4,000",OTSUKA HOLDINGS CO LTD,6324,,JPY,, Tokyo ,Tokyo Prime,,"25,353 Million",,, 557.84 ,,, 22.98 ,,"1,122,700",,"45,975,048",,,11.39%,21.25%,21.25%,21.25%,21.25%,75%,75%," 168,214 "," 126,160 "," 126,160 "
,JP3539250005,6481 JP,"3,000",THK CO LTD,3341,,JPY,, Tokyo ,Tokyo Prime,,"3,138 Million",,, 129.86 ,,, 31.90 ,,"626,547",,"13,537,029",,,15.45%,31.75%,21.25%,31.75%,31.75%,65%,65%," 66,651 "," 43,323 "," 43,323 "
,JP3621000003,3402 JP,"10,000",TORAY INDUSTRIES INC,719.1,,JPY,, Tokyo ,Tokyo Prime,,"8,607 Million",,," 1,631.48 ",,, 21.65 ,,"6,193,707",,"31,646,146",,,10.77%,21.25%,21.25%,21.25%,21.25%,75%,75%," 47,819 "," 35,864 "," 35,864 "
,JP3110650003,7747 JP,"18,000",ASAHI INTECC CO LTD,2902.5,,JPY,, Tokyo ,Tokyo Prime,,"5,586 Million",,, 271.63 ,,, 29.20 ,,"855,935",,"18,070,723",,,14.24%,21.25%,21.25%,21.25%,21.25%,75%,75%," 347,420 "," 260,565 "," 260,565 "
,US2358511028,DHR US,"2,000",DANAHER CORP,251.47,,USD,, New York ,#N/A Field Not Applicable,UN,"186,013 Million",,, 739.70 ,,, 23.80 ,,"2,679,632",,"645,535,616",,,11.77%,21.25%,21.25%,21.25%,21.25%,75%,75%," 502,940 "," 377,205 "," 377,205 "
,JP3304200003,6301 JP,"35,000",KOMATSU LTD,4375,,JPY,, Tokyo ,Tokyo Prime,,"31,315 Million",,, 973.81 ,,, 27.51 ,,"3,846,292",,"113,192,543",,,13.48%,21.25%,21.25%,21.25%,21.25%,75%,75%," 1,018,254 "," 763,690 "," 763,690 "
,JP3922950005,3064 JP,"109,000",MONOTARO CO LTD,1697.5,,JPY,, Tokyo ,Tokyo Prime,,"6,289 Million",,, 501.35 ,,, 39.92 ,,"2,605,808",,"27,830,627",,,18.95%,21.25%,21.25%,21.25%,21.25%,75%,75%," 1,230,400 "," 922,800 "," 922,800 "
,US6907321029,OMI US,"12,000",OWENS & MINOR INC,25.11,,USD,, New York ,#N/A Field Not Applicable,UN,"1,923 Million",,, 76.60 ,,, 59.89 ,,"744,157",,"15,946,939",,,27.03%,31.75%,31.75%,31.75%,31.75%,65%,65%," 301,320 "," 195,858 "," 195,858 "
,JP3193930009,6521 JT,"14,000",OXIDE CORP,2735,,JPY,, Tokyo ,Tokyo Growth,,215 Million,,, 11.01 ,,, 51.63 ,,"103,430",,"2,196,081",,,23.86%,94.75%,26.5%,94.75%,94.75%,0%,0%," 254,622 ", -   , -   
,US92338C1036,VLTO UN,666,VERALTO CORP,87.03,,USD,, New York ,#N/A Field Not Applicable,UN,"21,457 Million",,, 246.54 ,,, #N/A N/A ,,"485,315",,"40,086,004",,,0.%,21.25%,21.25%,21.25%,21.25%,75%,0%," 57,962 "," 43,471 ", -   
,JP3399310006,3092 JP,"13,000",ZOZO INC,3869,,JPY,, Tokyo ,Tokyo Prime,,"8,441 Million",,, 300.47 ,,, 23.94 ,,"1,443,155",,"35,267,160",,,11.84%,21.25%,21.25%,21.25%,21.25%,75%,75%," 334,466 "," 250,850 "," 250,850 "
,CNE1000001S0,753 HK,"1,462,750",AIR CHINA LTD-H,4.14,3.73,HKD,HKD, Hong Kong ,#N/A Field Not Applicable,HK,"14,584 Million",,," 4,955.61 ",,, 31.20 ,,"12,591,400",,"7,054,344",,,15.15%,21.25%,21.25%,21.25%,21.25%,75%,75%," 774,249 "," 580,686 "," 580,686 "
,AU000000APX3,APX AT,"45,000",APPEN LTD,0.84,,AUD,, ASE ,#N/A Field Not Applicable,AT,114 Million,,, 221.34 ,,, 122.07 ,,"7,213,971",,"2,780,741",,,47.4%,100.%,47.5%,100.%,100.%,0%,0%," 24,627 ", -   , -   
,AU000000AVG6,AVG AT,"390,578",AUSTRALIAN VINTAGE LTD,0.405,,AUD,, ASE ,#N/A Field Not Applicable,AT,68 Million,,, 252.64 ,,, 33.97 ,,"187,476",,"48,675",,,23.91%,100.%,26.5%,100.%,100.%,0%,0%," 103,058 ", -   , -   
,GB0002634946,BA/ LN,"20,000",BAE SYSTEMS PLC,1305,1313,GBp,GBp, London ,#N/A Field Not Applicable,LN,"48,061 Million",,," 3,026.01 ",,, 19.38 ,,"3,790,939",,"55,203,628",,,9.7%,21.25%,21.25%,21.25%,21.25%,75%,75%," 331,260 "," 248,445 "," 248,445 "
,AU000000BRN8,BRN AT,"300,000",BRAINCHIP HOLDINGS LTD,0.355,,AUD,, ASE ,#N/A Field Not Applicable,AT,421 Million,,," 1,805.95 ",,, 103.64 ,,"14,987,680",,"3,394,462",,,42.04%,63.25%,42.25%,63.25%,94.75%,5%,5%," 69,386 "," 3,469 "," 3,469 "
,SGXE54479022,CSSC SP,"330,000",CHINA SUNSINE CHEMICAL HLDGS,0.4,,SGD,, Singapore ,#N/A Field Not Applicable,SP,271 Million,,, 958.40 ,,, 24.58 ,,"108,987",,"31,218",,,20.06%,84.25%,21.25%,84.25%,100.%,0%,0%," 98,331 ", -   , -   
,KYG211461085,1929 HK,"200,000",CHOW TAI FOOK JEWELLERY GROU,12.62,11.74,HKD,HKD, Hong Kong ,#N/A Field Not Applicable,HK,"15,544 Million",,," 9,987.74 ",,, 36.54 ,,"5,175,841",,"7,655,954",,,17.49%,21.25%,21.25%,21.25%,21.25%,75%,75%," 322,700 "," 242,025 "," 242,025 "
,BMG2345T1099,182 HK,"21,000,000",CONCORD NEW ENERGY GROUP LTD,0.66,0.62,HKD,HKD, Hong Kong ,#N/A Field Not Applicable,HK,686 Million,,," 8,120.52 ",,, 25.11 ,,"16,114,510",,"1,333,751",,,16.23%,52.75%,21.25%,52.75%,52.75%,45%,30%," 1,772,039 "," 797,417 "," 531,612 "
,SG1W35938974,FR SP,"50,000",FIRST RESOURCES LTD,1.33,,SGD,, Singapore ,#N/A Field Not Applicable,SP,"1,507 Million",,," 1,559.73 ",,, 25.31 ,,"1,071,022",,"1,104,796",,,12.47%,31.75%,21.25%,31.75%,31.75%,65%,65%," 49,538 "," 32,200 "," 32,200 "
,SG1T37930313,GALV SP,"300,000",GALLANT VENTURE LTD,0.13,,SGD,, Singapore ,#N/A Field Not Applicable,SP,516 Million,,," 5,463.16 ",,, 26.76 ,,"18,529",,"1,731",,,38.49%,52.75%,42.25%,52.75%,84.25%,15%,0%," 29,052 "," 4,358 ", -   
,KYG398141013,1086 HK,"400,000",GOODBABY INTERNATIONAL HOLDI,0.68,0.66,HKD,HKD, Hong Kong ,#N/A Field Not Applicable,HK,143 Million,,," 1,668.03 ",,, 49.42 ,,"642,821",,"52,947",,,25.8%,100.%,26.5%,100.%,100.%,0%,0%," 34,776 ", -   , -   
,GB00BK7YQK64,HMSO LN,"8,632",HAMMERSON PLC,26.42,#N/A,GBp,#N/A, London ,#N/A Field Not Applicable,#N/A,"1,593 Million",,," 4,990.80 ",,, 37.63 ,,"5,107,943",,"1,642,672",,,17.96%,31.75%,21.25%,31.75%,42.25%,55%,55%," 2,894 "," 1,592 "," 1,592 "
,US4781601046,JNJ US,"3,585",JOHNSON & JOHNSON,156.76,,USD,, New York ,#N/A Field Not Applicable,UN,"377,758 Million",,," 2,409.78 ",,, 15.88 ,,"6,908,692",,"1,097,733,376",,,8.02%,21.25%,21.25%,21.25%,21.25%,75%,75%," 561,985 "," 421,488 "," 421,488 "
,AU000000KAM7,KAM AT,"200,000",K2 ASSET MANAGEMENT HOLDINGS,#N/A N/A,,AUD,, ASE ,#N/A Field Not Applicable,AT,8 Million,,, 241.09 ,,, 96.61 ,,"57,002",,"2,480",,,0.%,100.%,21.25%,100.%,#VALUE!,0%,0%, -   , -   , -   
,GB0004915632,KIE LN,"112,500",KIER GROUP PLC,137.6,126,GBp,GBp, London ,#N/A Field Not Applicable,LN,743 Million,,, 446.45 ,,, 30.83 ,,"1,360,080",,"2,150,817",,,14.98%,52.75%,21.25%,52.75%,52.75%,45%,45%," 196,472 "," 88,412 "," 88,412 "
,US4943681035,KMB US,"1,665",KIMBERLY-CLARK CORP,124.23,,USD,, New York ,#N/A Field Not Applicable,UN,"41,855 Million",,, 336.91 ,,, 15.73 ,,"2,025,545",,"247,341,120",,,7.94%,21.25%,21.25%,21.25%,21.25%,75%,75%," 206,843 "," 155,132 "," 155,132 "
,DE0006335003,KRN GY,"2,000",KRONES AG,117.5,,EUR,, Xetra ,#N/A Field Not Applicable,GY,"3,879 Million",,, 31.59 ,,, 24.67 ,,"23,122",,"2,739,957",,,12.17%,31.75%,21.25%,31.75%,31.75%,65%,65%," 254,964 "," 165,726 "," 165,726 "
,US5178341070,LVS UN,690,LAS VEGAS SANDS CORP,50.61,,USD,, New York ,#N/A Field Not Applicable,UN,"38,141 Million",,, 753.62 ,,, 30.03 ,,"1,233,695",,"63,044,300",,,14.62%,21.25%,21.25%,21.25%,21.25%,75%,75%," 34,921 "," 26,191 "," 26,191 "
,AU000000MRM7,MRM AT,"59,810",MMA OFFSHORE LTD,2.28,,AUD,, ASE ,#N/A Field Not Applicable,AT,601 Million,,, 379.02 ,,, 36.76 ,,"2,116,397",,"2,973,583",,,17.59%,52.75%,21.25%,52.75%,52.75%,45%,45%," 88,844 "," 39,980 "," 39,980 "
,BMG702782084,PDL LN,"16,250",PETRA DIAMONDS LTD-DI,43.5,41,GBp,GBp, London ,#N/A Field Not Applicable,LN,96 Million,,, 194.20 ,,, 55.92 ,,"264,878",,"138,350",,,25.49%,100.%,26.5%,100.%,100.%,0%,0%," 8,972 ", -   , -   
,DE0006916604,PFV GY,"2,000",PFEIFFER VACUUM TECHNOLOGY,156.4,,EUR,, Xetra ,#N/A Field Not Applicable,GY,"1,602 Million",,, 9.87 ,,, 9.11 ,,"3,233",,"523,151",,,5.35%,31.75%,21.25%,31.75%,31.75%,65%,65%," 339,373 "," 220,592 "," 220,592 "
,AU000000SCG8,SCG AT,"12,460",SCENTRE GROUP,3.28,,AUD,, ASE ,#N/A Field Not Applicable,#N/A,"11,538 Million",,," 5,195.06 ",,, 22.79 ,,"11,135,580",,"22,964,072",,,11.3%,21.25%,21.25%,21.25%,21.25%,75%,75%," 26,626 "," 19,970 "," 19,970 "
,SG1E36851343,SERL SP,"1,000,000",SERIAL SYSTEM LTD,0.051,,SGD,, Singapore ,#N/A Field Not Applicable,SP,38 Million,,, 904.84 ,,, 98.62 ,,"71,673",,"2,833",,,80.04%,100.%,84.25%,100.%,100.%,0%,0%," 37,992 ", -   , -   
,JP3336560002,2587 JP,"4,900",SUNTORY BEVERAGE & FOOD LTD,4941,,JPY,, Tokyo ,Tokyo Prime,,"11,184 Million",,, 309.00 ,,, 20.93 ,,"747,378",,"25,947,568",,,10.43%,21.25%,21.25%,21.25%,21.25%,75%,75%," 160,998 "," 120,749 "," 120,749 "
,AU000000TWE9,TWE AT,"3,394",TREASURY WINE ESTATES LTD,12.39,,AUD,, ASE ,#N/A Field Not Applicable,AT,"6,765 Million",,, 811.43 ,,, 24.62 ,,"2,967,779",,"22,752,515",,,12.15%,21.25%,21.25%,21.25%,21.25%,75%,75%," 27,397 "," 20,548 "," 20,548 "
,SG2F20985956,ETL SP,"2,760",TRIYARDS HOLDINGS LTD,#N/A N/A,,SGD,, Singapore ,#N/A Field Not Applicable,#N/A,,,, 324.51 ,,, #N/A N/A ,,#N/A N/A,,,,,0.%,21.25%,21.25%,21.25%,#VALUE!,#VALUE!,0%, -   ,#VALUE!, -   
,US9297401088,WAB US,10,WABTEC CORP,141.55,,USD,, New York ,#N/A Field Not Applicable,UN,"25,058 Million",,, 177.03 ,,, 20.67 ,,"1,018,400",,"135,984,720",,,10.31%,21.25%,21.25%,21.25%,21.25%,75%,75%," 1,416 "," 1,062 "," 1,062 "
,CNE100001T72,6869 HK,"30,000",YANGTZE OPTICAL FIBRE AND-H,9.24,8.5,HKD,HKD, Hong Kong ,#N/A Field Not Applicable,HK,"2,101 Million",,, 351.57 ,,, 36.09 ,,"1,298,456",,"1,389,522",,,17.3%,31.75%,21.25%,31.75%,31.75%,65%,65%," 35,441 "," 23,037 "," 23,037 "
,BMG9880L1028,1052 HK,"100,000",YUEXIU TRANSPORT INFRASTRUCT,3.79,3.77,HKD,HKD, Hong Kong ,#N/A Field Not Applicable,HK,799 Million,,," 1,673.16 ",,, 29.29 ,,"3,249,566",,"1,756,829",,,14.28%,52.75%,21.25%,52.75%,52.75%,45%,45%," 48,456 "," 21,805 "," 21,805 "
,CNE100000981,1186 HK,"20,000",CHINA RAILWAY CONSTRUCTION-H,4.93,4.78,HKD,HKD, Hong Kong ,#N/A Field Not Applicable,HK,"14,736 Million",,," 2,076.30 ",,, 34.71 ,,"7,710,594",,"4,582,544",,,16.69%,21.25%,21.25%,21.25%,21.25%,75%,75%," 12,606 "," 9,455 "," 9,455 "
,HK0101000591,101 HK,"18,000",HANG LUNG PROPERTIES LTD,8.59,8.08,HKD,HKD, Hong Kong ,#N/A Field Not Applicable,HK,"4,866 Million",,," 4,499.26 ",,, 34.18 ,,"8,195,479",,"9,453,421",,,16.46%,31.75%,21.25%,31.75%,31.75%,65%,65%," 19,769 "," 12,850 "," 12,850 "
,HK0014000126,14 HK,"20,000",HYSAN DEVELOPMENT CO,12.78,12.24,HKD,HKD, Hong Kong ,#N/A Field Not Applicable,HK,"1,669 Million",,," 1,027.01 ",,, 29.30 ,,"1,430,809",,"2,457,308",,,14.29%,31.75%,21.25%,31.75%,31.75%,65%,65%," 32,679 "," 21,241 "," 21,241 "
,HK0066009694,66 HK,"9,247",MTR CORP,25.7,25.3,HKD,HKD, Hong Kong ,#N/A Field Not Applicable,HK,"20,171 Million",,," 6,217.20 ",,, 21.69 ,,"3,784,162",,"12,759,984",,,10.79%,21.25%,21.25%,21.25%,21.25%,75%,75%," 30,384 "," 22,788 "," 22,788 "
,JP3409000001,8830 JT,"4,000",SUMITOMO REALTY & DEVELOPMEN,4841,,JPY,, Tokyo ,Tokyo Prime,,"17,933 Million",,, 476.09 ,,, 29.61 ,,"1,332,935",,"43,286,910",,,14.43%,21.25%,21.25%,21.25%,21.25%,75%,75%," 128,767 "," 96,575 "," 96,575 "
,JP3566800003,9022 JP,"5,800",CENTRAL JAPAN RAILWAY CO,3951,,JPY,, Tokyo ,Tokyo Prime,,"29,578 Million",,," 1,030.00 ",,, 18.15 ,,"2,649,342",,"70,802,400",,,9.11%,21.25%,21.25%,21.25%,21.25%,75%,75%," 152,386 "," 114,289 "," 114,289 "
,MYL1686OO004,CRIMSON MK,"45,000",CRIMSON LAND BHD,#N/A N/A,,MYR,, #N/A Field Not Applicable ,#N/A Field Not Applicable,#N/A,,,, #N/A N/A ,,, #N/A N/A ,,#N/A N/A,,,,,0.%,21.25%,21.25%,21.25%,#VALUE!,0%,0%, -   , -   , -   
,JP3873800001,9980 JP,"1,980",MRK HOLDINGS INC,116,,JPY,, Tokyo ,Tokyo Standard,,85 Million,,, 101.30 ,,, 14.78 ,,"94,908",,"76,309",,,7.48%,100.%,21.25%,100.%,100.%,0%,0%," 1,527 ", -   , -   
,JP3436120004,8473 JP,"2,130",SBI HOLDINGS INC,3951,,JPY,, Tokyo ,Tokyo Prime,,"8,045 Million",,, 277.30 ,,, 23.82 ,,"2,395,212",,"63,229,305",,,11.78%,21.25%,21.25%,21.25%,21.25%,75%,75%," 55,962 "," 41,972 "," 41,972 "
,KYG368441195,546 HK,"120,000",FUFENG GROUP LTD,4.85,4.81,HKD,HKD, Hong Kong ,#N/A Field Not Applicable,HK,"1,597 Million",,," 2,536.49 ",,, 33.42 ,,"3,187,275",,"1,857,148",,,16.13%,31.75%,21.25%,31.75%,31.75%,65%,65%," 74,410 "," 48,367 "," 48,367 "
,JP3768600003,1808 JP,"90,000",HASEKO CORP,1871,,JPY,, Tokyo ,Tokyo Prime,,"4,120 Million",,, 300.79 ,,, 17.72 ,,"1,045,877",,"14,098,024",,,8.91%,31.75%,21.25%,31.75%,31.75%,65%,65%," 1,119,763 "," 727,846 "," 727,846 "
,JP3242800005,7751 JP,"51,600",CANON INC,4437,,JPY,, Tokyo ,Tokyo Prime,,"42,775 Million",,," 1,333.76 ",,, 20.76 ,,"4,234,457",,"122,391,695",,,10.35%,21.25%,21.25%,21.25%,21.25%,75%,75%," 1,522,471 "," 1,141,853 "," 1,141,853 "
,HK1097008929,1097 HK,"75,497",I-CABLE COMMUNICATIONS LTD,0.03,0.028,HKD,HKD, Hong Kong ,#N/A Field Not Applicable,HK,28 Million,,," 7,134.62 ",,, 57.37 ,,"1,366,291",,"5,650",,,26.06%,100.%,26.5%,100.%,100.%,0%,0%, 290 , -   , -   
,HK0004000045,4 HK,276,WHARF HOLDINGS LTD,26.3,25.65,HKD,HKD, Hong Kong ,#N/A Field Not Applicable,HK,"9,837 Million",,," 3,056.03 ",,, 31.59 ,,"1,448,905",,"4,696,590",,,15.31%,21.25%,21.25%,21.25%,21.25%,75%,75%, 928 , 696 , 696 
,KYG9593A1040,1997 HK,"37,088",WHARF REAL ESTATE INVESTMENT,27.15,24.85,HKD,HKD, Hong Kong ,#N/A Field Not Applicable,HK,"10,259 Million",,," 3,036.23 ",,, 35.88 ,,"3,863,099",,"12,333,675",,,17.21%,21.25%,21.25%,21.25%,21.25%,75%,75%," 128,740 "," 96,555 "," 96,555 "
,JP3814000000,4901 JP,"1,100",FUJIFILM HOLDINGS CORP,10050,,JPY,, Tokyo ,Tokyo Prime,,"30,206 Million",,, 414.63 ,,, 21.76 ,,"1,479,170",,"99,064,732",,,10.82%,21.25%,21.25%,21.25%,21.25%,75%,75%," 73,514 "," 55,135 "," 55,135 "
,JP3294460005,1605 JP,"5,000",INPEX CORP,2205,,JPY,, Tokyo ,Tokyo Prime,,"20,512 Million",,," 1,259.14 ",,, 34.30 ,,"7,811,147",,"113,401,322",,,16.51%,21.25%,21.25%,21.25%,21.25%,75%,75%," 73,314 "," 54,986 "," 54,986 "
,JP3933800009,4689 JP,"24,000",LY CORP,394,,JPY,, Tokyo ,Tokyo Prime,,"21,705 Million",,," 7,636.93 ",,, 29.95 ,,"17,100,620",,"54,064,538",,,14.58%,21.25%,21.25%,21.25%,21.25%,75%,75%," 62,881 "," 47,161 "," 47,161 "
,JP3435750009,2413 JP,"3,800",M3 INC,2080.5,,JPY,, Tokyo ,Tokyo Prime,,"10,138 Million",,, 679.06 ,,, 35.95 ,,"3,519,240",,"55,288,455",,,17.24%,21.25%,21.25%,21.25%,21.25%,75%,75%," 52,573 "," 39,430 "," 39,430 "
,JP3381000003,5401 JP,"2,900",NIPPON STEEL CORP,3627,,JPY,, Tokyo ,Tokyo Prime,,"25,125 Million",,, 950.32 ,,, 27.83 ,,"8,553,670",,"214,569,437",,,13.62%,21.25%,21.25%,21.25%,21.25%,75%,75%," 69,945 "," 52,459 "," 52,459 "
,JP3200450009,8591 JP,"3,800",ORIX CORP,3265,,JPY,, Tokyo ,Tokyo Prime,,"29,276 Million",,," 1,214.96 ",,, 24.11 ,,"3,818,337",,"80,663,625",,,11.91%,21.25%,21.25%,21.25%,21.25%,75%,75%," 82,504 "," 61,878 "," 61,878 "
,JP3892100003,8309 JP,"6,000",SUMITOMO MITSUI TRUST HOLDIN,3224,,JPY,, Tokyo ,Tokyo Prime,,"16,916 Million",,, 728.05 ,,, 25.42 ,,"2,717,400",,"57,747,302",,,12.52%,21.25%,21.25%,21.25%,21.25%,75%,75%," 128,634 "," 96,476 "," 96,476 "
,CNE1000001Y8,2357 HK,"32,000",AVICHINA INDUSTRY & TECH-H,3.35,2.93,HKD,HKD, Hong Kong ,#N/A Field Not Applicable,HK,"3,398 Million",,," 6,210.66 ",,, 33.60 ,,"8,223,009",,"3,288,689",,,16.2%,31.75%,21.25%,31.75%,31.75%,65%,65%," 13,706 "," 8,909 "," 8,909 "
,HK0000145638,3613 HK,"5,000",BEIJING TONG REN TANG CHINES,9.63,8.9,HKD,HKD, Hong Kong ,#N/A Field Not Applicable,HK,"1,008 Million",,, 837.10 ,,, 38.57 ,,"2,709,322",,"3,371,316",,,18.37%,31.75%,21.25%,31.75%,31.75%,65%,65%," 6,156 "," 4,001 "," 4,001 "
,BMG2125V1265,8120 HK,854,CHINA DEMETER FINANCIAL INVE,0.126,0.118,HKD,HKD, Hong Kong ,#N/A Field Not Applicable,HK,12 Million,,, 752.90 ,,, 56.85 ,,"1,775,262",,"33,447",,,25.86%,100.%,26.5%,100.%,100.%,0%,0%, 14 , -   , -   
,CNE1000002R0,1088 HK,"10,000",CHINA SHENHUA ENERGY CO-H,29.5,30.95,HKD,HKD, Hong Kong ,#N/A Field Not Applicable,HK,"98,466 Million",,," 3,377.48 ",,, 27.73 ,,"18,990,520",,"70,949,433",,,13.58%,21.25%,21.25%,21.25%,21.25%,75%,75%," 37,717 "," 28,287 "," 28,287 "
,CA3518581051,FNV US,500,FRANCO-NEVADA CORP,116.62,,USD,, New York ,#N/A Field Not Applicable,CT,"22,411 Million",,, 192.18 ,,, 27.13 ,,"774,537",,"85,134,904",,,13.3%,21.25%,21.25%,21.25%,21.25%,75%,75%," 58,310 "," 43,733 "," 43,733 "
,CNE100001YQ9,6886 HK,"67,000",HUATAI SECURITIES CO LTD-H,9.56,8.77,HKD,HKD, Hong Kong ,#N/A Field Not Applicable,HK,"16,628 Million",,," 1,719.05 ",,, 30.76 ,,"2,713,789",,"3,279,021",,,14.95%,21.25%,21.25%,21.25%,21.25%,75%,75%," 81,892 "," 61,419 "," 61,419 "
,KYG532241042,1813 HK,"20,642",KWG GROUP HOLDINGS LTD,0.355,0.275,HKD,HKD, Hong Kong ,#N/A Field Not Applicable,HK,153 Million,,," 3,418.88 ",,, 97.03 ,,"11,437,670",,"682,269",,,39.99%,100.%,42.25%,100.%,100.%,0%,0%, 937 , -   , -   
,KYG5322R1039,3913 HK,"10,779",KWG LIVING GROUP HOLDINGS LT,0.43,0.33,HKD,HKD, Hong Kong ,#N/A Field Not Applicable,HK,109 Million,,," 2,025.86 ",,, 66.08 ,,"3,977,105",,"212,033",,,29.37%,100.%,31.75%,100.%,100.%,0%,0%, 593 , -   , -   
,TW0002481009,2481 TT,"108,000",PAN JIT INTERNATIONAL INC,56.9,,TWD,, Taiwan ,#N/A Field Not Applicable,TT,,,, 382.11 ,,, 27.66 ,,"1,807,538",,,,,0.%,21.25%,21.25%,21.25%,#N/A,0%,0%, -   , -   , -   
,TW0000055003,0055 TT,"100,000",YUANTA/P-SHRS MSCI TW FIN ET,25.07,,TWD,, Taiwan ,#N/A Field Not Applicable,TT,,,, 68.15 ,,, 10.31 ,,"364,953",,,,,0.%,21.25%,21.25%,21.25%,#N/A,0%,0%, -   , -   , -   
,US26853E1029,EH US,"10,000",EHANG HOLDINGS LTD-SPS ADR,15.5,,USD,, NASDAQ GM ,#N/A Field Not Applicable,#N/A,936 Million,,, 40.88 ,,, 81.92 ,,"880,303",,"12,043,634",,,35.02%,52.75%,37.%,52.75%,52.75%,45%,45%," 155,000 "," 69,750 "," 69,750 "
,US46591M1099,YY US,"10,000",JOYY INC-ADR,33.37,,USD,, NASDAQ GS ,#N/A Field Not Applicable,#N/A,"2,029 Million",,, 44.47 ,,, 41.12 ,,"722,621",,"23,608,804",,,19.46%,31.75%,21.25%,31.75%,31.75%,65%,65%," 333,700 "," 216,905 "," 216,905 "
,US66981J1025,MNSO UN,"10,000",MINISO GROUP HOLDING LTD-ADR,20.4,,USD,, New York ,#N/A Field Not Applicable,#N/A,"6,445 Million",,, 315.92 ,,, 57.16 ,,"416,696",,"7,984,473",,,25.98%,21.25%,26.5%,26.5%,26.5%,70%,70%," 204,000 "," 142,800 "," 142,800 "
,HK0000084183,984 HK,"65,500",AEON STORES HONG KONG CO LTD,0.57,0.5,HKD,HKD, Hong Kong ,#N/A Field Not Applicable,HK,19 Million,,, 260.00 ,,, 41.91 ,,"10,885",,846,,,38.93%,100.%,42.25%,100.%,100.%,0%,0%," 4,773 ", -   , -   
,JP3507750002,3962 JP,"6,100",CHANGE HOLDINGS INC,1250,,JPY,, Tokyo ,Tokyo Prime,,649 Million,,, 72.98 ,,, 46.01 ,,"1,148,302",,"11,146,807",,,21.5%,52.75%,26.5%,52.75%,52.75%,45%,45%," 50,705 "," 22,817 "," 22,817 "
,JP3386560001,3914 JP,"6,500",JIG-SAW INC,4125,,JPY,, Tokyo ,Tokyo Growth,,198 Million,,, 6.75 ,,, 45.54 ,,"55,758",,"1,927,871",,,21.33%,100.%,26.5%,100.%,100.%,0%,0%," 178,298 ", -   , -   
,HK2801040828,2801 HK,"38,000",ISHARES ASIA TRUST - ISH-HKD,17.6,17.38,HKD,HKD, Hong Kong ,#N/A Field Not Applicable,HK,"1,138 Million",,, 511.20 ,,, 26.01 ,,"223,891",,"476,638",,,12.92%,31.75%,21.25%,31.75%,31.75%,65%,65%," 85,508 "," 55,580 "," 55,580 "
,US74347G4165,SDS UP,"2,000",PROSHARES ULTRASHORT S&P500,26.08,,USD,, NYSE Arca ,#N/A Field Not Applicable,UP,618 Million,,, 23.71 ,,, 24.21 ,,"1,872,562",,"53,247,600",,,11.96%,52.75%,21.25%,52.75%,52.75%,45%,45%," 52,160 "," 23,472 "," 23,472 "
,AU000000TLG7,TLG AT,"85,000",TALGA GROUP LTD,0.84,,AUD,, ASE ,#N/A Field Not Applicable,AT,206 Million,,, 379.75 ,,, 59.96 ,,"1,022,558",,"499,045",,,27.06%,94.75%,31.75%,94.75%,100.%,0%,0%," 46,518 ", -   , -   
,JP3126400005,6770 JP,"58,000",ALPS ALPINE CO LTD,1130.5,,JPY,, Tokyo ,Tokyo Prime,,"1,807 Million",,, 219.28 ,,, 28.46 ,,"1,800,198",,"14,554,242",,,13.91%,31.75%,21.25%,31.75%,31.75%,65%,65%," 436,022 "," 283,414 "," 283,414 "
,US0382221051,AMAT UW,"1,500",APPLIED MATERIALS INC,200.73,,USD,, NASDAQ GS ,#N/A Field Not Applicable,UW,"166,786 Million",,, 830.90 ,,, 34.55 ,,"2,593,715",,"465,135,616",,,16.62%,21.25%,21.25%,21.25%,21.25%,75%,75%," 301,095 "," 225,821 "," 225,821 "
,HK0000127412,2822 HK,"70,000",CSOP FTSE CHINA A50 ETF-HKD,11.9,11.83,HKD,HKD, Hong Kong ,#N/A Field Not Applicable,HK,"1,081 Million",,, 713.00 ,,, 17.86 ,,"5,196,347",,"7,391,320",,,8.97%,31.75%,21.25%,31.75%,31.75%,65%,65%," 106,501 "," 69,226 "," 69,226 "
,HK0000562667,9809 HK,"10,000",GLOBAL X CHINA CLEAN ENE-USD,10.37,,USD,, Hong Kong ,#N/A Field Not Applicable,HK,78 Million,,, 7.55 ,,, 24.84 ,,"12,519",,"117,631",,,14.53%,100.%,21.25%,100.%,100.%,0%,0%," 103,700 ", -   , -   
,JP3205800000,4452 JP,"5,000",KAO CORP,5704,,JPY,, Tokyo ,Tokyo Prime,,"18,999 Million",,, 465.90 ,,, 19.12 ,,"1,438,997",,"59,383,598",,,9.57%,21.25%,21.25%,21.25%,21.25%,75%,75%," 189,653 "," 142,240 "," 142,240 "
,KYG607441022,2282 HK,"248,000",MGM CHINA HOLDINGS LTD,11.82,13.84,HKD,HKD, Hong Kong ,#N/A Field Not Applicable,HK,"5,703 Million",,," 3,802.27 ",,, 41.62 ,,"5,534,850",,"7,947,841",,,19.67%,21.25%,21.25%,21.25%,21.25%,75%,75%," 374,782 "," 281,087 "," 281,087 "
,JP3198900007,4661 JP,"9,000",ORIENTAL LAND CO LTD,4990,,JPY,, Tokyo ,Tokyo Prime,,"65,649 Million",,," 1,818.45 ",,, 23.04 ,,"3,976,343",,"150,531,935",,,11.42%,21.25%,21.25%,21.25%,21.25%,75%,75%," 298,643 "," 223,983 "," 223,983 "
,JP3538800008,6762 JP,"4,000",TDK CORP,7508,,JPY,, Tokyo ,Tokyo Prime,,"20,971 Million",,, 388.77 ,,, 29.56 ,,"1,769,670",,"94,114,232",,,14.4%,21.25%,21.25%,21.25%,21.25%,75%,75%," 199,707 "," 149,781 "," 149,781 "
,KYG981491007,1128 HK,"400,000",WYNN MACAU LTD,6.78,7.32,HKD,HKD, Hong Kong ,#N/A Field Not Applicable,HK,"4,481 Million",,," 5,241.03 ",,, 40.02 ,,"9,433,363",,"7,846,310",,,18.99%,31.75%,21.25%,31.75%,31.75%,65%,65%," 346,737 "," 225,379 "," 225,379 "
,KYG9835C1087,9923 HK,"50,000",YEAHKA LTD,12.32,11.3,HKD,HKD, Hong Kong ,#N/A Field Not Applicable,HK,677 Million,,, 443.01 ,,, 44.26 ,,"389,868",,"654,261",,,20.82%,52.75%,21.25%,52.75%,52.75%,45%,45%," 78,757 "," 35,441 "," 35,441 "
,BMG989M12097,767 HK,687,ZHONG JI LONGEVITY SCIENCE G,0.136,0.134,HKD,HKD, Hong Kong ,#N/A Field Not Applicable,HK,8 Million,,, 455.44 ,,, 69.04 ,,"230,237",,"3,884",,,30.46%,100.%,31.75%,100.%,100.%,0%,0%, 12 , -   , -   
,CA0679011084,GOLD UN,"4,612",BARRICK GOLD CORP,15.63,,USD,, New York ,#N/A Field Not Applicable,CT,"27,440 Million",,," 1,755.57 ",,, 29.83 ,,"2,838,563",,"44,791,516",,,14.53%,21.25%,21.25%,21.25%,21.25%,75%,75%," 72,086 "," 54,064 "," 54,064 "
,HK0000711199,3069 HK,"4,000",CHINAAMC HANG SENG HONG -HKD,8.79,7.78,HKD,HKD, Hong Kong ,#N/A Field Not Applicable,HK,68 Million,,, 62.20 ,,, 36.40 ,,"178,863",,"197,506",,,17.43%,100.%,21.25%,100.%,100.%,0%,0%," 4,495 ", -   , -   
,CNE100000312,489 HK,"40,000",DONGFENG MOTOR GRP CO LTD-H,3.73,2.82,HKD,HKD, Hong Kong ,#N/A Field Not Applicable,HK,"3,751 Million",,," 2,519.69 ",,, 41.03 ,,"13,370,450",,"5,624,087",,,19.42%,31.75%,21.25%,31.75%,31.75%,65%,65%," 19,076 "," 12,399 "," 12,399 "
,SG1U27933225,FIRT SP,"90,000",FIRST REAL ESTATE INVT TRUST,0.245,,SGD,, Singapore ,#N/A Field Not Applicable,#N/A,370 Million,,," 2,081.50 ",,, 27.12 ,,"1,048,108",,"196,134",,,13.3%,73.75%,21.25%,73.75%,100.%,0%,0%," 16,426 ", -   , -   
,HK0000516697,2820 HK,800,GLOBAL X CHINA BIOTECH-HKD,49.3,45,HKD,HKD, Hong Kong ,#N/A Field Not Applicable,HK,53 Million,,, 8.65 ,,, 29.62 ,,"25,825",,"161,108",,,14.43%,100.%,21.25%,100.%,100.%,0%,0%," 5,043 ", -   , -   
,SG2D18969584,MPACT SP,"20,000",MAPLETREE PAN ASIA COM TRUST,1.26,,SGD,, Singapore ,#N/A Field Not Applicable,#N/A,"4,655 Million",,," 5,252.99 ",,, 23.11 ,,"11,730,140",,"11,958,912",,,11.45%,31.75%,21.25%,31.75%,31.75%,65%,65%," 18,772 "," 12,202 "," 12,202 "
,SG1B51001017,JCNC SP,"2,466",JARDINE CYCLE & CARRIAGE LTD,24.29,,SGD,, Singapore ,#N/A Field Not Applicable,SP,"6,996 Million",,, 395.24 ,,, 20.61 ,,"578,825",,"11,106,733",,,10.28%,21.25%,21.25%,21.25%,21.25%,75%,75%," 44,621 "," 33,466 "," 33,466 "
,KYG2118M1096,2669 HK,"66,667",CHINA OVERSEAS PROPERTY HOLD,6.31,4.18,HKD,HKD, Hong Kong ,#N/A Field Not Applicable,HK,"2,503 Million",,," 3,286.86 ",,, 46.65 ,,"7,328,689",,"5,438,593",,,21.77%,31.75%,26.5%,31.75%,31.75%,65%,65%," 53,784 "," 34,959 "," 34,959 "
,KYG2122G1064,1209 HK,307,CHINA RESOURCES MIXC LIFESTY,23.85,26.1,HKD,HKD, Hong Kong ,#N/A Field Not Applicable,HK,"6,836 Million",,," 2,282.50 ",,, 42.86 ,,"3,989,859",,"12,010,154",,,20.19%,21.25%,21.25%,21.25%,21.25%,75%,75%, 936 , 702 , 702 
,CNE1000002T6,1055 HK,"350,000",CHINA SOUTHERN AIRLINES CO-H,3.03,2.68,HKD,HKD, Hong Kong ,#N/A Field Not Applicable,HK,"12,499 Million",,," 4,644.00 ",,, 33.67 ,,"15,636,060",,"5,990,013",,,16.24%,21.25%,21.25%,21.25%,21.25%,75%,75%," 135,588 "," 101,691 "," 101,691 "
,HK0604011236,604 HK,"210,000",SHENZHEN INVESTMENT LTD,1.01,0.98,HKD,HKD, Hong Kong ,#N/A Field Not Applicable,HK,"1,150 Million",,," 8,898.79 ",,, 32.92 ,,"4,215,545",,"571,824",,,15.9%,31.75%,21.25%,31.75%,31.75%,65%,65%," 27,118 "," 17,626 "," 17,626 "
,HK0440001847,440 HK,"10,000",DAH SING FINANCIAL HOLDINGS,16.48,19.38,HKD,HKD, Hong Kong ,#N/A Field Not Applicable,HK,668 Million,,, 319.58 ,,, 23.46 ,,"241,048",,"489,474",,,11.61%,52.75%,21.25%,52.75%,52.75%,45%,45%," 21,070 "," 9,482 "," 9,482 "
,HK0000709128,2155 HK,"100,000",MORIMATSU INTERNATIONAL HOLD,4.8,4.55,HKD,HKD, Hong Kong ,#N/A Field Not Applicable,HK,710 Million,,," 1,190.09 ",,, 48.67 ,,"1,509,748",,"898,885",,,22.59%,52.75%,26.5%,52.75%,52.75%,45%,45%," 61,369 "," 27,616 "," 27,616 "
,CNE100000X44,3618 HK,"13,412,000",CHONGQING RURAL COMMERCIAL-H,3.25,3.27,HKD,, Hong Kong ,#N/A Field Not Applicable,HK,"6,496 Million",,," 2,513.34 ",,, 20.50 ,,"7,795,595",,"3,086,738",,,14.44%,21.25%,21.25%,21.25%,21.25%,75%,40%," 5,572,972 "," 4,179,729 "," 2,229,189 "
,US22788C1053,CRWD US,61,CROWDSTRIKE HOLDINGS INC - A,321.06,,USD,, NASDAQ GS ,#N/A Field Not Applicable,UW,"77,654 Million",,, 229.38 ,,, 42.85 ,,"3,898,148",,"1,183,523,200",,,20.19%,21.25%,21.25%,21.25%,21.25%,75%,75%," 19,585 "," 14,688 "," 14,688 "
,US5951121038,MU US,342,MICRON TECHNOLOGY INC,93.78,,USD,, NASDAQ GS ,#N/A Field Not Applicable,UW,"103,525 Million",,," 1,103.91 ",,, 35.89 ,,"15,962,262",,"1,398,686,464",,,17.21%,21.25%,21.25%,21.25%,21.25%,75%,75%," 32,073 "," 24,055 "," 24,055 "
,US6821891057,ON UW,392,ON SEMICONDUCTOR,73.82,,USD,, NASDAQ GS ,#N/A Field Not Applicable,UW,"31,545 Million",,, 427.33 ,,, 48.01 ,,"2,857,175",,"221,144,704",,,22.32%,21.25%,26.5%,26.5%,26.5%,70%,70%," 28,937 "," 20,256 "," 20,256 "
,US9778521024,WOLF UN,888,WOLFSPEED INC,25.05,,USD,, New York ,#N/A Field Not Applicable,UN,"3,151 Million",,, 125.80 ,,, 74.41 ,,"1,054,804",,"33,052,204",,,32.4%,31.75%,37.%,37.%,37.%,60%,60%," 22,244 "," 13,347 "," 13,347 "
,US34379V1035,FLNC UQ,"1,000",FLUENCE ENERGY INC,14.15,,USD,, NASDAQ GS ,#N/A Field Not Applicable,UW,"2,528 Million",,, 127.13 ,,, 75.57 ,,"888,188",,"16,711,175",,,32.81%,31.75%,37.%,37.%,37.%,60%,60%," 14,150 "," 8,490 "," 8,490 "
,JP3049130002,2621 JT,"15,000",ISHARES 20+ US TR BD JPY HED,1262,,JPY,, Tokyo ,Tokyo Investment Trust,,"1,101 Million",,, 121.77 ,,, 16.09 ,,"1,542,792",,"14,425,232",,,8.12%,31.75%,21.25%,31.75%,31.75%,65%,65%," 125,881 "," 81,823 "," 81,823 "
,KYG5656D1189,8198 HK,"130,000",CRYPTO FLOW TECHNOLOGY LTD,0.2,0.196,HKD,, Hong Kong ,#N/A Field Not Applicable,HK,14 Million,,, 548.41 ,,, 58.04 ,,"34,300",,909,,,43.42%,100.%,47.5%,100.%,100.%,0%,0%," 3,324 ", -   , -   
,BMG8565U1302,102 HK,"800,000",SUMMIT ASCENT HOLDINGS LTD,0.047,0.047,HKD,, Hong Kong ,#N/A Field Not Applicable,HK,27 Million,,," 4,509.45 ",,, 78.31 ,,"381,148",,"2,339",,,46.64%,100.%,47.5%,100.%,100.%,0%,0%," 4,807 ", -   , -   
,MU0117U00026,GGR SP,"100,000",GOLDEN AGRI-RESOURCES LTD,0.27,,SGD,, Singapore ,#N/A Field Not Applicable,SP,"2,487 Million",,," 12,681.67 ",,, 28.05 ,,"15,475,430",,"3,028,016",,,13.72%,31.75%,21.25%,31.75%,42.25%,55%,55%," 20,113 "," 11,062 "," 11,062 "
,SG1CE4000000,KAGR SP,"262,500",KENCANA AGRI LTD,0.075,,SGD,, Singapore ,#N/A Field Not Applicable,SP,15 Million,,, 287.01 ,,, #N/A N/A ,,"6,197",,374,,,0.%,100.%,21.25%,100.%,100.%,0%,0%," 14,666 ", -   , -   
,JP3122400009,6857 JP,"1,080",ADVANTEST CORP,6686,,JPY,, Tokyo ,Tokyo Prime,,"36,378 Million",,, 766.14 ,,, 50.68 ,,"14,822,610",,"661,618,938",,,23.41%,21.25%,26.5%,26.5%,26.5%,70%,70%," 48,018 "," 33,612 "," 33,612 "
,JP3128660002,7071 JP,"5,000",AMVIS HOLDINGS INC,2438,,JPY,, Tokyo ,Tokyo Prime,,"1,720 Million",,, 98.07 ,,, 44.10 ,,"478,450",,"9,155,076",,,20.71%,31.75%,21.25%,31.75%,31.75%,65%,65%," 81,061 "," 52,690 "," 52,690 "
,JP3924800000,6141 JP,"5,000",DMG MORI CO LTD,4115,,JPY,, Tokyo ,Tokyo Prime,,"3,516 Million",,, 125.95 ,,, 30.92 ,,"1,179,555",,"27,277,793",,,15.02%,31.75%,21.25%,31.75%,31.75%,65%,65%," 136,820 "," 88,933 "," 88,933 "
,SG1CI1000004,MUST SP,"476,000",MANULIFE US REAL ESTATE INV,0.057,,USD,, Singapore ,#N/A Field Not Applicable,#N/A,99 Million,,," 1,776.57 ",,, 105.11 ,,"7,979,135",,"565,485",,,42.49%,100.%,47.5%,100.%,100.%,0%,0%," 27,132 ", -   , -   
,US68389X1054,ORCL US,"2,900",ORACLE CORP,127.8,,USD,, New York ,#N/A Field Not Applicable,UN,"351,260 Million",,," 2,748.51 ",,, 33.23 ,,"9,040,404",,"1,024,818,368",,,16.04%,21.25%,21.25%,21.25%,21.25%,75%,75%," 370,620 "," 277,965 "," 277,965 "
,FR0000121972,SU FP,"1,200",SCHNEIDER ELECTRIC SE,214.7,,EUR,, EN Paris ,#N/A Field Not Applicable,FP,"128,918 Million",,, 572.84 ,,, 23.13 ,,"694,189",,"139,525,988",,,11.46%,21.25%,21.25%,21.25%,21.25%,75%,75%," 279,527 "," 209,645 "," 209,645 "
,US5801351017,MCD US,20,MCDONALD'S CORP,278.58,,USD,, New York ,#N/A Field Not Applicable,UN,"201,149 Million",,, 722.05 ,,, 14.29 ,,"3,035,347",,"884,747,904",,,7.24%,21.25%,21.25%,21.25%,21.25%,75%,75%," 5,572 "," 4,179 "," 4,179 "
,US94106L1098,WM US,284,WASTE MANAGEMENT INC,211.67,,USD,, New York ,#N/A Field Not Applicable,UN,"85,006 Million",,, 401.60 ,,, 15.86 ,,"1,600,410",,"308,461,120",,,8.01%,21.25%,21.25%,21.25%,21.25%,75%,75%," 60,114 "," 45,086 "," 45,086 "
,US81369Y2090,XLV US,440,HEALTH CARE SELECT SECTOR,144.82,,USD,, NYSE Arca ,#N/A Field Not Applicable,UP,"40,682 Million",,, 280.92 ,,, 11.07 ,,"8,137,492",,"1,156,120,320",,,5.66%,21.25%,21.25%,21.25%,21.25%,75%,75%," 63,721 "," 47,791 "," 47,791 "
,US29355A1079,ENPH US,"1,895",ENPHASE ENERGY INC,111.19,,USD,, NASDAQ GM ,#N/A Field Not Applicable,UQ,"15,095 Million",,, 135.76 ,,, 65.47 ,,"4,479,781",,"534,627,712",,,29.15%,21.25%,31.75%,31.75%,31.75%,65%,65%," 210,705 "," 136,958 "," 136,958 "
,JP3119600009,2802 JP,"2,521",AJINOMOTO CO INC,5468,,JPY,, Tokyo ,Tokyo Prime,,"20,919 Million",,, 521.43 ,,, 28.90 ,,"1,902,343",,"77,438,465",,,14.11%,21.25%,21.25%,21.25%,21.25%,75%,75%," 91,667 "," 68,750 "," 68,750 "
,US0116591092,ALK US,"5,000",ALASKA AIR GROUP INC,38.21,,USD,, New York ,#N/A Field Not Applicable,UN,"4,816 Million",,, 126.05 ,,, 36.12 ,,"2,537,492",,"95,072,152",,,17.31%,31.75%,21.25%,31.75%,31.75%,65%,65%," 191,050 "," 124,183 "," 124,183 "
,US00214Q4010,ARKW US,"3,285",ARK NEXT GENERATION INTERNET,80.2,,USD,, NYSE Arca ,#N/A Field Not Applicable,UP,"1,692 Million",,, 21.10 ,,, 34.84 ,,"283,652",,"21,182,044",,,16.75%,31.75%,21.25%,31.75%,31.75%,65%,65%," 263,457 "," 171,247 "," 171,247 "
,US09062X1037,BIIB US,"1,528",BIOGEN INC,219.4,,USD,, NASDAQ GS ,#N/A Field Not Applicable,UW,"31,892 Million",,, 145.36 ,,, 23.26 ,,"1,129,927",,"267,159,488",,,11.52%,21.25%,21.25%,21.25%,21.25%,75%,75%," 335,243 "," 251,432 "," 251,432 "
,US1462291097,CRI US,"6,633",CARTER'S INC,84.31,,USD,, New York ,#N/A Field Not Applicable,UN,"3,076 Million",,, 36.48 ,,, 27.47 ,,"713,643",,"56,571,460",,,13.46%,31.75%,21.25%,31.75%,31.75%,65%,65%," 559,228 "," 363,498 "," 363,498 "
,CNE100000536,2866 HK,"1,465,910",COSCO SHIPPING DEVELOPMENT-H,0.8,0.79,HKD,, Hong Kong ,#N/A Field Not Applicable,HK,"3,634 Million",,," 3,676.00 ",,, 26.65 ,,"5,810,605",,"590,445",,,13.49%,31.75%,21.25%,31.75%,31.75%,65%,65%," 149,936 "," 97,459 "," 97,459 "
,JP3160400002,4523 JP,"3,096",EISAI CO LTD,6447,,JPY,, Tokyo ,Tokyo Prime,,"13,487 Million",,, 296.57 ,,, 28.75 ,,"1,543,347",,"74,523,888",,,14.04%,21.25%,21.25%,21.25%,21.25%,75%,75%," 132,730 "," 99,547 "," 99,547 "
,US3755581036,GILD US,638,GILEAD SCIENCES INC,73.26,,USD,, NASDAQ GS ,#N/A Field Not Applicable,UW,"91,265 Million",,," 1,245.78 ",,, 22.65 ,,"7,204,522",,"557,761,152",,,11.23%,21.25%,21.25%,21.25%,21.25%,75%,75%," 46,740 "," 35,055 "," 35,055 "
,US3896371099,GBTC UP,"4,050",GRAYSCALE BITCOIN TRUST BTC,59.58,,USD,, NYSE Arca ,#N/A Field Not Applicable,UP,"24,624 Million",,, 413.29 ,,, #N/A N/A ,,#N/A N/A,,,,,0.%,21.25%,21.25%,21.25%,21.25%,75%,0%," 241,299 "," 180,974 ", -   
,JP3183200009,8697 JP,"8,633",JAPAN EXCHANGE GROUP INC,3999,,JPY,, Tokyo ,Tokyo Prime,,"15,250 Million",,, 522.29 ,,, 23.50 ,,"1,740,095",,"43,594,985",,,11.63%,21.25%,21.25%,21.25%,21.25%,75%,75%," 229,574 "," 172,181 "," 172,181 "
,US71654V4086,PBR US,"11,888",PETROLEO BRASILEIRO-SPON ADR,14.59,,USD,, New York ,#N/A Field Not Applicable,#N/A,"94,655 Million",,," 3,721.23 ",,, 36.91 ,,"17,708,240",,"287,218,272",,,17.65%,21.25%,21.25%,21.25%,21.25%,75%,75%," 173,446 "," 130,084 "," 130,084 "
,KYG7170M1033,9992 HK,"60,024",POP MART INTERNATIONAL GROUP,23.4,29.4,HKD,, Hong Kong ,#N/A Field Not Applicable,HK,"3,953 Million",,," 1,342.94 ",,, 50.10 ,,"4,035,500",,"10,140,704",,,23.18%,31.75%,26.5%,31.75%,31.75%,65%,65%," 179,577 "," 116,725 "," 116,725 "
,US7443201022,PRU US,"5,402",PRUDENTIAL FINANCIAL INC,113.08,,USD,, New York ,#N/A Field Not Applicable,UN,"40,596 Million",,, 359.00 ,,, 24.89 ,,"1,592,102",,"169,371,072",,,12.28%,21.25%,21.25%,21.25%,21.25%,75%,75%," 610,858 "," 458,144 "," 458,144 "
,US75886F1075,REGN US,119,REGENERON PHARMACEUTICALS,959.92,,USD,, NASDAQ GS ,#N/A Field Not Applicable,UW,"105,363 Million",,, 107.94 ,,, 22.25 ,,"537,309",,"500,225,280",,,11.05%,21.25%,21.25%,21.25%,21.25%,75%,75%," 114,230 "," 85,673 "," 85,673 "
,US7739031091,ROK US,"1,230",ROCKWELL AUTOMATION INC,278.17,,USD,, New York ,#N/A Field Not Applicable,UN,"31,876 Million",,, 114.59 ,,, 33.19 ,,"969,931",,"274,449,824",,,16.03%,21.25%,21.25%,21.25%,21.25%,75%,75%," 342,149 "," 256,612 "," 256,612 "
,US8305661055,SKX US,"6,842",SKECHERS USA INC-CL A,60.18,,USD,, New York ,#N/A Field Not Applicable,#N/A,"9,224 Million",,, 133.09 ,,, 30.04 ,,"1,628,979",,"99,127,152",,,14.62%,21.25%,21.25%,21.25%,21.25%,75%,75%," 411,752 "," 308,814 "," 308,814 "
,US8356993076,SONY US,"1,210",SONY GROUP CORP - SP ADR,89.03,,USD,, New York ,#N/A Field Not Applicable,#N/A,"112,287 Million",,," 1,261.23 ",,, 25.04 ,,"835,920",,"77,072,144",,,12.35%,21.25%,21.25%,21.25%,21.25%,75%,75%," 107,726 "," 80,795 "," 80,795 "
,US84265V1052,SCCO UN,"2,541",SOUTHERN COPPER CORP,102.6,,USD,, New York ,#N/A Field Not Applicable,UN,"79,321 Million",,, 773.11 ,,, 36.22 ,,"292,732",,"24,999,354",,,17.35%,21.25%,21.25%,21.25%,21.25%,75%,75%," 260,707 "," 195,530 "," 195,530 "
,US8574771031,STT US,"3,288",STATE STREET CORP,72.49,,USD,, New York ,#N/A Field Not Applicable,UN,"21,888 Million",,, 301.94 ,,, 30.31 ,,"2,122,168",,"157,774,064",,,14.75%,21.25%,21.25%,21.25%,21.25%,75%,75%," 238,347 "," 178,760 "," 178,760 "
,US9024941034,TSN US,"1,886",TYSON FOODS INC-CL A,56.09,,USD,, New York ,#N/A Field Not Applicable,UN,"19,988 Million",,, 286.34 ,,, 29.04 ,,"3,007,370",,"163,307,264",,,14.17%,21.25%,21.25%,21.25%,21.25%,75%,75%," 105,786 "," 79,339 "," 79,339 "
,US9078181081,UNP US,"1,575",UNION PACIFIC CORP,244.36,,USD,, New York ,#N/A Field Not Applicable,UN,"149,005 Million",,, 609.78 ,,, 19.76 ,,"2,297,819",,"564,153,728",,,9.88%,21.25%,21.25%,21.25%,21.25%,75%,75%," 384,867 "," 288,650 "," 288,650 "
,CA1363851017,CNQ US,500,CANADIAN NATURAL RESOURCES,73.41,,USD,, New York ,#N/A Field Not Applicable,CT,"78,611 Million",,," 1,070.85 ",,, 30.31 ,,"3,061,634",,"200,805,376",,,14.75%,21.25%,21.25%,21.25%,21.25%,75%,75%," 36,705 "," 27,529 "," 27,529 "
,JP3548600000,6146 JP,150,DISCO CORP,50890,,JPY,, Tokyo ,Tokyo Prime,,"40,095 Million",,, 108.36 ,,, 42.73 ,,"1,810,880",,"566,024,571",,,20.14%,21.25%,21.25%,21.25%,21.25%,75%,75%," 50,761 "," 38,071 "," 38,071 "
,SG1D25001158,HPAR SP,"15,000",HAW PAR CORP LTD,9.57,,SGD,, Singapore ,#N/A Field Not Applicable,SP,"1,535 Million",,, 221.37 ,,, 12.93 ,,"65,573",,"460,985",,,6.74%,31.75%,21.25%,31.75%,31.75%,65%,65%," 106,935 "," 69,508 "," 69,508 "
,JP3494600004,7735 JP,500,SCREEN HOLDINGS CO LTD,18340,,JPY,, Tokyo ,Tokyo Prime,,"13,440 Million",,, 101.59 ,,, 40.41 ,,"3,708,923",,"450,277,247",,,19.16%,21.25%,21.25%,21.25%,21.25%,75%,75%," 60,979 "," 45,734 "," 45,734 "
,US92534K1079,VTNR US,"2,000",VERTEX ENERGY INC,1.16,,USD,, NASDAQ CM ,#N/A Field Not Applicable,UR,108 Million,,, 93.51 ,,, 88.17 ,,"2,990,342",,"5,856,235",,,37.12%,100.%,42.25%,100.%,100.%,0%,0%," 2,320 ", -   , -   
,HK0000629656,7233 HK,"3,600",CSOP CSI 300  INDEX  DAILY-H,3.578,3.474,HKD,, Hong Kong ,#N/A Field Not Applicable,HK,30 Million,,, 66.80 ,,, 33.01 ,,"1,474,461",,"591,516",,,15.95%,100.%,21.25%,100.%,100.%,0%,0%," 1,647 ", -   , -   
,CNE1000003D8,1071 HK,"60,000",HUADIAN POWER INTL CORP-H,4.36,4.11,HKD,, Hong Kong ,#N/A Field Not Applicable,HK,"8,672 Million",,," 1,717.23 ",,, 37.35 ,,"16,514,290",,"7,892,042",,,17.84%,21.25%,21.25%,21.25%,21.25%,75%,75%," 33,446 "," 25,085 "," 25,085 "
,US78467X1090,DIA US,300,SPDR DJIA TRUST,387.73,,USD,, NYSE Arca ,#N/A Field Not Applicable,UP,"33,846 Million",,, 87.29 ,,, 10.59 ,,"3,634,256",,"1,387,456,512",,,5.42%,21.25%,21.25%,21.25%,21.25%,75%,75%," 116,319 "," 87,239 "," 87,239 "
,US78463V1070,GLD US,447,SPDR GOLD SHARES,200.03,,USD,, NYSE Arca ,#N/A Field Not Applicable,UP,"57,869 Million",,, 289.30 ,,, 12.89 ,,"6,493,002",,"1,240,688,000",,,6.56%,21.25%,21.25%,21.25%,21.25%,75%,75%," 89,413 "," 67,060 "," 67,060 "
,US88034P1093,TME US,"16,180",TENCENT MUSIC ENTERTAINM-ADR,10.38,,USD,, New York ,#N/A Field Not Applicable,#N/A,"17,813 Million",,, 883.60 ,,, 46.76 ,,"8,644,840",,"81,646,360",,,21.81%,21.25%,26.5%,26.5%,26.5%,70%,70%," 167,948 "," 117,564 "," 117,564 "
,US88166A5083,WEAT US,"6,600",TEUCRIUM WHEAT FUND,5.22,,USD,, NYSE Arca ,#N/A Field Not Applicable,UP,154 Million,,, 29.43 ,,, 29.47 ,,"569,765",,"3,170,549",,,14.37%,100.%,21.25%,100.%,100.%,0%,0%," 34,452 ", -   , -   
,US9219088443,VIG US,430,VANGUARD DIVIDEND APPREC ETF,179.52,,USD,, NYSE Arca ,#N/A Field Not Applicable,UP,"79,149 Million",,, 440.89 ,,, 10.34 ,,"1,192,351",,"206,424,576",,,5.3%,21.25%,21.25%,21.25%,21.25%,75%,75%," 77,194 "," 57,895 "," 57,895 "
,US9229087690,VTI US,508,VANGUARD TOTAL STOCK MKT ETF,255,,USD,, NYSE Arca ,#N/A Field Not Applicable,UP,"382,291 Million",,," 1,499.18 ",,, 12.84 ,,"3,457,577",,"842,735,168",,,6.53%,21.25%,21.25%,21.25%,21.25%,75%,75%," 129,540 "," 97,155 "," 97,155 "
,KYG9897K1058,2057 HK,"3,050",ZTO EXPRESS CAYMAN INC,173.4,165.5,HKD,, Hong Kong ,#N/A Field Not Applicable,HK,"17,551 Million",,, 606.77 ,,, 36.11 ,,"479,547",,"9,920,360",,,17.31%,21.25%,21.25%,21.25%,21.25%,75%,75%," 67,617 "," 50,713 "," 50,713 "
,US6701002056,NVO US,23,NOVO-NORDISK A/S-SPONS ADR,132.89,,USD,, New York ,#N/A Field Not Applicable,#N/A,"599,334 Million",,," 3,435.13 ",,, 32.15 ,,"5,056,234",,"595,199,616",,,15.57%,21.25%,21.25%,21.25%,21.25%,75%,75%," 3,056 "," 2,292 "," 2,292 "
,SG1S76928401,COS SP,"46,000",COSCO SHIPPING INTERNATIONAL,0.141,,SGD,, Singapore ,#N/A Field Not Applicable,SP,228 Million,,," 2,239.25 ",,, 38.41 ,,"11,682,180",,"1,278,775",,,18.3%,94.75%,21.25%,94.75%,100.%,0%,0%," 4,832 ", -   , -   
,US3896381072,ETHE UV,"125,200",GRAYSCALE ETHEREUM TRUST,26.4,,USD,, OTC US ,#N/A Field Not Applicable,UV,"8,188 Million",,, 310.16 ,,, 74.95 ,,"4,540,296",,"109,735,768",,,32.59%,21.25%,37.%,37.%,37.%,0%,0%," 3,305,280 ", -   , -   
,TH0294010010,MDX/F TB,"23,686,500",MDX PUBLIC CO LTD-FOREIGN,3.56,,THB,, Bangkok ,#N/A Field Not Applicable,TB,47 Million,,, 475.59 ,,, -   ,,0,,,,,0.%,100.%,21.25%,100.%,100.%,0%,0%," 2,338,110 ", -   , -   
,THA369010014,MENA/F TB,"631,000",MENA TRANSPORT PCL-FOREIGN,1.2,,THB,, Bangkok ,#N/A Field Not Applicable,TB,25 Million,,, 734.00 ,,, -   ,,0,,,,,0.%,100.%,21.25%,100.%,100.%,0%,0%," 20,995 ", -   , -   
,THA472010018,UBE/F TB,"3,324,300",UBON BIO ETHANOL PCL-FOREIGN,2.48,,THB,, Bangkok ,#N/A Field Not Applicable,TB,271 Million,,," 3,914.29 ",,, -   ,,0,,,,,0.%,84.25%,21.25%,84.25%,100.%,0%,0%," 228,595 ", -   , -   
,KYG2R55E1030,1257 HK,"1,797,000",CHINA EVERBRIGHT GREENTECH L,0.79,0.7,HKD,, Hong Kong ,#N/A Field Not Applicable,HK,212 Million,,," 2,066.08 ",,, 50.09 ,,"1,004,856",,"124,821",,,31.9%,94.75%,37.%,94.75%,94.75%,5%,0%," 181,504 "," 9,075 ", -   
,KYG810431042,813 HK,"60,000",SHIMAO GROUP HOLDINGS LTD,0.495,0.455,HKD,, Hong Kong ,#N/A Field Not Applicable,HK,228 Million,,," 3,797.83 ",,, 142.99 ,,"11,067,460",,"742,380",,,52.88%,94.75%,58.%,94.75%,100.%,0%,0%," 3,797 ", -   , -   
,KYG1644A1004,1428 HK,"100,000",BRIGHT SMART SECURITIES AND,1.67,1.64,HKD,, Hong Kong ,#N/A Field Not Applicable,HK,365 Million,,," 1,697.30 ",,, 42.34 ,,"2,484,772",,"473,518",,,19.97%,73.75%,21.25%,73.75%,73.75%,25%,25%," 21,351 "," 5,338 "," 5,338 "
,US23292E1082,DIDIY UV,"200,000",DIDI GLOBAL INC,3.84,,USD,, OTC US ,#N/A Field Not Applicable,#N/A,"18,661 Million",,," 4,390.18 ",,, 49.94 ,,"5,207,055",,"19,501,834",,,23.11%,21.25%,26.5%,26.5%,37.%,0%,0%," 768,000 ", -   , -   
,KYG5139W1050,9636 HK,"4,617,500",JF WEALTH HOLDINGS LTD,9.41,10,HKD,, Hong Kong ,#N/A Field Not Applicable,HK,573 Million,,, 466.09 ,,, 36.01 ,,"190,484",,"272,608",,,54.26%,52.75%,58.%,58.%,58.%,40%,0%," 5,555,287 "," 2,222,115 ", -   
,KYG5141L1059,9922 HK,"400,000",JIUMAOJIU INTERNATIONAL HOLD,5.98,5.3,HKD,, Hong Kong ,#N/A Field Not Applicable,HK,"1,077 Million",,," 1,436.57 ",,, 53.59 ,,"14,012,680",,"9,624,939",,,24.57%,31.75%,26.5%,31.75%,31.75%,65%,65%," 305,824 "," 198,785 "," 198,785 "
,US4523271090,ILMN US,429,ILLUMINA INC,130.14,,USD,, NASDAQ GS ,#N/A Field Not Applicable,UW,"20,679 Million",,, 158.90 ,,, 44.23 ,,"1,877,179",,"259,011,728",,,20.76%,21.25%,21.25%,21.25%,21.25%,75%,75%," 55,830 "," 41,873 "," 41,873 "
,US74467Q1031,PUBM UQ,"1,500",PUBMATIC INC-CLASS A,22.98,,USD,, NASDAQ GM ,#N/A Field Not Applicable,UQ,"1,149 Million",,, 41.27 ,,, 66.72 ,,"191,319",,"3,478,161",,,29.61%,31.75%,31.75%,31.75%,31.75%,65%,65%," 34,470 "," 22,406 "," 22,406 "
,US00851L1035,API UW,500,AGORA INC-ADR,2.53,,USD,, NASDAQ GS ,#N/A Field Not Applicable,#N/A,258 Million,,, 83.04 ,,, 59.82 ,,"67,217",,"184,009",,,27.01%,84.25%,31.75%,84.25%,100.%,0%,0%," 1,265 ", -   , -   
,US09857L1089,BKNG US,100,BOOKING HOLDINGS INC,3450.93,,USD,, NASDAQ GS ,#N/A Field Not Applicable,UW,"117,922 Million",,, 34.17 ,,, 26.99 ,,"280,385",,"995,441,600",,,13.24%,21.25%,21.25%,21.25%,21.25%,75%,75%," 345,093 "," 258,820 "," 258,820 "
,US1924221039,CGNX US,400,COGNEX CORP,40.11,,USD,, NASDAQ GS ,#N/A Field Not Applicable,UW,"6,892 Million",,, 171.82 ,,, 30.13 ,,"1,660,115",,"64,069,976",,,14.66%,21.25%,21.25%,21.25%,21.25%,75%,75%," 16,044 "," 12,033 "," 12,033 "
,US25809K1051,DASH UW,200,DOORDASH INC - A,129.58,,USD,, NASDAQ GS ,#N/A Field Not Applicable,UW,"52,351 Million",,, 376.76 ,,, #N/A N/A ,,"1,253,279",,"142,866,480",,,0.%,21.25%,21.25%,21.25%,21.25%,75%,0%," 25,916 "," 19,437 ", -   
,US4627261005,IRBT US,"1,000",IROBOT CORP,9.21,,USD,, NASDAQ GS ,#N/A Field Not Applicable,UW,258 Million,,, 27.96 ,,, 74.43 ,,"2,782,715",,"44,025,164",,,32.41%,84.25%,37.%,84.25%,100.%,0%,0%," 9,210 ", -   , -   
,US5128071082,LRCX US,200,LAM RESEARCH CORP,925.28,,USD,, NASDAQ GS ,#N/A Field Not Applicable,UW,"121,307 Million",,, 131.10 ,,, 35.67 ,,"1,064,122",,"917,739,840",,,17.11%,21.25%,21.25%,21.25%,21.25%,75%,75%," 185,056 "," 138,792 "," 138,792 "
,US55955D1000,MGNI UW,"2,164",MAGNITE INC,11.29,,USD,, NASDAQ GS ,#N/A Field Not Applicable,UW,"1,580 Million",,, 139.93 ,,, 74.82 ,,"394,203",,"3,972,243",,,32.55%,31.75%,37.%,37.%,37.%,60%,60%," 24,432 "," 14,659 "," 14,659 "
,US6350171061,FIZZ UW,600,NATIONAL BEVERAGE CORP,47.79,,USD,, NASDAQ GS ,#N/A Field Not Applicable,UW,"4,470 Million",,, 93.54 ,,, 27.99 ,,"63,839",,"3,148,130",,,13.7%,31.75%,21.25%,31.75%,31.75%,65%,65%," 28,674 "," 18,638 "," 18,638 "
,US74736K1016,QRVO US,400,QORVO INC,111.28,,USD,, NASDAQ GS ,#N/A Field Not Applicable,UW,"10,744 Million",,, 96.55 ,,, 30.43 ,,"1,328,420",,"145,091,680",,,14.8%,21.25%,21.25%,21.25%,21.25%,75%,75%," 44,512 "," 33,384 "," 33,384 "
,US7599161095,RGEN US,300,REPLIGEN CORP,194.25,,USD,, NASDAQ GS ,#N/A Field Not Applicable,UW,"10,834 Million",,, 55.77 ,,, 45.42 ,,"550,087",,"104,201,096",,,21.26%,21.25%,26.5%,26.5%,26.5%,70%,70%," 58,275 "," 40,793 "," 40,793 "
,US81752R1005,SRG US,"1,000",SERITAGE GROWTH PROP- A,8.8,,USD,, New York ,#N/A Field Not Applicable,#N/A,494 Million,,, 56.19 ,,, 38.38 ,,"330,477",,"3,099,367",,,18.29%,63.25%,21.25%,63.25%,94.75%,5%,5%," 8,800 ", 440 , 440 
,US82489T1043,SWAV UW,500,SHOCKWAVE MEDICAL INC,277.11,,USD,, NASDAQ GS ,#N/A Field Not Applicable,UW,"10,363 Million",,, 37.40 ,,, 48.04 ,,"164,372",,"37,961,252",,,22.34%,21.25%,26.5%,26.5%,26.5%,70%,70%," 138,555 "," 96,989 "," 96,989 "
,US91347P1057,OLED US,400,UNIVERSAL DISPLAY CORP,159.51,,USD,, NASDAQ GS ,#N/A Field Not Applicable,UW,"7,555 Million",,, 47.37 ,,, 34.52 ,,"292,335",,"51,658,092",,,16.61%,21.25%,21.25%,21.25%,21.25%,75%,75%," 63,804 "," 47,853 "," 47,853 "
,US92847W1036,VITL US,500,VITAL FARMS INC,22.38,,USD,, NASDAQ GM ,#N/A Field Not Applicable,UQ,935 Million,,, 41.80 ,,, 50.27 ,,"294,802",,"5,100,588",,,23.24%,52.75%,26.5%,52.75%,52.75%,45%,45%," 11,190 "," 5,036 "," 5,036 "
,TW0003406005,3406 TT,340,GENIUS ELECTRONIC OPTICAL CO,428,,TWD,, Taiwan ,#N/A Field Not Applicable,TT,,,, 112.74 ,,, 27.75 ,,"1,799,309",,,,,0.%,21.25%,21.25%,21.25%,#N/A,0%,0%, -   , -   , -   
,GB0007188757,RIO LN,120,RIO TINTO PLC,4886,5094,GBp,, London ,#N/A Field Not Applicable,LN,"102,204 Million",,," 1,252.50 ",,, 25.03 ,,"1,787,760",,"114,323,023",,,12.34%,21.25%,21.25%,21.25%,21.25%,75%,75%," 7,442 "," 5,581 "," 5,581 "
,AU000000IMA1,IMA AT,"13,578,573",IMAGE RESOURCES NL,0.062,,AUD,, ASE ,#N/A Field Not Applicable,AT,48 Million,,," 1,070.30 ",,, 60.38 ,,"367,495",,"15,747",,,78.94%,100.%,79.%,100.%,100.%,0%,0%," 548,486 ", -   , -   
,US36165L1089,GDS UQ,"36,216",GDS HOLDINGS LTD - ADR,7.67,,USD,, NASDAQ GM ,#N/A Field Not Applicable,#N/A,"1,462 Million",,, 183.61 ,,, 69.43 ,,"470,499",,"3,250,804",,,30.61%,31.75%,31.75%,31.75%,42.25%,55%,55%," 277,777 "," 152,777 "," 152,777 "
,US00214Q3020,ARKG UF,"3,000",ARK GENOMIC REVOLUTION ETF,28.22,,USD,, Cboe BZX ,#N/A Field Not Applicable,UF,"1,604 Million",,, 56.85 ,,, 41.03 ,,"458,718",,"14,140,762",,,19.42%,31.75%,21.25%,31.75%,31.75%,0%,0%," 84,660 ", -   , -   
,US25460G7328,MOON UN,"5,000",DIREXION MOONSHOT INNOVATORS,#N/A N/A,,USD,, NYSE Arca ,#N/A Field Not Applicable,UP,26 Million,,, 2.38 ,,, #N/A N/A ,,26,,281,,,0.%,100.%,21.25%,100.%,#VALUE!,0%,0%, -   , -   , -   
,NL0014069858,JPMCW1F4 NA,"35,556",JPM    -CW25 USD-BRL X-RAT,#N/A N/A,,USD,, #N/A Field Not Applicable ,#N/A Field Not Applicable,#N/A,,,, #N/A Field Not Applicable ,,, #N/A N/A ,,#N/A N/A,,,,,0.%,21.25%,21.25%,21.25%,#VALUE!,0%,0%, -   , -   , -   
,US81369Y3080,XLP US,"3,900",CONSUMER STAPLES SPDR,75.46,,USD,, NYSE Arca ,#N/A Field Not Applicable,UP,"15,543 Million",,, 205.97 ,,, 10.77 ,,"12,300,641",,"902,221,248",,,5.51%,21.25%,21.25%,21.25%,21.25%,75%,75%," 294,294 "," 220,721 "," 220,721 "
,US4642872000,IVV US,"1,000",ISHARES CORE S&P 500 ETF,516.85,,USD,, NYSE Arca ,#N/A Field Not Applicable,UP,"444,129 Million",,, 859.30 ,,, 12.44 ,,"5,792,352",,"2,860,159,232",,,6.34%,21.25%,21.25%,21.25%,21.25%,75%,75%," 516,850 "," 387,638 "," 387,638 "
,US9229083632,VOO US,750,VANGUARD S&P 500 ETF,472.95,,USD,, NYSE Arca ,#N/A Field Not Applicable,#N/A,"427,551 Million",,, 904.01 ,,, 12.32 ,,"5,136,236",,"2,317,819,904",,,6.28%,21.25%,21.25%,21.25%,21.25%,75%,75%," 354,713 "," 266,034 "," 266,034 "
,CNE100005F09,9696 HK,"63,300",TIANQI LITHIUM CORP-H,39.6,35.1,HKD,, Hong Kong ,#N/A Field Not Applicable,HK,"11,543 Million",,, 164.12 ,,, 48.22 ,,"1,345,340",,"6,638,948",,,22.41%,21.25%,26.5%,26.5%,26.5%,70%,70%," 320,486 "," 224,340 "," 224,340 "
,US67421J1088,OTLY UN,"28,000",OATLY GROUP AB,1.02,,USD,, NASDAQ GS ,#N/A Field Not Applicable,#N/A,604 Million,,, 592.32 ,,, 90.11 ,,"42,514",,"50,251",,,42.23%,52.75%,42.25%,52.75%,84.25%,15%,15%," 28,560 "," 4,284 "," 4,284 "
,KYG982AW1003,9868 HK,"6,800",XPENG INC - CLASS A SHARES,40.5,28.95,HKD,, Hong Kong ,#N/A Field Not Applicable,HK,"9,611 Million",,," 1,538.14 ",,, 78.63 ,,"14,289,500",,"73,405,214",,,33.89%,21.25%,37.%,37.%,37.%,60%,60%," 35,211 "," 21,126 "," 21,126 "
,HK0200030994,200 HK,"35,000",MELCO INTERNATIONAL DEVELOP.,5.02,5.15,HKD,, Hong Kong ,#N/A Field Not Applicable,HK,965 Million,,," 1,516.68 ",,, 42.77 ,,"2,633,113",,"1,780,485",,,20.15%,52.75%,21.25%,52.75%,52.75%,45%,45%," 22,464 "," 10,109 "," 10,109 "
,US88556E1029,TDUP US,"6,013",THREDUP INC - CLASS A,1.9,,USD,, NASDAQ GS ,#N/A Field Not Applicable,UW,207 Million,,, 78.89 ,,, 96.51 ,,"539,790",,"1,114,782",,,39.82%,94.75%,42.25%,94.75%,100.%,0%,0%," 11,425 ", -   , -   
,US8816242098,TEVA US,"91,572",TEVA PHARMACEUTICAL-SP ADR,13.32,,USD,, New York ,#N/A Field Not Applicable,#N/A,"14,933 Million",,," 1,121.09 ",,, 36.54 ,,"10,752,889",,"130,616,040",,,17.49%,21.25%,21.25%,21.25%,21.25%,75%,75%," 1,219,739 "," 914,804 "," 914,804 "
,JP3743800009,9318 JP,"59,160,000",ASIA DEVELOPMENT CAPITAL CO,#N/A N/A,,JPY,, #N/A Field Not Applicable ,#N/A Field Not Applicable,,,,," 1,561.10 ",,, #N/A N/A ,,#N/A N/A,,,,,0.%,21.25%,21.25%,21.25%,#VALUE!,0%,0%, -   , -   , -   
,JP3047490002,3279 JP,66,ACTIVIA PROPERTIES INC,379000,,JPY,, Tokyo ,Tokyo Investment Cert,,"2,291 Million",,, 0.81 ,,, 16.26 ,,"2,470",,"6,912,169",,,8.2%,31.75%,21.25%,31.75%,31.75%,65%,65%," 166,339 "," 108,120 "," 108,120 "
,JP3046270009,8972 JP,289,KDX REALTY INVESTMENT CORP,147300,,JPY,, Tokyo ,Tokyo Investment Cert,,"4,539 Million",,, 4.14 ,,, 20.52 ,,"16,150",,"17,738,092",,,10.24%,31.75%,21.25%,31.75%,31.75%,65%,65%," 283,081 "," 184,003 "," 184,003 "
,US5007541064,KHC US,"1,500",KRAFT HEINZ CO/THE,34.92,,USD,, NASDAQ GS ,#N/A Field Not Applicable,UW,"42,361 Million",,," 1,213.10 ",,, 17.85 ,,"8,113,014",,"294,222,816",,,8.97%,21.25%,21.25%,21.25%,21.25%,75%,75%," 52,380 "," 39,285 "," 39,285 "
,JP3048200004,3468 JP,656,STAR ASIA INVESTMENT CORPORA,55100,,JPY,, Tokyo ,Tokyo Investment Cert,,961 Million,,, 2.37 ,,, 17.37 ,,"7,419",,"3,055,064",,,8.74%,52.75%,21.25%,52.75%,52.75%,45%,45%," 240,362 "," 108,163 "," 108,163 "
,JP3048750008,3492 JT,81,TAKARA LEBEN REAL ESTATE INV,97800,,JPY,, Tokyo ,Tokyo Investment Cert,,554 Million,,, 0.78 ,,, 14.81 ,,"6,075",,"4,278,006",,,7.5%,52.75%,21.25%,52.75%,52.75%,45%,45%," 52,679 "," 23,705 "," 23,705 "
,JP3910660004,8766 JP,"3,000",TOKIO MARINE HOLDINGS INC,4576,,JPY,, Tokyo ,Tokyo Prime,,"66,899 Million",,," 2,002.50 ",,, 28.85 ,,"5,187,069",,"150,734,033",,,14.09%,21.25%,21.25%,21.25%,21.25%,75%,75%," 91,289 "," 68,467 "," 68,467 "
,KYG4124C1096,GRAB UW,"5,555",GRAB HOLDINGS LTD - CL A,3.17,,USD,, NASDAQ GS ,#N/A Field Not Applicable,UW,"12,376 Million",,," 3,791.00 ",,, 43.15 ,,"4,844,197",,"15,614,096",,,20.31%,21.25%,21.25%,21.25%,31.75%,65%,65%," 17,609 "," 11,446 "," 11,446 "
,US4567881085,INFY US,"7,750",INFOSYS LTD-SP ADR,19.17,,USD,, New York ,#N/A Field Not Applicable,#N/A,"79,566 Million",,," 4,150.54 ",,, 25.64 ,,"7,585,820",,"147,364,032",,,12.62%,21.25%,21.25%,21.25%,21.25%,75%,75%," 148,568 "," 111,426 "," 111,426 "
,US46438F1012,IBIT US,"1,200",ISHARES BITCOIN TRUST,38.14,,USD,, NASDAQ GM ,#N/A Field Not Applicable,#N/A,"15,891 Million",,, 416.64 ,,, #N/A N/A ,,#N/A N/A,,,,,0.%,21.25%,21.25%,21.25%,21.25%,75%,0%," 45,768 "," 34,326 ", -   
,US6475812060,EDU UN,"1,441",NEW ORIENTAL EDUCATIO-SP ADR,91.62,,USD,, New York ,#N/A Field Not Applicable,#N/A,"15,164 Million",,, 165.51 ,,, 47.22 ,,"439,356",,"35,314,124",,,22.%,21.25%,26.5%,26.5%,26.5%,70%,70%," 132,024 "," 92,417 "," 92,417 "
,US67421J1088,OTLY UW,"23,000",OATLY GROUP AB,1.02,,USD,, NASDAQ GS ,#N/A Field Not Applicable,#N/A,604 Million,,, 592.32 ,,, 89.90 ,,"380,492",,"444,599",,,37.69%,52.75%,42.25%,52.75%,84.25%,15%,15%," 23,460 "," 3,519 "," 3,519 "
,KYG984191075,1579 HK,"22,700",YIHAI INTERNATIONAL HOLDING,13.56,14.9,HKD,, Hong Kong ,#N/A Field Not Applicable,HK,"1,765 Million",,," 1,036.70 ",,, 51.05 ,,"3,731,221",,"5,499,067",,,23.56%,31.75%,26.5%,31.75%,31.75%,65%,65%," 39,355 "," 25,580 "," 25,580 "
,US1925761066,COHU UW,"3,000",COHU INC,31.13,,USD,, NASDAQ GS ,#N/A Field Not Applicable,#N/A,"1,465 Million",,, 47.08 ,,, 32.20 ,,"125,090",,"4,088,180",,,15.59%,31.75%,21.25%,31.75%,31.75%,65%,65%," 93,390 "," 60,704 "," 60,704 "
,GB00BZ4BQC70,JMAT LN,"8,750",JOHNSON MATTHEY PLC,1709,#N/A,GBp,, London ,#N/A Field Not Applicable,#N/A,"3,800 Million",,, 183.45 ,,, 26.98 ,,"381,950",,"7,559,917",,,13.24%,31.75%,21.25%,31.75%,31.75%,65%,65%," 189,792 "," 123,365 "," 123,365 "
,CH0012005267,NOVN SE,"1,200",NOVARTIS AG-REG,85.53,,CHF,, SIX Swiss Ex ,#N/A Field Not Applicable,SE,"204,513 Million",,," 2,277.48 ",,, 18.61 ,,"3,005,350",,"283,627,233",,,9.33%,21.25%,21.25%,21.25%,21.25%,75%,75%," 115,672 "," 86,754 "," 86,754 "
,DE0008232125,LHA GY,"12,285",DEUTSCHE LUFTHANSA-REG,6.829,,EUR,, Xetra ,#N/A Field Not Applicable,GY,"8,512 Million",,," 1,196.62 ",,, 28.05 ,,"4,346,610",,"33,337,017",,,13.72%,21.25%,21.25%,21.25%,31.75%,65%,65%," 91,021 "," 59,164 "," 59,164 "
,GB0008706128,LLOY LN,"16,600",LLOYDS BANKING GROUP PLC,49.39,53.96,GBp,, London ,#N/A Field Not Applicable,LN,"38,089 Million",,," 63,750.85 ",,, 23.27 ,,"109,305,400",,"59,957,352",,,11.53%,21.25%,21.25%,21.25%,31.75%,65%,65%," 10,406 "," 6,764 "," 6,764 "
,US91822M5022,VEON UR,"5,117",VEON LTD,24.17,,USD,, NASDAQ CM ,#N/A Field Not Applicable,#N/A,"1,788 Million",,, 73.97 ,,, 41.49 ,,"18,622",,"421,837",,,20.31%,31.75%,21.25%,31.75%,31.75%,0%,0%," 123,678 ", -   , -   
,KYG211411098,1234 HK,"647,000",CHINA LILANG LTD,4.25,,HKD,, Hong Kong ,#N/A Field Not Applicable,HK,682 Million,,," 1,197.49 ",,, 23.39 ,,"870,028",,"463,121",,,13.56%,52.75%,21.25%,52.75%,52.75%,45%,45%," 351,563 "," 158,203 "," 158,203 "
,KYG525621408,148 HK,"80,000",KINGBOARD HOLDINGS LTD,16.26,,HKD,, Hong Kong ,#N/A Field Not Applicable,HK,"2,233 Million",,," 1,108.31 ",,, 38.80 ,,"1,418,551",,"2,816,792",,,18.47%,31.75%,21.25%,31.75%,31.75%,65%,65%," 166,311 "," 108,102 "," 108,102 "
,KYG5257K1076,1888 HK,"170,000",KINGBOARD LAMINATES HLDG LTD,6.21,,HKD,, Hong Kong ,#N/A Field Not Applicable,HK,"2,368 Million",,," 3,120.00 ",,, 45.22 ,,"6,416,300",,"4,306,930",,,21.18%,31.75%,21.25%,31.75%,31.75%,65%,65%," 134,974 "," 87,733 "," 87,733 "
,HK0034000254,34 HK,"950,000",KOWLOON DEVELOPMENT CO LTD,4.72,,HKD,, Hong Kong ,#N/A Field Not Applicable,HK,715 Million,,," 1,176.63 ",,, 26.43 ,,"322,795",,"219,436",,,21.2%,52.75%,21.25%,52.75%,52.75%,45%,15%," 573,292 "," 257,981 "," 85,994 "
,BMG8659B1054,88 HK,"5,300,000",TAI CHEUNG HOLDINGS,3.2,,HKD,, Hong Kong ,#N/A Field Not Applicable,HK,251 Million,,, 617.53 ,,, 16.98 ,,"91,955",,"39,100",,,43.1%,84.25%,47.5%,84.25%,84.25%,15%,0%," 2,168,382 "," 325,257 ", -   
,KYG9463P1081,3393 HK,"1,000,000",WASION HOLDINGS LTD,5.41,,HKD,, Hong Kong ,#N/A Field Not Applicable,HK,733 Million,,, 995.88 ,,, 40.20 ,,"2,604,291",,"1,534,792",,,20.32%,52.75%,21.25%,52.75%,52.75%,45%,45%," 691,683 "," 311,257 "," 311,257 "
,JP3726800000,2914 JP,"2,600",JAPAN TOBACCO INC,3901,,JPY,, Tokyo ,Tokyo Prime,,"56,757 Million",,," 2,000.00 ",,, 15.26 ,,"6,949,744",,"190,615,921",,,7.72%,21.25%,21.25%,21.25%,21.25%,75%,75%," 67,446 "," 50,585 "," 50,585 "
,JP3164740007,8793 JP,"14,000",NEC CAPITAL SOLUTIONS LTD,3850,,JPY,, Tokyo ,Tokyo Prime,,607 Million,,, 21.54 ,,, 20.13 ,,"24,300",,"631,676",,,11.32%,52.75%,21.25%,52.75%,52.75%,45%,45%," 358,425 "," 161,291 "," 161,291 "
,JP3634600005,6201 JP,"2,620",TOYOTA INDUSTRIES CORP,14950,,JPY,, Tokyo ,Tokyo Prime,,"35,630 Million",,, 325.84 ,,, 35.36 ,,"627,767",,"60,171,859",,,16.98%,21.25%,21.25%,21.25%,21.25%,75%,75%," 260,467 "," 195,350 "," 195,350 "
,US91232N2071,USO UP,416,UNITED STATES OIL FUND LP,77.98,,USD,, NYSE Arca ,#N/A Field Not Applicable,UP,"1,515 Million",,, 19.42 ,,, 30.62 ,,"1,140,599",,"80,448,984",,,14.88%,31.75%,21.25%,31.75%,31.75%,65%,65%," 32,440 "," 21,086 "," 21,086 "
,JP3112000009,5201 JP,"4,780",AGC INC,5514,,JPY,, Tokyo ,Tokyo Prime,,"8,643 Million",,, 217.43 ,,, 17.60 ,,"1,060,563",,"40,987,779",,,8.85%,21.25%,21.25%,21.25%,21.25%,75%,75%," 175,269 "," 131,452 "," 131,452 "
,JP3778630008,7832 JP,"2,700",BANDAI NAMCO HOLDINGS INC,2845,,JPY,, Tokyo ,Tokyo Prime,,"13,833 Million",,, 666.00 ,,, 30.56 ,,"2,775,327",,"58,739,378",,,14.85%,21.25%,21.25%,21.25%,21.25%,75%,75%," 51,081 "," 38,310 "," 38,310 "
,JP3046240002,8968 JP,250,FUKUOKA REIT CORP,168600,,JPY,, Tokyo ,Tokyo Investment Cert,,981 Million,,, 0.80 ,,, 11.90 ,,"1,714",,"2,084,033",,,6.1%,52.75%,21.25%,52.75%,52.75%,45%,45%," 280,290 "," 126,130 "," 126,130 "
,JP3792600003,7205 JP,"976,650",HINO MOTORS LTD,506,,JPY,, Tokyo ,Tokyo Prime,,"2,103 Million",,, 574.58 ,,, 36.56 ,,"2,002,305",,"6,916,399",,,19.17%,31.75%,21.25%,31.75%,31.75%,65%,65%," 3,286,241 "," 2,136,057 "," 2,136,057 "
,JP3389510003,6544 JP,"171,665",JAPAN ELEVATOR SERVICE HOLDI,2447,,JPY,, Tokyo ,Tokyo Prime,,"1,581 Million",,, 89.07 ,,, 33.76 ,,"297,583",,"4,853,260",,,18.24%,31.75%,21.25%,31.75%,31.75%,65%,65%," 2,793,352 "," 1,815,679 "," 1,815,679 "
,JP3896800004,4182 JP,"97,400",MITSUBISHI GAS CHEMICAL CO,2580,,JPY,, Tokyo ,Tokyo Prime,,"4,076 Million",,, 217.24 ,,, 24.95 ,,"864,070",,"15,153,273",,,12.31%,31.75%,21.25%,31.75%,31.75%,65%,65%," 1,671,047 "," 1,086,180 "," 1,086,180 "
,JP3888400003,5706 JT,"8,580",MITSUI MINING & SMELTING CO,4559,,JPY,, Tokyo ,Tokyo Prime,,"1,912 Million",,, 57.36 ,,, 30.47 ,,"523,540",,"16,868,877",,,14.82%,31.75%,21.25%,31.75%,31.75%,65%,65%," 260,116 "," 169,075 "," 169,075 "
,JP3658850007,7189 JP,"20,000",NISHI-NIPPON FINANCIAL HOLDI,1917,,JPY,, Tokyo ,Tokyo Prime,,"2,029 Million",,, 148.60 ,,, 34.99 ,,"508,543",,"6,347,523",,,16.82%,31.75%,21.25%,31.75%,31.75%,65%,65%," 254,954 "," 165,720 "," 165,720 "
,JP3431900004,2331 JP,"211,400",SOHGO SECURITY SERVICES CO,852,,JPY,, Tokyo ,Tokyo Prime,,"3,115 Million",,, 510.20 ,,, 19.22 ,,"993,090",,"5,827,643",,,9.82%,31.75%,21.25%,31.75%,31.75%,65%,65%," 1,197,718 "," 778,517 "," 778,517 "
,JP3452000007,6976 JP,"81,450",TAIYO YUDEN CO LTD,3514,,JPY,, Tokyo ,Tokyo Prime,,"3,294 Million",,, 130.22 ,,, 31.30 ,,"1,424,947",,"36,007,371",,,15.18%,31.75%,21.25%,31.75%,31.75%,65%,65%," 1,903,280 "," 1,237,132 "," 1,237,132 "
,JP3471000004,6768 JP,"30,000",TAMURA CORP,558,,JPY,, Tokyo ,Tokyo Prime,,335 Million,,, 82.77 ,,, 27.95 ,,"448,982",,"1,775,612",,,13.68%,73.75%,21.25%,73.75%,73.75%,25%,25%," 111,318 "," 27,829 "," 27,829 "
,JP3990210001,3612 JP,"30,000",WORLD CO LTD,1986,,JPY,, Tokyo ,Tokyo Prime,,498 Million,,, 34.39 ,,, 27.44 ,,"126,082",,"1,705,779",,,13.81%,63.25%,21.25%,63.25%,63.25%,35%,35%," 396,196 "," 138,669 "," 138,669 "
,JP3940000007,9064 JP,"109,150",YAMATO HOLDINGS CO LTD,2156.5,,JPY,, Tokyo ,Tokyo Prime,,"5,972 Million",,, 379.82 ,,, 22.62 ,,"1,305,613",,"22,748,976",,,11.22%,21.25%,21.25%,21.25%,21.25%,75%,75%," 1,565,248 "," 1,173,936 "," 1,173,936 "
,JP3970300004,6098 JP,"2,000",RECRUIT HOLDINGS CO LTD,6519,,JPY,, Tokyo ,Tokyo Prime,,"79,626 Million",,," 1,695.96 ",,, 33.22 ,,"4,105,360",,"178,311,517",,,16.04%,21.25%,21.25%,21.25%,21.25%,75%,75%," 86,700 "," 65,025 "," 65,025 "
,JP3605400005,9506 JP,"10,000",TOHOKU ELECTRIC POWER CO INC,1142.5,,JPY,, Tokyo ,Tokyo Prime,,"4,175 Million",,, 502.88 ,,, 30.03 ,,"2,798,792",,"20,164,207",,,14.62%,31.75%,21.25%,31.75%,31.75%,65%,65%," 75,974 "," 49,383 "," 49,383 "
,BMG2125C1029,661 HK,"350,000",CHINA DAYE NON-FERROUS METAL,0.071,,HKD,, Hong Kong ,#N/A Field Not Applicable,HK,169 Million,,," 17,895.58 ",,, 55.94 ,,"2,236,186",,"16,350",,,25.67%,100.%,26.5%,100.%,100.%,0%,0%," 3,177 ", -   , -   
,KYG7308B1023,1412 HK,"38,000",Q P GROUP HOLDINGS LTD,1.18,,HKD,, Hong Kong ,#N/A Field Not Applicable,HK,80 Million,,, 532.00 ,,, 18.78 ,,"17,148",,"2,620",,,14.29%,100.%,21.25%,100.%,100.%,0%,0%," 5,733 ", -   , -   
,KYG2116D1198,1101 HK,"6,100",CHINA HUARONG ENERGY CO LTD,0.025,,HKD,, Hong Kong ,#N/A Field Not Applicable,HK,16 Million,,," 4,770.49 ",,, 106.62 ,,"349,767",,"1,047",,,42.94%,100.%,47.5%,100.%,100.%,0%,0%, 19 , -   , -   
,BMG2743V1028,559 HK,"60,000",DETAI NEW ENERGY GROUP LTD,0.011,,HKD,, Hong Kong ,#N/A Field Not Applicable,HK,22 Million,,," 15,695.53 ",,, 66.34 ,,"1,105,121",,"1,428",,,29.47%,100.%,31.75%,100.%,100.%,0%,0%, 84 , -   , -   
,HK0000062734,202 HK,"150,000",EVERCHINA INTL HOLDINGS CO L,0.118,,HKD,, Hong Kong ,#N/A Field Not Applicable,HK,108 Million,,," 7,294.37 ",,, 36.68 ,,"234,152",,"3,485",,,19.96%,100.%,21.25%,100.%,100.%,0%,0%," 2,263 ", -   , -   
,JP3821200007,2211 JP,"2,000",FUJIYA CO LTD,2487,,JPY,, Tokyo ,Tokyo Prime,,460 Million,,, 25.78 ,,, 11.73 ,,"64,082",,"1,141,468",,,5.98%,63.25%,21.25%,63.25%,63.25%,35%,35%," 33,076 "," 11,577 "," 11,577 "
,KYG3940K1058,845 HK,"47,000",GLORIOUS PROPERTY HOLDINGS,0.01,,HKD,, Hong Kong ,#N/A Field Not Applicable,HK,10 Million,,," 7,792.65 ",,, 71.93 ,,"457,525",,586,,,31.51%,100.%,31.75%,100.%,100.%,0%,0%, 60 , -   , -   
,KYG4515X1007,248 HK,"241,697",HKC INTERNATIONAL HLDGS LTD,0.032,,HKD,, Hong Kong ,#N/A Field Not Applicable,HK,4 Million,,," 1,245.33 ",,, 77.59 ,,"542,931",,"1,804",,,35.99%,100.%,37.%,100.%,100.%,0%,0%, 989 , -   , -   
,KYG5213T1013,2307 HK,"30,000",KAM HING INTERNATIONAL HOLDI,0.197,,HKD,, Hong Kong ,#N/A Field Not Applicable,HK,22 Million,,, 869.92 ,,, 59.64 ,,"44,918",,"1,177",,,30.53%,100.%,31.75%,100.%,100.%,0%,0%, 756 , -   , -   
,BMG5278S5012,381 HK,14,KIU HUNG INTERNATIONAL HOLDI,0.14,,HKD,, Hong Kong ,#N/A Field Not Applicable,#N/A,2 Million,,, 96.75 ,,, 49.32 ,,"108,648",,"2,215",,,22.86%,100.%,26.5%,100.%,100.%,0%,0%, 0 , -   , -   
,JP3368000000,4004 JP,"1,700",RESONAC HOLDINGS CORP,3450,,JPY,, Tokyo ,Tokyo Prime,,"4,672 Million",,, 184.90 ,,, 31.14 ,,"1,692,642",,"38,917,307",,,15.11%,31.75%,21.25%,31.75%,31.75%,65%,65%," 39,001 "," 25,351 "," 25,351 "
,HK0000592854,697 HK,"20,000",SHOUCHENG HOLDINGS LTD,1.53,,HKD,, Hong Kong ,#N/A Field Not Applicable,HK,"1,365 Million",,," 7,307.66 ",,, 38.24 ,,"2,401,763",,"453,751",,,18.23%,31.75%,21.25%,31.75%,31.75%,65%,65%," 3,912 "," 2,543 "," 2,543 "
,JP3459600007,2531 JP,"4,000",TAKARA HOLDINGS INC,1114,,JPY,, Tokyo ,Tokyo Prime,,"1,573 Million",,, 197.25 ,,, 21.74 ,,"973,102",,"8,422,229",,,10.81%,31.75%,21.25%,31.75%,31.75%,65%,65%," 29,632 "," 19,261 "," 19,261 "
,JP3544000007,3401 JP,"1,000",TEIJIN LTD,1375,,JPY,, Tokyo ,Tokyo Prime,,"1,979 Million",,, 197.95 ,,, 24.50 ,,"1,038,622",,"9,768,978",,,12.1%,31.75%,21.25%,31.75%,31.75%,65%,65%," 9,144 "," 5,943 "," 5,943 "
,BMG9429S2464,1222 HK,"62,210",WANG ON GROUP LTD,0.034,,HKD,, Hong Kong ,#N/A Field Not Applicable,HK,69 Million,,," 15,353.82 ",,, 55.40 ,,"4,850,424",,"22,145",,,25.29%,100.%,26.5%,100.%,100.%,0%,0%, 270 , -   , -   
,KYG215681035,COT SP,"600,000",CHINA OILFIELD TECHNOLOGY,#N/A N/A,,SGD,, #N/A Field Not Applicable ,#N/A Field Not Applicable,#N/A,,,, 728.60 ,,, #N/A N/A ,,#N/A N/A,,,,,0.%,21.25%,21.25%,21.25%,#VALUE!,0%,0%, -   , -   , -   
,US46575M1099,IZML US,45,ITZYOURMALL INC,#N/A N/A,,USD,, #N/A Field Not Applicable ,#N/A Field Not Applicable,#N/A,,,, 50.10 ,,, #N/A N/A ,,#N/A N/A,,,,,0.%,21.25%,21.25%,21.25%,#VALUE!,0%,0%, -   , -   , -   
,MYL3972OO006,NBC MK,"20,000",NORTH BORNEO CORP BHD,#N/A N/A,,MYR,, #N/A Field Not Applicable ,#N/A Field Not Applicable,#N/A,,,, 66.12 ,,, #N/A N/A ,,#N/A N/A,,,,,0.%,21.25%,21.25%,21.25%,#VALUE!,0%,0%, -   , -   , -   
,MYL4278OO007,SRM MK,"41,000",SATERAS RESOURCES MALAYSIA B,#N/A N/A,,MYR,, #N/A Field Not Applicable ,#N/A Field Not Applicable,#N/A,,,, #N/A N/A ,,, #N/A N/A ,,#N/A N/A,,,,,0.%,21.25%,21.25%,21.25%,#VALUE!,0%,0%, -   , -   , -   
,MYL8184OO003,STG MK,"7,000",SETEGAP BHD,#N/A N/A,,MYR,, #N/A Field Not Applicable ,#N/A Field Not Applicable,#N/A,,,, #N/A N/A ,,, #N/A N/A ,,#N/A N/A,,,,,0.%,21.25%,21.25%,21.25%,#VALUE!,0%,0%, -   , -   , -   
,US94110N1090,WTCT US,190,WATCHIT TECHNOLOGIES INC,#N/A N/A,,USD,, #N/A Field Not Applicable ,#N/A Field Not Applicable,#N/A,,,, 220.15 ,,, #N/A N/A ,,#N/A N/A,,,,,0.%,21.25%,21.25%,21.25%,#VALUE!,0%,0%, -   , -   , -   
,MYL7951OO006,ZAIT MK,"84,000",ZAITUN BHD,#N/A N/A,,MYR,, #N/A Field Not Applicable ,#N/A Field Not Applicable,#N/A,,,, 40.00 ,,, #N/A N/A ,,#N/A N/A,,,,,0.%,21.25%,21.25%,21.25%,#VALUE!,0%,0%, -   , -   , -   
,MYL5099OO006,CAPITALA MK,"500,000",CAPITAL A BHD,0.7,,MYR,, Bursa Malays ,#N/A Field Not Applicable,MK,678 Million,,," 4,254.68 ",,, 37.91 ,,"13,272,210",,"2,200,646",,,18.08%,52.75%,21.25%,52.75%,84.25%,15%,15%," 73,954 "," 11,093 "," 11,093 "
,MYL7081OO002,PHRM MK,"500,000",PHARMANIAGA BERHAD,0.35,,MYR,, Bursa Malays ,#N/A Field Not Applicable,MK,111 Million,,," 1,441.23 ",,, 53.53 ,,"1,972,127",,"175,101",,,25.26%,100.%,26.5%,100.%,100.%,0%,0%," 36,977 ", -   , -   
,MYL7106OO007,SUCB MK,"455,584",SUPERMAX CORP BHD,0.815,,MYR,, Bursa Malays ,#N/A Field Not Applicable,MK,471 Million,,," 2,576.12 ",,, 38.25 ,,"6,511,420",,"1,368,095",,,18.23%,63.25%,21.25%,63.25%,94.75%,5%,5%," 78,454 "," 3,923 "," 3,923 "
,JP3137200006,7202 JP,"40,000",ISUZU MOTORS LTD,2035.5,,JPY,, Tokyo ,Tokyo Prime,,"11,646 Million",,, 777.44 ,,, 26.48 ,,"3,301,362",,"47,558,000",,,13.01%,21.25%,21.25%,21.25%,21.25%,75%,75%," 541,428 "," 406,071 "," 406,071 "
,JP3289800009,5406 JP,"75,000",KOBE STEEL LTD,2020.5,,JPY,, Tokyo ,Tokyo Prime,,"5,889 Million",,, 396.35 ,,, 38.19 ,,"8,273,222",,"117,208,276",,,18.21%,21.25%,21.25%,21.25%,21.25%,75%,75%," 1,007,697 "," 755,773 "," 755,773 "
,US00971T1016,AKAM US,200,AKAMAI TECHNOLOGIES INC,107.87,,USD,, NASDAQ GS ,#N/A Field Not Applicable,UW,"16,346 Million",,, 151.53 ,,, 22.29 ,,"1,726,859",,"199,950,128",,,11.07%,21.25%,21.25%,21.25%,21.25%,75%,75%," 21,574 "," 16,181 "," 16,181 "
,CA0679011084,GOLD US,"68,019",BARRICK GOLD CORP,15.63,,USD,, New York ,#N/A Field Not Applicable,CT,"27,440 Million",,," 1,755.57 ",,, 29.83 ,,"19,458,000",,"308,164,832",,,14.53%,21.25%,21.25%,21.25%,21.25%,75%,75%," 1,063,137 "," 797,353 "," 797,353 "
,US3020881096,EXDSQ US,200,EXDS INC,#N/A N/A,,USD,, #N/A Field Not Applicable ,#N/A Field Not Applicable,#N/A,,,, 582.73 ,,, #N/A N/A ,,#N/A N/A,,,,,0.%,21.25%,21.25%,21.25%,#VALUE!,0%,0%, -   , -   , -   
,NZFBUE0001S0,FBU NZ,"24,700",FLETCHER BUILDING LTD,4.2,,NZD,, NZX ,#N/A Field Not Applicable,NZ,,,, 783.04 ,,, 35.75 ,,"1,127,592",,,,,0.%,21.25%,21.25%,21.25%,#N/A,0%,0%, -   , -   , -   
,US45337C1027,INCY US,400,INCYTE CORP,57.34,,USD,, NASDAQ GS ,#N/A Field Not Applicable,UW,"12,874 Million",,, 224.53 ,,, 25.54 ,,"1,699,201",,"102,998,952",,,12.58%,21.25%,21.25%,21.25%,21.25%,75%,75%," 22,936 "," 17,202 "," 17,202 "
,JP3890350006,8316 JP,"24,000",SUMITOMO MITSUI FINANCIAL GR,8687,,JPY,, Tokyo ,Tokyo Prime,,"83,381 Million",,," 1,337.53 ",,, 28.34 ,,"7,836,637",,"437,387,887",,,13.86%,21.25%,21.25%,21.25%,21.25%,75%,75%," 1,386,408 "," 1,039,806 "," 1,039,806 "
,US24703L2025,DELL UN,"3,000",DELL TECHNOLOGIES -C,106.63,,USD,, New York ,#N/A Field Not Applicable,UN,"75,878 Million",,, 267.49 ,,, 45.54 ,,"1,102,710",,"104,190,600",,,21.31%,21.25%,26.5%,26.5%,26.5%,70%,70%," 319,890 "," 223,923 "," 223,923 "
,US46138G7060,TAN US,"10,000",INVESCO SOLAR ETF,42.8,,USD,, NYSE Arca ,#N/A Field Not Applicable,UP,"1,216 Million",,, 28.41 ,,, 37.24 ,,"1,303,487",,"59,920,076",,,17.8%,31.75%,21.25%,31.75%,31.75%,65%,65%," 428,000 "," 278,200 "," 278,200 "
,JP3048180008,3466 JP,39,LASALLE LOGIPORT REIT,151000,,JPY,, Tokyo ,Tokyo Investment Cert,,"2,102 Million",,, 1.87 ,,, 19.03 ,,"4,708",,"4,993,630",,,9.53%,31.75%,21.25%,31.75%,31.75%,65%,65%," 39,161 "," 25,455 "," 25,455 "
,KYG223911093,8278 HK,"1,000,000",CMON LTD,#N/A N/A,,HKD,, #N/A Field Not Applicable ,#N/A Field Not Applicable,HK,,,, #N/A N/A ,,, #N/A N/A ,,#N/A N/A,,,,,0.%,21.25%,21.25%,21.25%,#VALUE!,0%,0%, -   , -   , -   
,US4642885135,HYG US,"1,100",ISHARES IBOXX HIGH YLD CORP,77.25,,USD,, NYSE Arca ,#N/A Field Not Applicable,UP,"15,234 Million",,, 197.20 ,,, 6.68 ,,"35,674,932",,"2,754,170,624",,,3.45%,21.25%,21.25%,21.25%,21.25%,75%,75%," 84,975 "," 63,731 "," 63,731 "
,US74347B4251,SH US,"3,220",PROSHARES SHORT S&P500,12.2,,USD,, NYSE Arca ,#N/A Field Not Applicable,UP,"1,040 Million",,, 85.23 ,,, 12.05 ,,"20,778,098",,"263,326,640",,,6.15%,31.75%,21.25%,31.75%,31.75%,65%,65%," 39,284 "," 25,535 "," 25,535 "
,KYG5427W1309,2314 HK,"470,000",LEE & MAN PAPER MANUFACTURIN,2.38,,HKD,, Hong Kong ,#N/A Field Not Applicable,HK,"1,292 Million",,," 4,295.32 ",,, 31.38 ,,"2,973,371",,"836,542",,,15.33%,31.75%,21.25%,31.75%,31.75%,65%,65%," 143,016 "," 92,960 "," 92,960 "
,KYG811511131,272 HK,"1,500,000",SHUI ON LAND LTD,0.67,,HKD,, Hong Kong ,#N/A Field Not Applicable,HK,688 Million,,," 8,027.27 ",,, 27.87 ,,"6,711,480",,"599,209",,,13.96%,52.75%,21.25%,52.75%,52.75%,45%,45%," 128,492 "," 57,821 "," 57,821 "
,US00214Q3020,ARKG US,"1,000",ARK GENOMIC REVOLUTION ETF,28.22,,USD,, Cboe BZX ,#N/A Field Not Applicable,UF,"1,604 Million",,, 56.85 ,,, 41.03 ,,"2,949,483",,"90,609,416",,,19.42%,31.75%,21.25%,31.75%,31.75%,0%,0%," 28,220 ", -   , -   
,MYL5184OO006,CYP MK,"100,000",CYPARK RESOURCES BHD,0.815,,MYR,, Bursa Malays ,#N/A Field Not Applicable,MK,149 Million,,, 822.83 ,,, 52.35 ,,"2,801,088",,"545,657",,,24.08%,100.%,26.5%,100.%,100.%,0%,0%," 17,221 ", -   , -   
,GB00BNC5T391,ROO LN,"5,500",DELIVEROO PLC,114,,GBp,, London ,#N/A Field Not Applicable,LN,"2,262 Million",,," 1,524.15 ",,, 33.72 ,,"1,437,095",,"2,088,510",,,16.26%,31.75%,21.25%,31.75%,31.75%,65%,65%," 7,958 "," 5,173 "," 5,173 "
,SG1CI9000006,FLT SP,"25,600",FRASERS LOGISTICS & COMMERCI,1.02,,SGD,, Singapore ,#N/A Field Not Applicable,#N/A,"2,751 Million",,," 3,750.54 ",,, 22.61 ,,"10,125,080",,"7,986,200",,,11.22%,31.75%,21.25%,31.75%,31.75%,65%,65%," 19,452 "," 12,644 "," 12,644 "
,US22266T1097,CPNG UN,"1,500",COUPANG INC,18.23,,USD,, New York ,#N/A Field Not Applicable,UN,"32,692 Million",,," 1,618.52 ",,, 37.82 ,,"2,779,085",,"46,185,552",,,18.05%,21.25%,21.25%,21.25%,21.25%,75%,75%," 27,345 "," 20,509 "," 20,509 "
,CNE1000027F2,3958 HK,"10,000",ORIENT SECURITIES CO LTD-H,3.36,,HKD,, Hong Kong ,#N/A Field Not Applicable,#N/A,"9,487 Million",,," 1,027.16 ",,, 32.15 ,,"2,459,641",,"1,025,050",,,15.57%,21.25%,21.25%,21.25%,21.25%,75%,75%," 4,296 "," 3,222 "," 3,222 "
,US00214Q7088,ARKF UP,565,ARK FINTECH INNOVATION ETF,29.23,,USD,, NYSE Arca ,#N/A Field Not Applicable,UP,"1,128 Million",,, 38.60 ,,, 33.59 ,,"118,417",,"3,210,420",,,16.2%,31.75%,21.25%,31.75%,31.75%,65%,65%," 16,515 "," 10,735 "," 10,735 "
,US00214Q3020,ARKG UP,350,ARK GENOMIC REVOLUTION ETF,28.22,,USD,, Cboe BZX ,#N/A Field Not Applicable,UF,"1,604 Million",,, 56.85 ,,, 41.10 ,,"466,731",,"14,325,445",,,19.45%,31.75%,21.25%,31.75%,31.75%,0%,0%," 9,877 ", -   , -   
,JP3551520004,4324 JP,900,DENTSU GROUP INC,4134,,JPY,, Tokyo ,Tokyo Prime,,"8,146 Million",,, 270.17 ,,, 25.40 ,,"1,037,127",,"29,543,997",,,12.51%,21.25%,21.25%,21.25%,21.25%,75%,75%," 24,741 "," 18,556 "," 18,556 "
,BMG8086V1467,152 HK,"332,311",SHENZHEN INTL HOLDINGS,6.18,,HKD,, Hong Kong ,#N/A Field Not Applicable,HK,"1,868 Million",,," 2,393.15 ",,, 34.25 ,,"5,730,264",,"4,742,327",,,16.49%,31.75%,21.25%,31.75%,31.75%,65%,65%," 262,569 "," 170,670 "," 170,670 "
,US00766T1007,ACM US,"3,850",AECOM,91.59,,USD,, New York ,#N/A Field Not Applicable,UN,"12,458 Million",,, 136.02 ,,, 21.44 ,,"727,486",,"65,278,724",,,10.67%,21.25%,21.25%,21.25%,21.25%,75%,75%," 352,622 "," 264,466 "," 264,466 "
,VGG1890L1076,CPRI US,500,CAPRI HOLDINGS LTD,45.89,,USD,, New York ,#N/A Field Not Applicable,UN,"5,349 Million",,, 116.57 ,,, 52.34 ,,"1,021,407",,"49,262,844",,,24.08%,21.25%,26.5%,26.5%,26.5%,70%,70%," 22,945 "," 16,062 "," 16,062 "
,KR7005930003,005930 KP,"25,000",SAMSUNG ELECTRONICS CO LTD,72800,,KRW,, Korea SE ,#N/A Field Not Applicable,KP,,,," 5,969.78 ",,, 20.66 ,,"16,739,400",,,,,0.%,21.25%,21.25%,21.25%,#N/A,0%,0%, -   , -   , -   
,HK0000255361,2666 HK,"500,000",GENERTEC UNIVERSAL MEDICAL G,4.25,,HKD,, Hong Kong ,#N/A Field Not Applicable,HK,"1,014 Million",,," 1,891.54 ",,, 25.68 ,,"3,028,824",,"1,608,000",,,12.75%,31.75%,21.25%,31.75%,31.75%,65%,65%," 271,687 "," 176,597 "," 176,597 "
,HK0000120151,295 HK,"3,000,000",KONG SUN HOLDINGS LTD,0.02,,HKD,, Hong Kong ,#N/A Field Not Applicable,HK,40 Million,,," 14,964.44 ",,, 132.56 ,,"2,846,172",,"8,586",,,58.66%,100.%,63.25%,100.%,100.%,0%,0%," 7,671 ", -   , -   
,KYG706261255,2008 HK,"120,000",PHOENIX MEDIA INVESTMENT HOL,1.99,,HKD,, Hong Kong ,#N/A Field Not Applicable,#N/A,125 Million,,, 499.37 ,,, 51.30 ,,"62,198",,"18,038",,,33.12%,100.%,37.%,100.%,100.%,0%,0%," 30,531 ", -   , -   
,BMG8065B1037,563 HK,"7,574,000",SHANGHAI INDUSTRIAL URBAN DE,0.42,,HKD,, Hong Kong ,#N/A Field Not Applicable,HK,254 Million,,," 4,791.48 ",,, 41.42 ,,"1,667,964",,"76,515",,,35.36%,84.25%,37.%,84.25%,100.%,0%,0%," 406,710 ", -   , -   
,FR0013326246,URW FP,900,UNIBAIL-RODAMCO-WESTFIELD,70.88,,EUR,, EN Paris ,#N/A Field Not Applicable,#N/A,"10,262 Million",,, 139.04 ,,, 32.36 ,,"385,609",,"27,267,256",,,15.66%,21.25%,21.25%,21.25%,21.25%,75%,75%," 69,211 "," 51,908 "," 51,908 "
,BMG2442N1048,1199 HK,"93,146",COSCO SHIPPING PORTS LTD,4.5,,HKD,, Hong Kong ,#N/A Field Not Applicable,HK,"1,979 Million",,," 3,563.58 ",,, 34.28 ,,"4,697,681",,"3,008,346",,,16.5%,31.75%,21.25%,31.75%,31.75%,65%,65%," 53,590 "," 34,834 "," 34,834 "
,US09257W1009,BXMT UN,"5,000",BLACKSTONE MORTGAGE TRU-CL A,20.23,,USD,, New York ,#N/A Field Not Applicable,UN,"3,513 Million",,, 173.67 ,,, 34.95 ,,"658,543",,"13,430,298",,,16.8%,31.75%,21.25%,31.75%,31.75%,65%,65%," 101,150 "," 65,748 "," 65,748 "
,CNE100000BG0,1766 HK,"72,374",CRRC CORP LTD - H,4.23,,HKD,, Hong Kong ,#N/A Field Not Applicable,HK,"24,114 Million",,," 4,371.07 ",,, 32.49 ,,"17,637,400",,"8,552,656",,,15.71%,21.25%,21.25%,21.25%,21.25%,75%,75%," 39,141 "," 29,356 "," 29,356 "
,JP3967200001,4755 JP,"5,772",RAKUTEN GROUP INC,827.2,,JPY,, Tokyo ,Tokyo Prime,,"13,091 Million",,," 2,143.22 ",,, 38.20 ,,"28,063,550",,"145,136,648",,,18.21%,21.25%,21.25%,21.25%,21.25%,75%,75%," 31,750 "," 23,813 "," 23,813 "
,KYG2116M1015,691 HK,"297,000",CHINA SHANSHUI CEMENT GROUP,0.51,,HKD,, Hong Kong ,#N/A Field Not Applicable,HK,290 Million,,," 4,353.97 ",,, 52.64 ,,"22,851",,"1,499",,,57.46%,84.25%,58.%,84.25%,84.25%,15%,0%," 19,366 "," 2,905 ", -   
,JP3046170001,8961 JP,160,MORI TRUST REIT INC,69800,,JPY,, Tokyo ,Tokyo Investment Cert,,"1,839 Million",,, 3.56 ,,, 16.56 ,,"5,561",,"2,853,746",,,8.34%,31.75%,21.25%,31.75%,31.75%,65%,65%," 74,265 "," 48,272 "," 48,272 "
,KYG846981028,1836 HK,"37,500",STELLA INTERNATIONAL,11.7,,HKD,, Hong Kong ,#N/A Field Not Applicable,HK,"1,187 Million",,, 797.09 ,,, 28.11 ,,"596,887",,"792,048",,,13.75%,31.75%,21.25%,31.75%,31.75%,65%,65%," 56,095 "," 36,462 "," 36,462 "
,ID1000099708,UNSP IJ,"1,000,000",BAKRIE SUMATERA PLANTATIO PT,115,,IDR,, Indonesia ,#N/A Field Not Applicable,IJ,18 Million,,," 2,500.16 ",,, 28.75 ,,"1,115,747",,"7,878",,,16.96%,100.%,21.25%,100.%,100.%,0%,0%," 7,318 ", -   , -   
,ID1000099906,BLTA IJ,"5,647,074",BERLIAN LAJU TANKER TBK PT,50,,IDR,, Indonesia ,#N/A Field Not Applicable,IJ,83 Million,,," 25,940.19 ",,, -   ,,"58,541",,187,,,0.%,100.%,21.25%,100.%,100.%,0%,0%," 17,967 ", -   , -   
,JP3476480003,8750 JP,"105,000",DAI-ICHI LIFE HOLDINGS INC,3668,,JPY,, Tokyo ,Tokyo Prime,,"26,693 Million",,, 989.97 ,,, 30.35 ,,"3,468,600",,"80,624,758",,,14.76%,21.25%,21.25%,21.25%,21.25%,75%,75%," 2,561,112 "," 1,920,834 "," 1,920,834 "
,KYG8878S1030,322 HK,"500,000",TINGYI (CAYMAN ISLN) HLDG CO,9.12,,HKD,, Hong Kong ,#N/A Field Not Applicable,HK,"6,584 Million",,," 5,634.36 ",,, 33.86 ,,"8,363,068",,"8,796,811",,,16.32%,21.25%,21.25%,21.25%,21.25%,75%,75%," 583,008 "," 437,256 "," 437,256 "
,IE00BLNN3691,WFRD UW,112,WEATHERFORD INTERNATIONAL PL,112.82,,USD,, NASDAQ GS ,#N/A Field Not Applicable,UW,"8,159 Million",,, 72.32 ,,, 41.43 ,,"309,246",,"30,335,010",,,19.59%,21.25%,21.25%,21.25%,21.25%,75%,75%," 12,636 "," 9,477 "," 9,477 "
,US81369Y6059,XLF US,530,FINANCIAL SELECT SECTOR SPDR,40.87,,USD,, NYSE Arca ,#N/A Field Not Applicable,UP,"36,801 Million",,, 900.45 ,,, 15.52 ,,"44,361,648",,"1,729,133,056",,,7.84%,21.25%,21.25%,21.25%,21.25%,75%,75%," 21,661 "," 16,246 "," 16,246 "
,SG2G52000004,FPL SP,"30,000",FRASERS PROPERTY LTD,0.83,,SGD,, Singapore ,#N/A Field Not Applicable,SP,"2,367 Million",,," 3,926.04 ",,, 19.81 ,,"187,914",,"124,269",,,9.98%,31.75%,21.25%,31.75%,42.25%,55%,55%," 18,549 "," 10,202 "," 10,202 "
,KR7005930003,005930 KS,"4,050",SAMSUNG ELECTRONICS CO LTD,72800,,KRW,, Korea SE ,#N/A Field Not Applicable,KP,,,," 5,969.78 ",,, 20.66 ,,"16,739,400",,,,,0.%,21.25%,21.25%,21.25%,#N/A,0%,0%, -   , -   , -   
,US4642886877,PFF US,"1,200",ISHARES PREFERRED & INCOME S,32.14,,USD,, NASDAQ GM ,#N/A Field Not Applicable,#N/A,"14,648 Million",,, 455.75 ,,, 11.91 ,,"4,553,459",,"144,287,440",,,6.07%,21.25%,21.25%,21.25%,21.25%,75%,75%," 38,568 "," 28,926 "," 28,926 "
,JP3122800000,6113 JP,"10,000",AMADA CO LTD,1728,,JPY,, Tokyo ,Tokyo Prime,,"4,452 Million",,, 359.12 ,,, 25.29 ,,"1,273,478",,"14,626,992",,,12.46%,31.75%,21.25%,31.75%,31.75%,65%,65%," 114,909 "," 74,691 "," 74,691 "
,JP3311530004,7779 JP,"10,000",CYBERDYNE INC,213,,JPY,, Tokyo ,Tokyo Growth,,346 Million,,, 137.45 ,,, 31.65 ,,"983,115",,"1,484,184",,,15.34%,73.75%,21.25%,73.75%,73.75%,0%,0%," 14,164 ", -   , -   
,JP3771800004,6965 JP,"2,000",HAMAMATSU PHOTONICS KK,5424,,JPY,, Tokyo ,Tokyo Prime,,"6,550 Million",,, 165.08 ,,, 21.98 ,,"487,635",,"19,714,125",,,10.92%,21.25%,21.25%,21.25%,21.25%,75%,75%," 72,137 "," 54,103 "," 54,103 "
,JP3735000006,6951 JP,"4,000",JEOL LTD,6187,,JPY,, Tokyo ,Tokyo Prime,,"2,285 Million",,, 51.53 ,,, 36.68 ,,"375,597",,"17,568,863",,,17.55%,31.75%,21.25%,31.75%,31.75%,65%,65%," 164,570 "," 106,970 "," 106,970 "
,JP3695200000,5333 JP,"15,000",NGK INSULATORS LTD,1994.5,,JPY,, Tokyo ,Tokyo Prime,,"4,493 Million",,, 311.96 ,,, 22.85 ,,"1,082,970",,"14,272,275",,,11.33%,31.75%,21.25%,31.75%,31.75%,65%,65%," 198,946 "," 129,315 "," 129,315 "
,JP3738600000,5334 JP,"10,000",NITERRA CO LTD,4748,,JPY,, Tokyo ,Tokyo Prime,,"7,194 Million",,, 204.18 ,,, 24.58 ,,"1,196,985",,"35,374,768",,,12.14%,21.25%,21.25%,21.25%,21.25%,75%,75%," 315,733 "," 236,800 "," 236,800 "
,JP3351100007,6869 JP,"4,000",SYSMEX CORP,8387,,JPY,, Tokyo ,Tokyo Prime,,"12,666 Million",,, 209.76 ,,, 30.16 ,,"533,027",,"30,928,960",,,14.68%,21.25%,21.25%,21.25%,21.25%,75%,75%," 223,088 "," 167,316 "," 167,316 "
,JP3156400008,6925 JP,"10,000",USHIO INC,2014,,JPY,, Tokyo ,Tokyo Prime,,"1,789 Million",,, 123.50 ,,, 24.03 ,,"647,023",,"9,505,798",,,11.88%,31.75%,21.25%,31.75%,31.75%,65%,65%," 133,927 "," 87,053 "," 87,053 "
,JP3944500002,6482 JT,"10,000",YUSHIN PRECISION EQUIPMENT,682,,JPY,, Tokyo ,Tokyo Standard,,176 Million,,, 35.64 ,,, 19.47 ,,"29,982",,"145,548",,,10.28%,100.%,21.25%,100.%,100.%,0%,0%," 45,352 ", -   , -   
,AU000000EWC5,EWC AT,"1,100,000",ENERGY WORLD CORP LTD,0.016,,AUD,, ASE ,#N/A Field Not Applicable,AT,33 Million,,," 3,078.92 ",,, #N/A N/A ,,"517,008",,"6,294",,,0.%,100.%,21.25%,100.%,100.%,0%,0%," 11,467 ", -   , -   
,HK0000562675,2809 HK,"50,000",GLOBAL X CHINA CLEAN ENE-HKD,81.3,,HKD,, Hong Kong ,#N/A Field Not Applicable,HK,78 Million,,, 7.55 ,,, 26.88 ,,"28,162",,"264,519",,,18.63%,100.%,21.25%,100.%,100.%,0%,0%," 519,721 ", -   , -   
,JP3039710003,8953 JP,120,JAPAN METROPOLITAN FUND INVE,90100,,JPY,, Tokyo ,Tokyo Investment Cert,,"4,665 Million",,, 6.99 ,,, 17.48 ,,"22,339",,"15,128,386",,,8.79%,31.75%,21.25%,31.75%,31.75%,65%,65%," 71,898 "," 46,734 "," 46,734 "
,JP3835100003,4593 JP,"6,000",HEALIOS KK,131,,JPY,, Tokyo ,Tokyo Growth,,85 Million,,, 90.13 ,,, 64.79 ,,"862,055",,"906,973",,,28.89%,100.%,31.75%,100.%,100.%,0%,0%," 5,227 ", -   , -   
,GB00BPQY8M80,AV/ LN,"11,385",AVIVA PLC,480.7,,GBp,, London ,#N/A Field Not Applicable,LN,"15,945 Million",,," 2,733.02 ",,, 20.85 ,,"4,297,247",,"23,150,883",,,10.39%,21.25%,21.25%,21.25%,21.25%,75%,75%," 69,460 "," 52,095 "," 52,095 "
,GB0001367019,BLND LN,"12,800",BRITISH LAND CO PLC,372.5,,GBp,, London ,#N/A Field Not Applicable,#N/A,"4,165 Million",,, 927.47 ,,, 32.29 ,,"2,334,081",,"10,648,047",,,15.63%,31.75%,21.25%,31.75%,31.75%,65%,65%," 60,515 "," 39,335 "," 39,335 "
,GB00B5ZN1N88,SGRO LN,"4,471",SEGRO PLC,848.8,,GBp,, London ,#N/A Field Not Applicable,#N/A,"13,696 Million",,," 1,338.19 ",,, 26.64 ,,"2,228,523",,"23,210,943",,,13.08%,21.25%,21.25%,21.25%,21.25%,75%,75%," 48,166 "," 36,124 "," 36,124 "
,GB00BG49KP99,BBOX LN,"22,880",TRITAX BIG BOX REIT PLC,147.8,,GBp,, London ,#N/A Field Not Applicable,#N/A,"3,398 Million",,," 1,903.74 ",,, 29.61 ,,"4,110,481",,"7,846,861",,,14.43%,31.75%,21.25%,31.75%,31.75%,65%,65%," 42,920 "," 27,898 "," 27,898 "
,GB00B67G5X01,WKP LN,"3,400",WORKSPACE GROUP PLC,498.2,,GBp,, London ,#N/A Field Not Applicable,#N/A,"1,157 Million",,, 191.91 ,,, 32.04 ,,"156,904",,"979,879",,,15.52%,31.75%,21.25%,31.75%,31.75%,65%,65%," 21,499 "," 13,974 "," 13,974 "
,FR0000052292,RMS FP,229,HERMES INTERNATIONAL,2377.5,,EUR,, EN Paris ,#N/A Field Not Applicable,FP,"260,412 Million",,, 105.57 ,,, 25.24 ,,"49,348",,"105,913,825",,,12.44%,21.25%,21.25%,21.25%,21.25%,75%,75%," 590,699 "," 443,024 "," 443,024 "
,US46120E6023,ISRG US,686,INTUITIVE SURGICAL INC,392.62,,USD,, NASDAQ GS ,#N/A Field Not Applicable,UW,"139,164 Million",,, 354.45 ,,, 29.22 ,,"1,685,778",,"623,687,104",,,14.25%,21.25%,21.25%,21.25%,21.25%,75%,75%," 269,337 "," 202,003 "," 202,003 "
,US5380341090,LYV US,"1,650",LIVE NATION ENTERTAINMENT IN,104.38,,USD,, New York ,#N/A Field Not Applicable,UN,"24,091 Million",,, 230.80 ,,, 29.16 ,,"2,217,378",,"206,800,496",,,14.23%,21.25%,21.25%,21.25%,21.25%,75%,75%," 172,227 "," 129,170 "," 129,170 "
,LU2607735342,ARVLF UV,10,ARRIVAL SA,0.2,,USD,, OTC US ,#N/A Field Not Applicable,UV,3 Million,,, 15.26 ,,, #N/A N/A ,,#N/A N/A,,,,,0.%,100.%,21.25%,100.%,100.%,0%,0%, 2 , -   , -   
,KYG2119W1069,3333 HK,"20,000",CHINA EVERGRANDE GROUP,0.163,,HKD,, Hong Kong ,#N/A Field Not Applicable,HK,275 Million,,," 13,204.30 ",,, 186.68 ,,"8,638,854",,"235,112",,,62.56%,84.25%,63.25%,84.25%,100.%,0%,0%, 417 , -   , -   
,CA5362211040,LEV US,500,LION ELECTRIC CO/THE,1.2,,USD,, New York ,#N/A Field Not Applicable,UN,271 Million,,, 226.18 ,,, 59.92 ,,"469,409",,"762,962",,,27.04%,84.25%,31.75%,84.25%,100.%,0%,0%, 600 , -   , -   
,SG2G60000004,OUEREIT SP,"3,000,000",OUE REAL ESTATE INVESTMENT T,0.265,,SGD,, Singapore ,#N/A Field Not Applicable,#N/A,"1,057 Million",,," 5,492.95 ",,, 32.76 ,,"2,195,146",,"436,592",,,20.84%,31.75%,21.25%,31.75%,42.25%,55%,40%," 592,223 "," 325,723 "," 236,889 "
,US53656F4173,METV UP,"7,000",ROUNDHILL BALL METAVERSE ETF,12.28,,USD,, NYSE Arca ,#N/A Field Not Applicable,UP,428 Million,,, 34.85 ,,, 21.94 ,,"54,424",,"643,161",,,10.93%,63.25%,21.25%,63.25%,63.25%,35%,35%," 85,960 "," 30,086 "," 30,086 "
,DE0007500001,TKA GR,"15,866",THYSSENKRUPP AG,4.851,,EUR,, Xetra ,#N/A Field Not Applicable,GY,"3,103 Million",,, 622.53 ,,, 36.93 ,,"3,371,553",,"18,331,840",,,17.66%,31.75%,21.25%,31.75%,42.25%,55%,55%," 83,504 "," 45,927 "," 45,927 "
,CNE100002391,3866 HK,"1,000,000",BANK OF QINGDAO CO LTD-H,2.08,,HKD,, Hong Kong ,#N/A Field Not Applicable,HK,"2,182 Million",,," 2,291.95 ",,, 21.33 ,,"3,218,968",,"806,155",,,11.13%,31.75%,21.25%,31.75%,31.75%,65%,65%," 265,934 "," 172,857 "," 172,857 "
,KYG365731069,1992 HK,"600,000",FOSUN TOURISM GROUP,4.19,,HKD,, Hong Kong ,#N/A Field Not Applicable,HK,643 Million,,," 1,243.38 ",,, 44.61 ,,"997,026",,"598,804",,,23.5%,52.75%,26.5%,52.75%,52.75%,45%,45%," 321,422 "," 144,640 "," 144,640 "
,CNE1000031B3,1916 HK,"1,800,000",JIANGXI BANK CO LTD-H,0.7,,HKD,, Hong Kong ,#N/A Field Not Applicable,HK,571 Million,,," 1,345.50 ",,, 27.82 ,,"269,238",,"23,107",,,29.06%,52.75%,31.75%,52.75%,52.75%,45%,5%," 161,094 "," 72,492 "," 8,055 "
,CNE100003N76,2696 HK,"200,000",SHANGHAI HENLIUS BIOTECH I-H,14.96,,HKD,, Hong Kong ,#N/A Field Not Applicable,HK,"1,002 Million",,, 163.43 ,,, 59.13 ,,"188,920",,"335,094",,,32.69%,31.75%,37.%,37.%,37.%,60%,55%," 382,535 "," 229,521 "," 210,394 "
,CNE100002GY8,1216 HK,"350,000",ZHONGYUAN BANK CO LTD-H,0.295,,HKD,, Hong Kong ,#N/A Field Not Applicable,HK,"1,380 Million",,," 6,945.00 ",,, 47.14 ,,"12,507,150",,"503,335",,,21.97%,31.75%,26.5%,31.75%,42.25%,55%,55%," 13,201 "," 7,260 "," 7,260 "
,KYG4820C1309,596 HK,"100,000",INSPUR DIGITAL ENTERPRISE TE,2.86,,HKD,, Hong Kong ,#N/A Field Not Applicable,HK,415 Million,,," 1,141.92 ",,, 74.87 ,,"3,292,157",,"930,795",,,32.56%,63.25%,37.%,63.25%,63.25%,35%,35%," 36,566 "," 12,798 "," 12,798 "
,CH0244767585,UBSG SE,"3,047",UBS GROUP AG-REG,28.06,,CHF,, SIX Swiss Ex ,#N/A Field Not Applicable,SE,"101,824 Million",,," 3,462.09 ",,, 30.80 ,,"6,506,934",,"176,967,333",,,14.96%,21.25%,21.25%,21.25%,21.25%,75%,75%," 96,358 "," 72,269 "," 72,269 "
,US7475251036,QCOM US,"2,262",QUALCOMM INC,166.92,,USD,, NASDAQ GS ,#N/A Field Not Applicable,UW,"186,283 Million",,," 1,116.00 ",,, 31.15 ,,"8,898,428",,"1,352,729,728",,,15.12%,21.25%,21.25%,21.25%,21.25%,75%,75%," 377,573 "," 283,180 "," 283,180 "
,US8969452015,TRIP US,"15,000",TRIPADVISOR INC,27.82,,USD,, NASDAQ GS ,#N/A Field Not Applicable,UW,"3,836 Million",,, 125.10 ,,, 42.39 ,,"2,848,370",,"67,365,728",,,20.%,31.75%,21.25%,31.75%,31.75%,65%,65%," 417,300 "," 271,245 "," 271,245 "
,GB00BLJNXL82,BKG LN,"12,000",BERKELEY GROUP HOLDINGS/THE,4613,,GBp,, London ,#N/A Field Not Applicable,LN,"5,904 Million",,, 106.10 ,,, 21.58 ,,"161,411",,"9,229,017",,,10.74%,21.25%,21.25%,21.25%,21.25%,75%,75%," 702,576 "," 526,932 "," 526,932 "
,JP3049360005,2644 JT,"160,000",GLBL X JAPAN SEMICONDUCTOR,4785,,JPY,, Tokyo ,Tokyo Investment Trust,,494 Million,,, 14.32 ,,, 30.15 ,,"761,796",,"25,166,837",,,14.95%,63.25%,21.25%,63.25%,63.25%,35%,35%," 5,091,103 "," 1,781,886 "," 1,781,886 "
,GB00BN7SWP63,GSK LN,"112,400",GSK PLC,1660.8,,GBp,, London ,#N/A Field Not Applicable,LN,"82,789 Million",,," 4,117.03 ",,, 18.36 ,,"4,767,488",,"92,799,553",,,9.21%,21.25%,21.25%,21.25%,21.25%,75%,75%," 2,369,259 "," 1,776,944 "," 1,776,944 "
,FR0000120172,CA FP,120,CARREFOUR SA,15.695,,EUR,, EN Paris ,#N/A Field Not Applicable,FP,"11,568 Million",,, 708.79 ,,, 21.14 ,,"1,601,158",,"26,446,247",,,10.53%,21.25%,21.25%,21.25%,21.25%,75%,75%," 2,043 "," 1,533 "," 1,533 "
,CH0012255151,UHR SW,80,SWATCH GROUP AG/THE-BR,206.9,,CHF,, SIX Swiss Ex ,#N/A Field Not Applicable,SE,"11,046 Million",,, 28.94 ,,, 26.21 ,,"154,324",,"34,221,683",,,12.88%,21.25%,21.25%,21.25%,21.25%,75%,75%," 18,654 "," 13,991 "," 13,991 "
,BMG1739E1084,159 HK,"20,000,000",BROCKMAN MINING LTD,0.109,,HKD,, Hong Kong ,#N/A Field Not Applicable,HK,129 Million,,," 9,280.23 ",,, 68.12 ,,"307,003",,"4,733",,,89.43%,100.%,89.5%,100.%,100.%,0%,0%," 278,719 ", -   , -   
,BMG0411X1112,860 HK,"19,862,784",APOLLO FUTURE MOBILITY GRP L,0.63,,HKD,, Hong Kong ,#N/A Field Not Applicable,#N/A,47 Million,,, 576.79 ,,, 110.41 ,,"217,389",,"16,730",,,98.12%,100.%,100.%,100.%,100.%,0%,0%," 1,599,892 ", -   , -   
,US05722G1004,BKR UW,160,BAKER HUGHES CO,32.39,,USD,, NASDAQ GS ,#N/A Field Not Applicable,UW,"32,419 Million",,," 1,000.88 ",,, 26.45 ,,"3,196,167",,"98,008,376",,,12.99%,21.25%,21.25%,21.25%,21.25%,75%,75%," 5,182 "," 3,887 "," 3,887 "
,US2172041061,CPRT UW,600,COPART INC,56.09,,USD,, NASDAQ GS ,#N/A Field Not Applicable,UW,"53,928 Million",,, 961.46 ,,, 21.56 ,,"1,868,224",,"95,076,152",,,10.72%,21.25%,21.25%,21.25%,21.25%,75%,75%," 33,654 "," 25,241 "," 25,241 "
,US4198701009,HE UN,"22,000",HAWAIIAN ELECTRIC INDS,10.91,,USD,, New York ,#N/A Field Not Applicable,UN,"1,196 Million",,, 109.61 ,,, 86.68 ,,"563,326",,"7,316,190",,,36.63%,31.75%,37.%,37.%,37.%,60%,60%," 240,020 "," 144,012 "," 144,012 "
,US65339F1012,NEE US,"3,200",NEXTERA ENERGY INC,60.17,,USD,, New York ,#N/A Field Not Applicable,UN,"121,767 Million",,," 2,023.71 ",,, 28.00 ,,"11,483,867",,"668,452,736",,,13.7%,21.25%,21.25%,21.25%,21.25%,75%,75%," 192,544 "," 144,408 "," 144,408 "
,US7075691094,PENN US,"1,190",PENN ENTERTAINMENT INC,17.65,,USD,, NASDAQ GS ,#N/A Field Not Applicable,UW,"2,690 Million",,, 152.42 ,,, 51.94 ,,"5,497,144",,"117,026,040",,,23.92%,31.75%,26.5%,31.75%,31.75%,65%,65%," 21,004 "," 13,652 "," 13,652 "
,IE00BGH1M568,PRGO UN,360,PERRIGO CO PLC,30.01,,USD,, New York ,#N/A Field Not Applicable,#N/A,"4,067 Million",,, 135.52 ,,, 32.88 ,,"632,369",,"19,289,660",,,15.89%,31.75%,21.25%,31.75%,31.75%,65%,65%," 10,804 "," 7,022 "," 7,022 "
,US7731221062,RKLB US,"12,500",ROCKET LAB USA INC,4,,USD,, NASDAQ CM ,#N/A Field Not Applicable,UR,"1,957 Million",,, 489.14 ,,, 63.66 ,,"9,655,442",,"45,289,420",,,28.47%,31.75%,31.75%,31.75%,42.25%,0%,0%," 50,000 ", -   , -   
,AU000000PAR5,PAR AU,"200,000",PARADIGM BIOPHARMACEUTICALS,0.37,,AUD,, ASE ,#N/A Field Not Applicable,AT,91 Million,,, 351.20 ,,, 80.42 ,,"888,474",,"229,973",,,35.2%,100.%,37.%,100.%,100.%,0%,0%," 48,212 ", -   , -   
,NL0006294274,ENX FP,200,EURONEXT NV,86.7,,EUR,, EN Paris ,#N/A Field Not Applicable,FP,"9,681 Million",,, 107.11 ,,, 18.61 ,,"139,257",,"11,825,967",,,9.33%,21.25%,21.25%,21.25%,21.25%,75%,75%," 18,813 "," 14,110 "," 14,110 "
,US4642876555,IWM UP,92,ISHARES RUSSELL 2000 ETF,201.25,,USD,, NYSE Arca ,#N/A Field Not Applicable,UP,"60,999 Million",,, 303.10 ,,, 20.69 ,,"6,295,969",,"1,249,209,344",,,10.31%,21.25%,21.25%,21.25%,21.25%,75%,75%," 18,515 "," 13,886 "," 13,886 "
,FR0000121485,KER FP,250,KERING,423.45,,EUR,, EN Paris ,#N/A Field Not Applicable,FP,"54,237 Million",,, 123.42 ,,, 26.25 ,,"209,017",,"86,360,561",,,12.9%,21.25%,21.25%,21.25%,21.25%,75%,75%," 114,856 "," 86,142 "," 86,142 "
,JP3802680003,2767 JT,"10,000",TSUBURAYA FIELDS HOLDINGS IN,1600,,JPY,, Tokyo ,Tokyo Prime,,810 Million,,, 69.40 ,,, 64.84 ,,"3,426,808",,"39,510,877",,,28.91%,52.75%,31.75%,52.75%,52.75%,45%,45%," 106,397 "," 47,879 "," 47,879 "
,JP3958400008,2884 JP,"26,000",YOSHIMURA FOOD HOLDINGS KK,1259,,JPY,, Tokyo ,Tokyo Prime,,231 Million,,, 23.88 ,,, 56.96 ,,"220,650",,"1,768,059",,,25.92%,94.75%,26.5%,94.75%,94.75%,5%,5%," 217,675 "," 10,884 "," 10,884 "
,US524ESC1001,LEM* MM,"20,773",LEHMAN BROTHERS HOLDINGS INC,#N/A N/A,,MXN,, #N/A Field Not Applicable ,#N/A Field Not Applicable,#N/A,,,, #N/A N/A ,,, #N/A N/A ,,#N/A N/A,,,,,0.%,21.25%,21.25%,21.25%,#VALUE!,0%,0%, -   , -   , -   
,US1890541097,CLX US,50,CLOROX COMPANY,148.85,,USD,, New York ,#N/A Field Not Applicable,UN,"18,473 Million",,, 124.11 ,,, 23.21 ,,"1,158,125",,"171,758,400",,,11.5%,21.25%,21.25%,21.25%,21.25%,75%,75%," 7,443 "," 5,582 "," 5,582 "
,AU0000086530,PFT AT,58,PURE FOODS TASMANIA LTD,0.066,,AUD,, ASE ,#N/A Field Not Applicable,AT,4 Million,,, 110.29 ,,, 98.64 ,,"45,507",,"2,292",,,40.49%,100.%,42.25%,100.%,100.%,0%,0%, 2 , -   , -   
,US23292E1082,DIDIY UN,"250,000",DIDI GLOBAL INC,#N/A N/A,,USD,, OTC US ,#N/A Field Not Applicable,#N/A,,,," 4,390.18 ",,, #N/A N/A ,,#N/A N/A,,,,,0.%,21.25%,21.25%,21.25%,#VALUE!,0%,0%, -   , -   , -   
,JP3111200006,3407 JP,"10,000",ASAHI KASEI CORP,1119,,JPY,, Tokyo ,Tokyo Prime,,"11,211 Million",,," 1,393.93 ",,, 19.90 ,,"4,095,658",,"31,481,867",,,9.94%,21.25%,21.25%,21.25%,21.25%,75%,75%," 74,411 "," 55,809 "," 55,809 "
,KYG2121Q1055,6186 HK,"20,000",CHINA FEIHE LTD,3.7,,HKD,, Hong Kong ,#N/A Field Not Applicable,HK,"4,166 Million",,," 9,067.25 ",,, 35.75 ,,"13,910,330",,"6,842,911",,,17.15%,31.75%,21.25%,31.75%,31.75%,65%,65%," 9,461 "," 6,150 "," 6,150 "
,US4642867729,EWY US,"1,200",ISHARES MSCI SOUTH KOREA ETF,65.76,,USD,, NYSE Arca ,#N/A Field Not Applicable,UP,"4,768 Million",,, 72.50 ,,, 21.62 ,,"3,423,145",,"215,708,720",,,10.75%,31.75%,21.25%,31.75%,31.75%,65%,65%," 78,912 "," 51,293 "," 51,293 "
,LU0501835309,973 HK,"30,000",L'OCCITANE INTERNATIONAL SA,30.4,,HKD,, Hong Kong ,#N/A Field Not Applicable,HK,"5,661 Million",,," 1,476.97 ",,, 47.58 ,,"1,755,901",,"5,912,305",,,22.15%,21.25%,26.5%,26.5%,26.5%,70%,70%," 116,602 "," 81,621 "," 81,621 "
,KYG6142R1092,909 HK,"10,000",MING YUAN CLOUD GROUP HOLDIN,2.34,,HKD,, Hong Kong ,#N/A Field Not Applicable,HK,564 Million,,," 1,942.32 ",,, 65.41 ,,"5,200,637",,"1,568,508",,,29.12%,52.75%,31.75%,52.75%,52.75%,45%,45%," 2,992 "," 1,346 "," 1,346 "
,CNE1000004J3,696 HK,"80,000",TRAVELSKY TECHNOLOGY LTD-H,9.13,,HKD,, Hong Kong ,#N/A Field Not Applicable,HK,"3,408 Million",,, 932.56 ,,, 46.08 ,,"5,932,210",,"6,821,467",,,21.53%,31.75%,26.5%,31.75%,31.75%,65%,65%," 93,384 "," 60,699 "," 60,699 "
,CNE1000004L9,2338 HK,"20,000",WEICHAI POWER CO LTD-H,15.64,,HKD,, Hong Kong ,#N/A Field Not Applicable,HK,"19,115 Million",,," 1,943.04 ",,, 37.06 ,,"10,200,940",,"18,535,222",,,17.72%,21.25%,21.25%,21.25%,21.25%,75%,75%," 39,992 "," 29,994 "," 29,994 "
,CNE1000001Q4,998 HK,"7,200",CHINA CITIC BANK CORP LTD-H,4.16,,HKD,, Hong Kong ,#N/A Field Not Applicable,HK,"37,301 Million",,," 14,882.16 ",,, 24.87 ,,"26,798,040",,"13,554,010",,,12.27%,21.25%,21.25%,21.25%,21.25%,75%,75%," 3,829 "," 2,872 "," 2,872 "
,JP3491910000,6889 HK,"250,000",DYNAM JAPAN HOLDINGS CO LTD,4.33,,HKD,, Hong Kong ,#N/A Field Not Applicable,HK,398 Million,,, 704.87 ,,, 36.99 ,,"226,807",,"118,840",,,22.14%,73.75%,26.5%,73.75%,73.75%,25%,20%," 138,401 "," 34,600 "," 27,680 "
,CNE100001TQ9,1776 HK,"200,000",GF SECURITIES CO LTD-H,8.88,,HKD,, Hong Kong ,#N/A Field Not Applicable,HK,"13,416 Million",,," 1,701.80 ",,, 34.15 ,,"2,331,623",,"2,486,161",,,16.45%,21.25%,21.25%,21.25%,21.25%,75%,75%," 227,066 "," 170,300 "," 170,300 "
,US4824971042,BEKE UN,"9,719",KE HOLDINGS INC-ADR,14.11,,USD,, New York ,#N/A Field Not Applicable,#N/A,"17,528 Million",,," 1,192.43 ",,, 48.09 ,,"1,530,285",,"21,529,134",,,22.36%,21.25%,26.5%,26.5%,26.5%,70%,70%," 137,135 "," 95,995 "," 95,995 "
,BMG5700D1065,366 HK,"150,000",LUKS GROUP VIETNAM HOLDINGS,0.9,,HKD,, Hong Kong ,#N/A Field Not Applicable,HK,57 Million,,, 502.56 ,,, 32.93 ,,"26,441",,"3,141",,,31.58%,100.%,31.75%,100.%,100.%,0%,0%," 17,260 ", -   , -   
,JP3047160001,3269 JP,60,ADVANCE RESIDENCE INVESTMENT,318000,,JPY,, Tokyo ,Tokyo Investment Cert,,"3,377 Million",,, 1.43 ,,, 18.89 ,,"3,736",,"8,473,202",,,9.46%,31.75%,21.25%,31.75%,31.75%,65%,65%," 126,879 "," 82,471 "," 82,471 "
,US09260D1072,BX US,"62,800",BLACKSTONE INC,123.43,,USD,, New York ,#N/A Field Not Applicable,UN,"149,799 Million",,, 714.64 ,,, 33.36 ,,"3,923,392",,"490,275,424",,,16.1%,21.25%,21.25%,21.25%,21.25%,75%,75%," 7,751,404 "," 5,813,553 "," 5,813,553 "
,HK0000056264,1668 HK,"800,000",CHINA SOUTH CITY HOLDINGS,0.161,,HKD,, Hong Kong ,#N/A Field Not Applicable,HK,234 Million,,," 11,441.89 ",,, 63.26 ,,"23,983,150",,"591,877",,,28.32%,94.75%,31.75%,94.75%,100.%,0%,0%," 16,467 ", -   , -   
,JP3046220004,8966 JP,68,HEIWA REAL ESTATE REIT INC,134100,,JPY,, Tokyo ,Tokyo Investment Cert,,"1,133 Million",,, 1.15 ,,, 15.78 ,,"2,875",,"2,779,550",,,7.97%,31.75%,21.25%,31.75%,31.75%,65%,65%," 60,638 "," 39,415 "," 39,415 "
,JP3027670003,8951 JP,100,NIPPON BUILDING FUND INC,581000,,JPY,, Tokyo ,Tokyo Investment Cert,,"7,418 Million",,, 1.70 ,,, 17.08 ,,"4,262",,"18,126,374",,,8.59%,21.25%,21.25%,21.25%,21.25%,75%,75%," 386,355 "," 289,766 "," 289,766 "
,JP3048110005,3462 JP,144,NOMURA REAL ESTATE MASTER FU,140100,,JPY,, Tokyo ,Tokyo Investment Cert,,"4,966 Million",,, 4.72 ,,, 16.30 ,,"13,284",,"14,431,338",,,8.22%,31.75%,21.25%,31.75%,31.75%,65%,65%," 134,156 "," 87,201 "," 87,201 "
,JP3040880001,8954 JP,25,ORIX JREIT INC,156600,,JPY,, Tokyo ,Tokyo Investment Cert,,"3,165 Million",,, 2.76 ,,, 17.63 ,,"7,817",,"9,153,359",,,8.86%,31.75%,21.25%,31.75%,31.75%,65%,65%," 26,034 "," 16,922 "," 16,922 "
,SG1V52937132,PREIT SP,"52,800",PARKWAYLIFE REAL ESTATE,3.45,,SGD,, Singapore ,#N/A Field Not Applicable,#N/A,"1,525 Million",,, 605.00 ,,, 20.56 ,,"609,644",,"1,580,161",,,10.26%,31.75%,21.25%,31.75%,31.75%,65%,65%," 135,697 "," 88,203 "," 88,203 "
,SG0531000230,VMS SP,"7,000",VENTURE CORP LTD,13.99,,SGD,, Singapore ,#N/A Field Not Applicable,SP,"2,956 Million",,, 290.11 ,,, 21.17 ,,"799,789",,"7,997,618",,,10.54%,31.75%,21.25%,31.75%,31.75%,65%,65%," 72,951 "," 47,418 "," 47,418 "
,CNE1000048G6,9995 HK,"29,412",REMEGEN CO LTD-H,29.75,,HKD,, Hong Kong ,#N/A Field Not Applicable,HK,"3,524 Million",,, 189.58 ,,, 81.50 ,,"2,996,741",,"9,061,397",,,34.88%,31.75%,37.%,37.%,37.%,60%,60%," 111,872 "," 67,123 "," 67,123 "
,US4642874402,IEF US,"62,510",ISHARES 7-10 YEAR TREASURY B,93.54,,USD,, NASDAQ GM ,#N/A Field Not Applicable,UQ,"27,557 Million",,, 294.60 ,,, 9.15 ,,"9,075,756",,"863,487,552",,,4.7%,21.25%,21.25%,21.25%,21.25%,75%,75%," 5,847,185 "," 4,385,389 "," 4,385,389 "
,US92206C8709,VCIT US,"217,600",VANGUARD INT-TERM CORPORATE,79.69,,USD,, NASDAQ GM ,#N/A Field Not Applicable,UQ,"46,501 Million",,, 583.52 ,,, 7.40 ,,"8,419,782",,"676,797,056",,,3.82%,21.25%,21.25%,21.25%,21.25%,75%,75%," 17,340,544 "," 13,005,408 "," 13,005,408 "
,JP3049980000,2080 JT,"10,000",PBR IMPROVEMENT OVER 1X ETF,1161,,JPY,, Tokyo ,Tokyo Investment Trust,,100 Million,,, 11.86 ,,, #N/A N/A ,,"425,292",,"3,265,396",,,0.%,100.%,21.25%,100.%,100.%,0%,0%," 77,204 ", -   , -   
,JP3585800000,9501 JT,"100,000",TOKYO ELECTRIC POWER COMPANY,828.9,,JPY,, Tokyo ,Tokyo Prime,,"9,331 Million",,," 1,607.02 ",,, 45.01 ,,"76,882,340",,"437,443,997",,,21.09%,21.25%,21.25%,21.25%,21.25%,75%,75%," 551,204 "," 413,403 "," 413,403 "
,JP3990100004,7564 JP,"6,000",WORKMAN CO LTD,4175,,JPY,, Tokyo ,Tokyo Standard,,"2,426 Million",,, 81.85 ,,, 29.42 ,,"259,927",,"7,667,986",,,14.34%,31.75%,21.25%,31.75%,31.75%,65%,65%," 166,578 "," 108,276 "," 108,276 "
,US6541101050,NKLA UW,"1,423",NIKOLA CORP,0.6031,,USD,, NASDAQ GS ,#N/A Field Not Applicable,UW,806 Million,,," 1,335.62 ",,, 133.83 ,,"8,065,125",,"6,029,382",,,50.55%,52.75%,52.75%,52.75%,84.25%,15%,15%, 858 , 129 , 129 
,US25459W8477,TNA US,"7,000",DIREXION DLY SM CAP BULL 3X,37.58,,USD,, NYSE Arca ,#N/A Field Not Applicable,UP,"2,039 Million",,, 54.25 ,,, 61.59 ,,"23,662,426",,"881,420,864",,,27.68%,31.75%,31.75%,31.75%,31.75%,65%,65%," 263,060 "," 170,989 "," 170,989 "
,CNE100002342,1508 HK,"1,100,000",CHINA REINSURANCE GROUP CO-H,0.52,,HKD,, Hong Kong ,#N/A Field Not Applicable,HK,"2,773 Million",,," 6,679.42 ",,, 34.84 ,,"10,057,730",,"572,979",,,16.76%,31.75%,21.25%,31.75%,31.75%,65%,65%," 73,132 "," 47,536 "," 47,536 "
,JE00B4T3BW64,GLEN LN,"20,000",GLENCORE PLC,422.6,,GBp,, London ,#N/A Field Not Applicable,LN,"61,911 Million",,," 12,200.71 ",,, 31.67 ,,"20,736,140",,"103,649,794",,,15.35%,21.25%,21.25%,21.25%,21.25%,75%,75%," 107,272 "," 80,454 "," 80,454 "
,SG1BH7000002,LINASC SP,"6,859,000",LINCOTRADE & ASSOCIATES HOLD,#N/A N/A,,SGD,, Singapore ,#N/A Field Not Applicable,SP,24 Million,,, 172.03 ,,, #N/A N/A ,,"2,140",,185,,,0.%,100.%,21.25%,100.%,#VALUE!,0%,0%, -   , -   , -   
,GB00BGSGT481,LVCG LN,"59,583",LIVE COMPANY GROUP PLC,#N/A N/A,,GBp,, London ,#N/A Field Not Applicable,LN,,,, 259.92 ,,, #N/A N/A ,,#N/A N/A,,,,,0.%,21.25%,21.25%,21.25%,#VALUE!,#VALUE!,0%, -   ,#VALUE!, -   
,JP3626800001,5938 JP,"14,100",LIXIL CORP,1953,,JPY,, Tokyo ,Tokyo Prime,,"4,038 Million",,, 287.21 ,,, 24.38 ,,"2,153,185",,"29,400,453",,,12.04%,31.75%,21.25%,31.75%,31.75%,65%,65%," 183,118 "," 119,027 "," 119,027 "
,AU000000BHP4,BHP LN,"21,884",BHP GROUP LTD-DI,2203.5,,GBp,, London ,#N/A Field Not Applicable,AT,"136,402 Million",,," 5,068.74 ",,, 24.44 ,,"903,987",,"26,142,031",,,12.07%,21.25%,21.25%,21.25%,21.25%,75%,75%," 612,024 "," 459,018 "," 459,018 "
,JP3931600005,2267 JP,"15,860",YAKULT HONSHA CO LTD,3255,,JPY,, Tokyo ,Tokyo Prime,,"7,956 Million",,, 342.09 ,,, 23.17 ,,"1,576,987",,"36,017,307",,,11.48%,21.25%,21.25%,21.25%,21.25%,75%,75%," 343,292 "," 257,469 "," 257,469 "
,AU000000CUV3,CUV AT,"2,229",CLINUVEL PHARMACEUTICALS LTD,13.94,,AUD,, ASE ,#N/A Field Not Applicable,AT,466 Million,,, 50.13 ,,, 40.47 ,,"107,685",,"1,081,045",,,19.18%,63.25%,21.25%,63.25%,63.25%,35%,35%," 20,244 "," 7,085 "," 7,085 "
,KYG6427A1022,9999 HK,700,NETEASE INC,166.2,,HKD,, Hong Kong ,#N/A Field Not Applicable,HK,"67,191 Million",,," 3,224.76 ",,, 47.67 ,,"7,701,831",,"149,389,638",,,22.19%,21.25%,26.5%,26.5%,26.5%,70%,70%," 14,874 "," 10,412 "," 10,412 "
,US74347X8231,UDOW US,800,PROSHARES ULTRAPRO DOW30,79.48,,USD,, NYSE Arca ,#N/A Field Not Applicable,#N/A,600 Million,,, 7.55 ,,, 31.42 ,,"3,240,241",,"248,681,472",,,15.24%,52.75%,21.25%,52.75%,52.75%,45%,45%," 63,584 "," 28,613 "," 28,613 "
,ID1000062201,INKP IJ,"135,795,800",INDAH KIAT PULP & PAPER TBK,9150,,IDR,, Indonesia ,#N/A Field Not Applicable,IJ,"3,194 Million",,," 5,470.98 ",,, 40.33 ,,"6,041,436",,"3,168,443",,,56.98%,31.75%,58.%,58.%,58.%,40%,0%," 79,066,597 "," 31,626,639 ", -   
,JP3814800003,7270 JP,"3,000,000",SUBARU CORP,3267,,JPY,, Tokyo ,Tokyo Prime,,"18,286 Million",,, 753.90 ,,, 29.05 ,,"3,252,398",,"71,516,790",,,17.22%,21.25%,21.25%,21.25%,21.25%,75%,75%," 65,174,890 "," 48,881,168 "," 48,881,168 "
,US4532041096,PI US,966,IMPINJ INC,122.53,,USD,, NASDAQ GS ,#N/A Field Not Applicable,UW,"3,333 Million",,, 27.20 ,,, 75.47 ,,"403,550",,"41,219,644",,,32.78%,31.75%,37.%,37.%,37.%,60%,60%," 118,364 "," 71,018 "," 71,018 "
,AT0000A18XM4,AMS SW,"3,692",AMS-OSRAM AG,1.0875,,CHF,, SIX Swiss Ex ,#N/A Field Not Applicable,SE,"1,122 Million",,, 998.44 ,,, 82.25 ,,"8,106,075",,"14,928,787",,,35.13%,31.75%,37.%,37.%,37.%,60%,60%," 4,525 "," 2,715 "," 2,715 "
,ID1000133507,LTLS IJ,"41,039,000",LAUTAN LUAS TBK PT,1145,,IDR,, Indonesia ,#N/A Field Not Applicable,IJ,113 Million,,," 1,560.00 ",,, 28.70 ,,"678,666",,"52,238",,,61.78%,100.%,63.25%,100.%,100.%,0%,0%," 2,990,115 ", -   , -   
,CNE1000004C8,338 HK,"156,000",SINOPEC SHANGHAI PETROCHEM-H,1.12,,HKD,, Hong Kong ,#N/A Field Not Applicable,HK,"3,291 Million",,," 3,470.47 ",,, 27.13 ,,"8,179,199",,"1,143,989",,,13.31%,31.75%,21.25%,31.75%,31.75%,65%,65%," 22,338 "," 14,520 "," 14,520 "
,US4385161066,HON US,500,HONEYWELL INTERNATIONAL INC,196.76,,USD,, NASDAQ GS ,#N/A Field Not Applicable,UW,"128,323 Million",,, 652.18 ,,, 17.45 ,,"3,001,689",,"600,374,336",,,8.77%,21.25%,21.25%,21.25%,21.25%,75%,75%," 98,380 "," 73,785 "," 73,785 "
,US5705351048,MKL UN,40,MARKEL GROUP INC,1509.75,,USD,, New York ,#N/A Field Not Applicable,UN,"19,793 Million",,, 13.11 ,,, 23.65 ,,"15,871",,"23,007,744",,,11.7%,21.25%,21.25%,21.25%,21.25%,75%,75%," 60,390 "," 45,293 "," 45,293 "
,US81762P1021,NOW US,200,SERVICENOW INC,755.8,,USD,, New York ,#N/A Field Not Applicable,UN,"154,939 Million",,, 205.00 ,,, 30.31 ,,"1,188,705",,"894,686,784",,,14.74%,21.25%,21.25%,21.25%,21.25%,75%,75%," 151,160 "," 113,370 "," 113,370 "
,US36467W1099,GME US,40,GAMESTOP CORP-CLASS A,13.91,,USD,, New York ,#N/A Field Not Applicable,UN,"4,250 Million",,, 305.51 ,,, 69.69 ,,"3,191,656",,"48,888,028",,,30.7%,31.75%,31.75%,31.75%,31.75%,65%,65%, 556 , 362 , 362 
,SG1T60930966,FCT SP,"347,600",FRASERS CENTREPOINT TRUST,2.17,,SGD,, Singapore ,#N/A Field Not Applicable,#N/A,"2,846 Million",,," 1,805.49 ",,, 15.74 ,,"3,393,103",,"5,502,674",,,7.95%,31.75%,21.25%,31.75%,31.75%,65%,65%," 561,898 "," 365,234 "," 365,234 "
,KYG371091086,1448 HK,"50,000",FU SHOU YUAN INTERNATIONAL,5.38,,HKD,, Hong Kong ,#N/A Field Not Applicable,HK,"1,571 Million",,," 2,319.86 ",,, 29.09 ,,"4,023,668",,"2,626,146",,,14.19%,31.75%,21.25%,31.75%,31.75%,65%,65%," 34,392 "," 22,355 "," 22,355 "
,LU0633102719,1910 HK,"13,200",SAMSONITE INTERNATIONAL SA,30.45,,HKD,, Hong Kong ,#N/A Field Not Applicable,HK,"5,645 Million",,," 1,450.85 ",,, 36.22 ,,"7,817,458",,"25,596,859",,,17.36%,21.25%,21.25%,21.25%,21.25%,75%,75%," 51,389 "," 38,542 "," 38,542 "
,US75960P1049,RELY US,"3,000",REMITLY GLOBAL INC,20.14,,USD,, NASDAQ GS ,#N/A Field Not Applicable,UW,"3,796 Million",,, 188.51 ,,, 58.71 ,,"1,470,158",,"27,644,582",,,26.58%,31.75%,31.75%,31.75%,31.75%,65%,65%," 60,420 "," 39,273 "," 39,273 "
,US80810D1037,SDGR UW,"1,000",SCHRODINGER INC,25.68,,USD,, NASDAQ GS ,#N/A Field Not Applicable,UW,"1,857 Million",,, 63.15 ,,, 72.35 ,,"328,346",,"9,522,217",,,31.66%,31.75%,31.75%,31.75%,31.75%,65%,65%," 25,680 "," 16,692 "," 16,692 "
,HK0000827664,816 HK,755,JINMAO PROPERTY SERVICES CO,2.04,,HKD,, Hong Kong ,#N/A Field Not Applicable,HK,230 Million,,, 904.19 ,,, 45.53 ,,"485,491",,"120,126",,,21.3%,94.75%,26.5%,94.75%,94.75%,5%,5%, 197 , 10 , 10 
,JP3801600002,7956 JP,"15,228",PIGEON CORP,1544,,JPY,, Tokyo ,Tokyo Prime,,"1,346 Million",,, 121.65 ,,, 21.53 ,,"1,101,078",,"12,487,442",,,10.71%,31.75%,21.25%,31.75%,31.75%,65%,65%," 156,351 "," 101,628 "," 101,628 "
,KYG6202B1014,MNY UQ,"1,000",MONEYHERO LTD-A,1.44,,USD,, NASDAQ GM ,#N/A Field Not Applicable,UQ,55 Million,,, 25.28 ,,, 155.10 ,,"107,155",,"242,208",,,55.79%,100.%,58.%,100.%,100.%,0%,0%," 1,440 ", -   , -   
,IL0011786154,REE US,20,REE AUTOMOTIVE LTD - CLASS A,5.62,,USD,, NASDAQ CM ,#N/A Field Not Applicable,UR,76 Million,,, 10.81 ,,, 106.98 ,,"52,173",,"313,246",,,43.05%,100.%,47.5%,100.%,100.%,0%,0%, 112 , -   , -   
,DK0061414711,EFUELME NO,440,EVERFUEL A/S,#N/A N/A,,NOK,, #N/A Field Not Applicable ,#N/A Field Not Applicable,NO,,,, #N/A N/A ,,, #N/A N/A ,,#N/A N/A,,,,,0.%,21.25%,21.25%,21.25%,#VALUE!,0%,0%, -   , -   , -   
,CA4339211035,HIVE CV,200,HIVE DIGITAL TECHNOLOGIES LT,4.01,,CAD,, Venture ,#N/A Field Not Applicable,CV,307 Million,,, 102.53 ,,, 86.58 ,,"972,352",,"3,945,195",,,36.59%,73.75%,37.%,73.75%,#N/A,0%,0%, 591 , -   , -   
,SG1Q52922370,SUN SP,"65,805",SUNTEC REIT,1.05,,SGD,, Singapore ,#N/A Field Not Applicable,#N/A,"2,198 Million",,," 2,909.44 ",,, 19.59 ,,"7,573,603",,"6,281,046",,,9.8%,31.75%,21.25%,31.75%,31.75%,65%,65%," 51,471 "," 33,456 "," 33,456 "
,SG1DJ3000008,SREITS SP,"12,802",LION-PHILLIP S-REIT ETF,0.8,,SGD,, Singapore ,#N/A Field Not Applicable,SP,247 Million,,, 427.91 ,,, 13.74 ,,"895,991",,"550,575",,,6.98%,94.75%,21.25%,94.75%,100.%,0%,0%," 7,629 ", -   , -   
,SG1J26887955,SGX SP,885,SINGAPORE EXCHANGE LTD,9.42,,SGD,, Singapore ,#N/A Field Not Applicable,SP,"7,305 Million",,," 1,069.97 ",,, 12.84 ,,"1,669,835",,"11,531,842",,,6.53%,21.25%,21.25%,21.25%,21.25%,75%,75%," 6,210 "," 4,658 "," 4,658 "
,SG1S83002349,UOL SP,923,UOL GROUP LTD,5.68,,SGD,, Singapore ,#N/A Field Not Applicable,SP,"3,510 Million",,, 844.80 ,,, 23.44 ,,"3,452,417",,"15,004,750",,,11.61%,31.75%,21.25%,31.75%,31.75%,65%,65%," 3,905 "," 2,539 "," 2,539 "
,US00751Y1064,AAP US,500,ADVANCE AUTO PARTS INC,84.19,,USD,, New York ,#N/A Field Not Applicable,UN,"5,014 Million",,, 59.55 ,,, 58.77 ,,"1,822,851",,"123,163,416",,,26.6%,21.25%,31.75%,31.75%,31.75%,65%,65%," 42,095 "," 27,362 "," 27,362 "
,US00768Y4531,MSOS UP,"3,000",ADVISORSHARES PURE US CANN,9.46,,USD,, NYSE Arca ,#N/A Field Not Applicable,UP,"1,026 Million",,, 108.44 ,,, 67.91 ,,"1,401,155",,"12,032,416",,,30.05%,31.75%,31.75%,31.75%,42.25%,55%,55%," 28,380 "," 15,609 "," 15,609 "
,CA0084741085,AEM US,"3,000",AGNICO EAGLE MINES LTD,55.3,,USD,, New York ,#N/A Field Not Applicable,CT,"27,539 Million",,, 498.00 ,,, 30.36 ,,"3,020,293",,"153,612,720",,,14.76%,21.25%,21.25%,21.25%,21.25%,75%,75%," 165,900 "," 124,425 "," 124,425 "
,US6903701018,BYON US,"1,200",BEYOND INC,34.05,,USD,, New York ,#N/A Field Not Applicable,UN,"1,552 Million",,, 45.57 ,,, 74.19 ,,"1,236,807",,"33,905,140",,,32.32%,31.75%,37.%,37.%,37.%,60%,60%," 40,860 "," 24,516 "," 24,516 "
,US14167L1035,CDNA US,"2,000",CAREDX INC,9.89,,USD,, NASDAQ GM ,#N/A Field Not Applicable,UQ,512 Million,,, 51.78 ,,, 75.27 ,,"1,012,800",,"10,454,763",,,32.71%,52.75%,37.%,52.75%,84.25%,15%,15%," 19,780 "," 2,967 "," 2,967 "
,US23725P2092,DRIO US,"5,520",DARIOHEALTH CORP,1.5,,USD,, NASDAQ CM ,#N/A Field Not Applicable,UR,42 Million,,, 27.79 ,,, 101.65 ,,"130,780",,"262,755",,,41.43%,100.%,42.25%,100.%,100.%,0%,0%," 8,280 ", -   , -   
,US30212P3038,EXPE UW,"1,000",EXPEDIA GROUP INC,133.21,,USD,, NASDAQ GS ,#N/A Field Not Applicable,UW,"18,155 Million",,, 130.77 ,,, 44.77 ,,"872,772",,"124,236,320",,,20.99%,21.25%,21.25%,21.25%,21.25%,75%,75%," 133,210 "," 99,908 "," 99,908 "
,US4642872349,EEM US,"2,000",ISHARES MSCI EMERGING MARKET,40.84,,USD,, NYSE Arca ,#N/A Field Not Applicable,UP,"18,084 Million",,, 442.80 ,,, 15.45 ,,"30,406,698",,"1,205,326,336",,,7.81%,21.25%,21.25%,21.25%,21.25%,75%,75%," 81,680 "," 61,260 "," 61,260 "
,US7594701077,RIGD LI,"60,000",RELIANCE INDS-SPONS GDR 144A,69.3,,USD,, London Intl ,#N/A Field Not Applicable,#N/A,"231,400 Million",,," 3,382.85 ",,, 21.12 ,,"96,890",,"6,567,401",,,11.97%,21.25%,21.25%,21.25%,21.25%,75%,75%," 4,158,000 "," 3,118,500 "," 3,118,500 "
,US74967X1037,RH US,500,RH,279.47,,USD,, New York ,#N/A Field Not Applicable,UN,"5,092 Million",,, 18.22 ,,, 49.35 ,,"473,732",,"129,435,664",,,22.87%,21.25%,26.5%,26.5%,26.5%,70%,70%," 139,735 "," 97,815 "," 97,815 "
,GB00BFMBMT84,ST US,"1,000",SENSATA TECHNOLOGIES HOLDING,35.8,,USD,, New York ,#N/A Field Not Applicable,UN,"5,387 Million",,, 150.47 ,,, 29.73 ,,"2,344,943",,"82,195,040",,,14.48%,21.25%,21.25%,21.25%,21.25%,75%,75%," 35,800 "," 26,850 "," 26,850 "
,CA8283631015,SILV US,"10,000",SILVERCREST METALS INC,6.59,,USD,, NYSEAmerican ,#N/A Field Not Applicable,CT,968 Million,,, 146.93 ,,, 50.42 ,,"1,235,437",,"7,305,699",,,23.3%,52.75%,26.5%,52.75%,84.25%,0%,0%," 65,900 ", -   , -   
,US23292E1082,DIDIY US,"20,000",DIDI GLOBAL INC,3.84,,USD,, OTC US ,#N/A Field Not Applicable,#N/A,"18,661 Million",,," 4,390.18 ",,, 49.94 ,,"5,207,055",,"19,501,834",,,23.11%,21.25%,26.5%,26.5%,37.%,0%,0%," 76,800 ", -   , -   
,SG1A98006814,CREAF SP,"4,000",CREATIVE TECHNOLOGY LTD,1.25,,SGD,, Singapore ,#N/A Field Not Applicable,SP,66 Million,,, 70.40 ,,, 55.22 ,,"10,988",,"10,705",,,26.67%,100.%,31.75%,100.%,100.%,0%,0%," 3,725 ", -   , -   
,SGXC50067435,DCREIT SP,"35,000",DIGITAL CORE REIT MANAGEMENT,0.575,,USD,, Singapore ,#N/A Field Not Applicable,#N/A,766 Million,,," 1,310.25 ",,, 46.92 ,,"3,161,292",,"1,957,198",,,21.88%,52.75%,26.5%,52.75%,84.25%,15%,15%," 20,125 "," 3,019 "," 3,019 "
,AU000000DSE1,DSE AT,"1,011,271",DROPSUITE LTD,0.3,,AUD,, ASE ,#N/A Field Not Applicable,AT,139 Million,,, 696.09 ,,, 62.03 ,,"368,874",,"71,261",,,41.9%,100.%,42.25%,100.%,100.%,0%,0%," 197,655 ", -   , -   
,AU000000HVN7,HVN AT,"5,000",HARVEY NORMAN HOLDINGS LTD,4.89,,AUD,, ASE ,#N/A Field Not Applicable,AT,"4,130 Million",,," 1,246.01 ",,, 22.66 ,,"3,368,734",,"10,500,581",,,11.24%,31.75%,21.25%,31.75%,31.75%,65%,65%," 15,929 "," 10,354 "," 10,354 "
,BMG507361001,JM SP,719,JARDINE MATHESON HLDGS LTD,39.49,,USD,, Singapore ,#N/A Field Not Applicable,LN,"11,337 Million",,, 288.77 ,,, 20.02 ,,"283,431",,"11,493,250",,,10.%,21.25%,21.25%,21.25%,21.25%,75%,75%," 28,393 "," 21,295 "," 21,295 "
,SG1EA1000007,KORE SP,"30,000",KEPPEL PACIFIC OAK US REIT,0.123,,USD,, Singapore ,#N/A Field Not Applicable,#N/A,128 Million,,," 1,044.45 ",,, 75.66 ,,"6,211,091",,"1,128,772",,,32.85%,100.%,37.%,100.%,100.%,0%,0%," 3,690 ", -   , -   
,TH0902010014,THBEV SP,"119,135",THAI BEVERAGE PCL,0.49,,SGD,, Singapore ,#N/A Field Not Applicable,SP,"9,034 Million",,," 25,127.67 ",,, 21.18 ,,"37,493,100",,"13,926,816",,,10.55%,21.25%,21.25%,21.25%,31.75%,65%,65%," 43,486 "," 28,266 "," 28,266 "
,US91680M1071,UPST US,900,UPSTART HOLDINGS INC,24.14,,USD,, NASDAQ GS ,#N/A Field Not Applicable,UW,"2,086 Million",,, 86.43 ,,, 112.96 ,,"8,595,006",,"291,151,552",,,44.81%,31.75%,47.5%,47.5%,47.5%,50%,50%," 21,726 "," 10,863 "," 10,863 "
,SGXZ53262598,EQOSQ UV,"52,760",EQONEX LTD,#N/A N/A,,USD,, OTC US ,#N/A Field Not Applicable,#N/A,0 Million,,, 46.96 ,,," 1,747.24 ",,"5,473",,8,,,0.%,100.%,21.25%,100.%,#VALUE!,0%,0%, -   , -   , -   
,US35969L1089,YMM US,"26,167",FULL TRUCK ALLIANCE -SPN ADR,7.19,,USD,, New York ,#N/A Field Not Applicable,#N/A,"7,696 Million",,, 954.57 ,,, 49.64 ,,"7,068,855",,"47,442,064",,,22.99%,21.25%,26.5%,26.5%,37.%,60%,60%," 188,141 "," 112,884 "," 112,884 "
,KYG9005M1006,TCAH SP,"2,488,562",TRANS-CHINA AUTOMOTIVE HOLDI,0.084,,SGD,, Singapore ,#N/A Field Not Applicable,SP,36 Million,,, 589.62 ,,, #N/A N/A ,,"57,830",,"3,791",,,0.%,100.%,21.25%,100.%,100.%,0%,0%," 155,721 ", -   , -   
,US1630921096,CHGG US,"2,000",CHEGG INC,7.83,,USD,, New York ,#N/A Field Not Applicable,UN,806 Million,,, 102.95 ,,, 83.60 ,,"2,825,183",,"26,855,326",,,35.59%,52.75%,37.%,52.75%,84.25%,15%,15%," 15,660 "," 2,349 "," 2,349 "
,CNE1000029W3,1658 HK,"270,000",POSTAL SAVINGS BANK OF CHI-H,4.11,,HKD,, Hong Kong ,#N/A Field Not Applicable,#N/A,"62,260 Million",,," 19,856.17 ",,, 30.71 ,,"38,160,560",,"18,733,420",,,14.92%,21.25%,21.25%,21.25%,21.25%,75%,75%," 141,878 "," 106,409 "," 106,409 "
,US97717W8516,DXJ US,"4,000",WISDOMTREE JAPAN HEDGED EQ,105.57,,USD,, NYSE Arca ,#N/A Field Not Applicable,UP,"4,571 Million",,, 43.30 ,,, 16.99 ,,"1,023,515",,"99,638,160",,,8.55%,31.75%,21.25%,31.75%,31.75%,65%,65%," 422,280 "," 274,482 "," 274,482 "
,US0556221044,BP US,91,BP PLC-SPONS ADR,37.79,,USD,, New York ,#N/A Field Not Applicable,#N/A,"106,567 Million",,," 2,819.99 ",,, 23.99 ,,"8,615,180",,"305,520,800",,,11.86%,21.25%,21.25%,21.25%,21.25%,75%,75%," 3,439 "," 2,579 "," 2,579 "
,US36266G1076,GEHC UW,357,GE HEALTHCARE TECHNOLOGY,90.61,,USD,, NASDAQ GS ,#N/A Field Not Applicable,UW,"41,260 Million",,, 455.36 ,,, 29.02 ,,"1,278,510",,"106,015,344",,,14.16%,21.25%,21.25%,21.25%,21.25%,75%,75%," 32,348 "," 24,261 "," 24,261 "
,US3696043013,GE UN,"1,070",GENERAL ELECTRIC CO,169.91,,USD,, New York ,#N/A Field Not Applicable,UN,"185,757 Million",,," 1,093.27 ",,, 22.99 ,,"1,568,833",,"227,092,464",,,11.4%,21.25%,21.25%,21.25%,21.25%,75%,75%," 181,804 "," 136,353 "," 136,353 "
,IE00B5BMR087,CSPX LN,763,ISHARES CORE S&P 500,542.63,,USD,, London ,#N/A Field Not Applicable,#N/A,"79,751 Million",,, 147.56 ,,, 11.72 ,,"43,958",,"22,677,060",,,5.98%,21.25%,21.25%,21.25%,21.25%,75%,75%," 414,027 "," 310,520 "," 310,520 "
,IE00B53L4350,CIND LN,845,ISHARES DOW JONES INDUS AVRG,460.92,,USD,, London ,#N/A Field Not Applicable,SE,"1,130 Million",,, 2.45 ,,, 10.04 ,,"2,237",,"1,014,994",,,5.51%,31.75%,21.25%,31.75%,31.75%,65%,65%," 389,477 "," 253,160 "," 253,160 "
,US4642863926,URTH US,912,ISHARES MSCI WORLD ETF,142.17,,USD,, NYSE Arca ,#N/A Field Not Applicable,#N/A,"3,313 Million",,, 23.30 ,,, 12.31 ,,"242,210",,"32,857,624",,,6.27%,31.75%,21.25%,31.75%,31.75%,65%,65%," 129,659 "," 84,278 "," 84,278 "
,IE00B53SZB19,CNDX LN,455,ISHARES NASDAQ 100 USD ACC,1028.55,,USD,, London ,#N/A Field Not Applicable,SE,"12,741 Million",,, 12.43 ,,, 16.06 ,,"6,408",,"6,337,263",,,8.1%,21.25%,21.25%,21.25%,21.25%,75%,75%," 467,990 "," 350,993 "," 350,993 "
,TH0098010R12,SCGP-R TB,"1,000,000",SCG PACKAGING PCL-NVDR,29.75,,THB,, Bangkok ,#N/A Field Not Applicable,#N/A,"3,536 Million",,," 4,292.92 ",,, 28.98 ,,"9,048,866",,"8,049,691",,,14.15%,31.75%,21.25%,31.75%,31.75%,65%,65%," 824,899 "," 536,185 "," 536,185 "
,HK0003000038,3 HK,"40,033",HONG KONG & CHINA GAS,5.97,,HKD,, Hong Kong ,#N/A Field Not Applicable,HK,"14,019 Million",,," 18,659.87 ",,, 22.08 ,,"14,633,520",,"10,895,802",,,10.97%,21.25%,21.25%,21.25%,21.25%,75%,75%," 30,556 "," 22,917 "," 22,917 "
,US64110Y1082,NLOP UN,39,NET LEASE OFFICE PROPERTY,22.86,,USD,, New York ,#N/A Field Not Applicable,#N/A,338 Million,,, 14.79 ,,, #N/A N/A ,,"64,340",,"1,488,899",,,0.%,73.75%,21.25%,73.75%,73.75%,25%,0%, 892 , 223 , -   
,US68629Y1038,ONL UN,62,ORION OFFICE REIT INC,3.41,,USD,, New York ,#N/A Field Not Applicable,UN,190 Million,,, 55.78 ,,, 49.04 ,,"170,512",,"801,754",,,22.74%,100.%,26.5%,100.%,100.%,0%,0%, 211 , -   , -   
,US7561091049,O US,624,REALTY INCOME CORP,52.21,,USD,, New York ,#N/A Field Not Applicable,#N/A,"44,959 Million",,, 861.12 ,,, 20.04 ,,"7,237,038",,"396,819,360",,,10.01%,21.25%,21.25%,21.25%,21.25%,75%,75%," 32,579 "," 24,434 "," 24,434 "
,US85571B1052,STWD US,"2,650",STARWOOD PROPERTY TRUST INC,20.23,,USD,, New York ,#N/A Field Not Applicable,#N/A,"6,340 Million",,, 313.38 ,,, 28.86 ,,"2,237,754",,"45,617,908",,,14.09%,21.25%,21.25%,21.25%,21.25%,75%,75%," 53,610 "," 40,207 "," 40,207 "
,US92936U1097,WPC UN,586,WP CAREY INC,55.42,,USD,, New York ,#N/A Field Not Applicable,#N/A,"12,119 Million",,, 218.67 ,,, 23.33 ,,"482,792",,"29,188,532",,,11.55%,21.25%,21.25%,21.25%,21.25%,75%,75%," 32,476 "," 24,357 "," 24,357 "
,US5502411037,LUMN US,"45,346",LUMEN TECHNOLOGIES INC,1.61,,USD,, New York ,#N/A Field Not Applicable,UN,"1,626 Million",,," 1,009.76 ",,, 88.46 ,,"13,732,635",,"21,539,150",,,37.22%,31.75%,42.25%,42.25%,52.75%,45%,45%," 73,007 "," 32,853 "," 32,853 "
,CA05156V1022,AUPH US,"15,000",AURINIA PHARMACEUTICALS INC,5.09,,USD,, NASDAQ GM ,#N/A Field Not Applicable,UQ,736 Million,,, 144.62 ,,, 60.79 ,,"2,470,024",,"17,627,100",,,27.38%,52.75%,31.75%,52.75%,84.25%,15%,15%," 76,350 "," 11,453 "," 11,453 "
,ID1000098304,ENRG IJ,"1,000,000",ENERGI MEGA PERSADA TBK PT,222,,IDR,, Indonesia ,#N/A Field Not Applicable,IJ,358 Million,,," 24,821.23 ",,, 47.64 ,,"34,487,640",,"484,349",,,22.17%,73.75%,26.5%,73.75%,100.%,0%,0%," 14,127 ", -   , -   
,ID1000188808,RAAM IJ,"3,000,000",TRIPAR MULTIVISION PLUS TBK,478,,IDR,, Indonesia ,#N/A Field Not Applicable,IJ,190 Million,,," 6,194.20 ",,, 90.84 ,,"4,661,992",,"173,966",,,42.36%,100.%,47.5%,100.%,100.%,0%,0%," 91,250 ", -   , -   
,US16679L1098,CHWY US,"19,186",CHEWY INC - CLASS A,16.84,,USD,, New York ,#N/A Field Not Applicable,UN,"7,479 Million",,, 132.91 ,,, 53.04 ,,"8,527,509",,"165,337,312",,,24.35%,21.25%,26.5%,26.5%,26.5%,70%,70%," 323,092 "," 226,165 "," 226,165 "
,US21077C3051,WISH UW,77,CONTEXTLOGIC INC - A,5.97,,USD,, NASDAQ GS ,#N/A Field Not Applicable,UW,146 Million,,, 24.40 ,,, 96.06 ,,"274,113",,"1,627,592",,,39.68%,100.%,42.25%,100.%,100.%,0%,0%, 460 , -   , -   
,US2561631068,DOCU US,"14,420",DOCUSIGN INC,58.12,,USD,, NASDAQ GS ,#N/A Field Not Applicable,UW,"11,853 Million",,, 203.93 ,,, 46.60 ,,"4,050,472",,"231,916,208",,,21.75%,21.25%,26.5%,26.5%,26.5%,70%,70%," 838,090 "," 586,663 "," 586,663 "
,US2787681061,SATS UW,"25,614",ECHOSTAR CORP-A,12.7,,USD,, NASDAQ GS ,#N/A Field Not Applicable,#N/A,"3,448 Million",,, 140.17 ,,, 70.25 ,,"977,280",,"14,504,965",,,30.9%,31.75%,31.75%,31.75%,31.75%,65%,65%," 325,298 "," 211,444 "," 211,444 "
,US3825501014,GT US,208,GOODYEAR TIRE & RUBBER CO,12.45,,USD,, NASDAQ GS ,#N/A Field Not Applicable,UW,"3,538 Million",,, 284.15 ,,, 47.37 ,,"4,007,096",,"52,408,296",,,22.06%,31.75%,26.5%,31.75%,31.75%,65%,65%," 2,590 "," 1,683 "," 1,683 "
,US49271V1008,KDP UW,"2,840",KEURIG DR PEPPER INC,29.51,,USD,, NASDAQ GS ,#N/A Field Not Applicable,UW,"40,948 Million",,," 1,387.59 ",,, 18.93 ,,"3,407,791",,"104,603,304",,,9.48%,21.25%,21.25%,21.25%,21.25%,75%,75%," 83,808 "," 62,856 "," 62,856 "
,US57667L1070,MTCH US,"3,600",MATCH GROUP INC,35.13,,USD,, NASDAQ GS ,#N/A Field Not Applicable,UW,"9,415 Million",,, 268.01 ,,, 41.33 ,,"5,950,816",,"214,955,296",,,19.54%,21.25%,21.25%,21.25%,21.25%,75%,75%," 126,468 "," 94,851 "," 94,851 "
,US74347X8314,TQQQ UQ,"50,000",PROSHARES ULTRAPRO QQQ,59.39,,USD,, NASDAQ GM ,#N/A Field Not Applicable,UQ,"20,994 Million",,, 353.50 ,,, 50.04 ,,"11,104,061",,"618,060,864",,,23.15%,21.25%,26.5%,26.5%,26.5%,70%,70%," 2,969,500 "," 2,078,650 "," 2,078,650 "
,US3160927097,FIDU UP,900,FIDELITY INDUSTRIALS ETF,65.41,,USD,, NYSE Arca ,#N/A Field Not Applicable,UP,"1,004 Million",,, 15.35 ,,, 15.12 ,,"9,011",,"564,408",,,7.65%,31.75%,21.25%,31.75%,31.75%,65%,65%," 58,869 "," 38,265 "," 38,265 "
,US92204A4058,VFH US,600,VANGUARD FINANCIALS ETF,99.34,,USD,, NYSE Arca ,#N/A Field Not Applicable,UP,"9,171 Million",,, 92.32 ,,, 16.91 ,,"596,548",,"56,259,524",,,8.51%,21.25%,21.25%,21.25%,21.25%,75%,75%," 59,604 "," 44,703 "," 44,703 "
,IE00BJGWQN72,WCLD LN,220,WT CLOUD COMPUTING USD ACC,33.6825,,USD,, London ,#N/A Field Not Applicable,LN,358 Million,,, 10.59 ,,, 28.97 ,,"9,994",,"342,946",,,14.14%,73.75%,21.25%,73.75%,73.75%,25%,25%," 7,410 "," 1,853 "," 1,853 "
,JP3174190003,3182 JT,"54,000",OISIX RA DAICHI INC,1347,,JPY,, Tokyo ,Tokyo Prime,,369 Million,,, 38.03 ,,, 42.53 ,,"308,745",,"2,997,359",,,20.27%,73.75%,21.25%,73.75%,73.75%,25%,25%," 483,695 "," 120,924 "," 120,924 "
,JP3884600002,5261 JT,"1,000",RESOL HOLDINGS CO LTD,5650,,JPY,, Tokyo ,Tokyo Prime,,227 Million,,, 5.56 ,,, 17.90 ,,"9,107",,"382,272",,,8.99%,94.75%,21.25%,94.75%,94.75%,5%,5%," 37,571 "," 1,879 "," 1,879 "
,AU000000AGL7,AGL AT,"2,500",AGL ENERGY LTD,8.78,,AUD,, ASE ,#N/A Field Not Applicable,AT,"4,060 Million",,, 672.75 ,,, 27.32 ,,"2,697,564",,"15,895,261",,,13.39%,31.75%,21.25%,31.75%,31.75%,65%,65%," 14,301 "," 9,295 "," 9,295 "
,FR0014008VX5,EAPI FP,36,EUROAPI SASU,2.619,,EUR,, EN Paris ,#N/A Field Not Applicable,FP,256 Million,,, 95.05 ,,, 115.12 ,,"578,448",,"2,807,738",,,45.44%,84.25%,47.5%,84.25%,100.%,0%,0%, 102 , -   , -   
,FR0000120578,SAN FP,830,SANOFI,88,,EUR,, EN Paris ,#N/A Field Not Applicable,FP,"115,024 Million",,," 1,264.89 ",,, 28.30 ,,"1,296,276",,"121,087,734",,,13.84%,21.25%,21.25%,21.25%,21.25%,75%,75%," 79,245 "," 59,434 "," 59,434 "
,LU1598757687,MT NA,"35,828",ARCELORMITTAL,24.37,,EUR,, EN Amsterdam ,#N/A Field Not Applicable,NA,"21,307 Million",,, 852.81 ,,, 28.03 ,,"2,252,953",,"58,430,198",,,13.71%,21.25%,21.25%,21.25%,21.25%,75%,75%," 947,302 "," 710,477 "," 710,477 "
,JP3942400007,4503 JP,"37,570",ASTELLAS PHARMA INC,1636,,JPY,, Tokyo ,Tokyo Prime,,"21,407 Million",,," 1,809.66 ",,, 23.93 ,,"8,333,702",,"99,936,993",,,11.83%,21.25%,21.25%,21.25%,21.25%,75%,75%," 408,728 "," 306,546 "," 306,546 "
,US12769G1004,CZR UW,"6,201",CAESARS ENTERTAINMENT INC,39.83,,USD,, NASDAQ GS ,#N/A Field Not Applicable,UW,"8,615 Million",,, 216.30 ,,, 43.85 ,,"1,023,060",,"44,763,736",,,20.6%,21.25%,21.25%,21.25%,21.25%,75%,75%," 246,986 "," 185,239 "," 185,239 "
,GB0007099541,PRU LN,"19,000",PRUDENTIAL PLC,788.2,,GBp,, London ,#N/A Field Not Applicable,LN,"25,941 Million",,," 2,749.67 ",,, 33.71 ,,"4,148,473",,"40,864,776",,,16.26%,21.25%,21.25%,21.25%,21.25%,75%,75%," 190,072 "," 142,554 "," 142,554 "
,BE0974320526,UMI BB,"30,140",UMICORE,20.67,,EUR,, EN Brussels ,#N/A Field Not Applicable,BB,"5,271 Million",,, 246.40 ,,, 31.13 ,,"427,076",,"9,427,906",,,15.11%,21.25%,21.25%,21.25%,21.25%,75%,75%," 675,918 "," 506,939 "," 506,939 "
,US9311421039,WMT US,"5,517",WALMART INC,60.86,,USD,, New York ,#N/A Field Not Applicable,UN,"490,413 Million",,," 8,058.05 ",,, 15.54 ,,"21,256,124",,"1,195,910,784",,,7.85%,21.25%,21.25%,21.25%,21.25%,75%,75%," 335,765 "," 251,823 "," 251,823 "
,JP3102000001,7259 JP,580,AISIN CORP,5750,,JPY,, Tokyo ,Tokyo Prime,,"12,577 Million",,, 294.67 ,,, 31.10 ,,"870,048",,"33,668,662",,,15.1%,21.25%,21.25%,21.25%,21.25%,75%,75%," 22,177 "," 16,633 "," 16,633 "
,JP3298400007,3349 JP,500,COSMOS PHARMACEUTICAL CORP,14235,,JPY,, Tokyo ,Tokyo Prime,,"4,097 Million",,, 40.00 ,,, 26.58 ,,"170,150",,"18,682,060",,,13.05%,31.75%,21.25%,31.75%,31.75%,65%,65%," 47,330 "," 30,765 "," 30,765 "
,JP3385890003,3769 JP,310,GMO PAYMENT GATEWAY INC,9940,,JPY,, Tokyo ,Tokyo Prime,,"5,457 Million",,, 76.56 ,,, 41.71 ,,"443,055",,"29,817,724",,,19.71%,21.25%,21.25%,21.25%,21.25%,75%,75%," 20,491 "," 15,368 "," 15,368 "
,JP3667600005,1963 JP,"2,800",JGC HOLDINGS CORP,1500.5,,JPY,, Tokyo ,Tokyo Prime,,"2,765 Million",,, 259.48 ,,, 35.28 ,,"2,227,848",,"23,996,257",,,16.94%,31.75%,21.25%,31.75%,31.75%,65%,65%," 27,939 "," 18,160 "," 18,160 "
,JP3040170007,1615 JP,"32,200",NF TOPIX BANKS ETF,320.9,,JPY,, Tokyo ,Tokyo Investment Trust,,"1,118 Million",,, 485.61 ,,, 26.29 ,,"4,833,964",,"10,329,650",,,12.92%,31.75%,21.25%,31.75%,31.75%,65%,65%," 68,712 "," 44,663 "," 44,663 "
,JP3046610006,1622 JT,363,NF TPX-17 AUTO & TRANS EQUIP,36460,,JPY,, Tokyo ,Tokyo Investment Trust,,14 Million,,, 0.05 ,,, 23.56 ,,770,,"185,231",,,12.76%,100.%,21.25%,100.%,100.%,0%,0%," 88,010 ", -   , -   
,JP3046680009,1629 JT,124,NF TPX-17 COMML&WHSLE TRADE,85300,,JPY,, Tokyo ,Tokyo Investment Trust,,36 Million,,, 0.06 ,,, 22.90 ,,"1,025",,"584,203",,,11.37%,100.%,21.25%,100.%,100.%,0%,0%," 70,336 ", -   , -   
,JP3046640003,1625 JT,671,NF TPX-17 ELECTRIC APPLIANCE,37660,,JPY,, Tokyo ,Tokyo Investment Trust,,33 Million,,, 0.12 ,,, 19.10 ,,"1,009",,"256,153",,,11.02%,100.%,21.25%,100.%,100.%,0%,0%," 168,040 ", -   , -   
,JP3046710004,1632 JT,200,NF TPX-17 FINANCIALS EX BANK,25010,,JPY,, Tokyo ,Tokyo Investment Trust,,40 Million,,, 0.22 ,,, 21.11 ,,844,,"135,148",,,10.8%,100.%,21.25%,100.%,100.%,0%,0%," 33,262 ", -   , -   
,JP3046560003,1617 JT,103,NF TPX-17 FOODS,37450,,JPY,, Tokyo ,Tokyo Investment Trust,,17 Million,,, 0.06 ,,, 13.05 ,,205,,"53,564",,,7.35%,100.%,21.25%,100.%,100.%,0%,0%," 25,651 ", -   , -   
,JP3046650002,1626 JT,562,NF TPX-17 IT & SERVICES OTHS,34290,,JPY,, Tokyo ,Tokyo Investment Trust,,23 Million,,, 0.09 ,,, 13.11 ,,220,,"52,941",,,10.67%,100.%,21.25%,100.%,100.%,0%,0%," 128,149 ", -   , -   
,JP3046600007,1621 JT,179,NF TPX-17 PHARMACEUTICAL ETF,28500,,JPY,, Tokyo ,Tokyo Investment Trust,,18 Million,,, 0.09 ,,, 17.89 ,,538,,"105,775",,,9.48%,100.%,21.25%,100.%,100.%,0%,0%," 33,924 ", -   , -   
,JP3046670000,1628 JT,240,NF TPX-17 TRANS & LOGISTICS,19275,,JPY,, Tokyo ,Tokyo Investment Trust,,14 Million,,, 0.10 ,,, 14.57 ,,628,,"86,482",,,7.9%,100.%,21.25%,100.%,100.%,0%,0%," 30,762 ", -   , -   
,JP3743000006,2282 JP,730,NH FOODS LTD,5285,,JPY,, Tokyo ,Tokyo Prime,,"3,900 Million",,, 102.96 ,,, 17.33 ,,"446,457",,"16,195,366",,,8.72%,31.75%,21.25%,31.75%,31.75%,65%,65%," 25,655 "," 16,676 "," 16,676 "
,JP3676800000,2002 JP,"1,600",NISSHIN SEIFUN GROUP INC,2166.5,,JPY,, Tokyo ,Tokyo Prime,,"4,811 Million",,, 304.36 ,,, 24.77 ,,"1,036,958",,"15,246,548",,,12.22%,31.75%,21.25%,31.75%,31.75%,65%,65%," 23,051 "," 14,983 "," 14,983 "
,JP3762800005,4307 JP,750,NOMURA RESEARCH INSTITUTE LT,4182,,JPY,, Tokyo ,Tokyo Prime,,"17,899 Million",,, 594.17 ,,, 26.95 ,,"1,322,475",,"40,297,564",,,13.22%,21.25%,21.25%,21.25%,21.25%,75%,75%," 20,857 "," 15,643 "," 15,643 "
,JP3357200009,7701 JP,800,SHIMADZU CORP,4366,,JPY,, Tokyo ,Tokyo Prime,,"9,425 Million",,, 296.07 ,,, 21.72 ,,"650,768",,"18,925,957",,,10.8%,21.25%,21.25%,21.25%,21.25%,75%,75%," 23,226 "," 17,420 "," 17,420 "
,JP3162600005,6273 JP,33,SMC CORP,88790,,JPY,, Tokyo ,Tokyo Prime,,"43,101 Million",,, 67.37 ,,, 27.90 ,,"240,197",,"143,348,014",,,13.65%,21.25%,21.25%,21.25%,21.25%,75%,75%," 19,484 "," 14,613 "," 14,613 "
,US1347481020,CAN UQ,"46,263",CANAAN INC,1.3,,USD,, NASDAQ GM ,#N/A Field Not Applicable,#N/A,320 Million,,, 225.66 ,,, 106.47 ,,"4,806,090",,"9,895,139",,,42.89%,73.75%,47.5%,73.75%,100.%,0%,0%," 60,142 ", -   , -   
,US3159481098,FBTC US,"102,205",FIDELITY WISE ORIGIN BITCOIN,58.53,,USD,, Cboe BZX ,#N/A Field Not Applicable,#N/A,"9,028 Million",,, 154.25 ,,, #N/A N/A ,,#N/A N/A,,,,,0.%,21.25%,21.25%,21.25%,21.25%,0%,0%," 5,982,059 ", -   , -   
,NL0012969182,ADYEN NA,12,ADYEN NV,1443.8,,EUR,, EN Amsterdam ,#N/A Field Not Applicable,NA,"46,027 Million",,, 31.03 ,,, 71.08 ,,"76,749",,"104,827,755",,,31.21%,21.25%,31.75%,31.75%,31.75%,65%,65%," 18,797 "," 12,218 "," 12,218 "
,US04634X2027,ASTR UR,100,ASTRA SPACE INC,0.53,,USD,, NASDAQ CM ,#N/A Field Not Applicable,UR,12 Million,,, 19.00 ,,, 143.47 ,,"93,049",,"147,132",,,53.%,100.%,58.%,100.%,100.%,0%,0%, 53 , -   , -   
,KYG2162W1024,3669 HK,"36,000",CHINA YONGDA AUTOMOBILES SER,2.6,,HKD,, Hong Kong ,#N/A Field Not Applicable,HK,627 Million,,," 1,927.57 ",,, 48.97 ,,"5,978,228",,"1,789,243",,,22.72%,52.75%,26.5%,52.75%,52.75%,45%,45%," 11,967 "," 5,385 "," 5,385 "
,US20717M1036,CFLT US,357,CONFLUENT INC-CLASS A,31.53,,USD,, NASDAQ GS ,#N/A Field Not Applicable,UW,"9,857 Million",,, 225.86 ,,, 85.10 ,,"5,379,059",,"152,290,112",,,36.1%,21.25%,37.%,37.%,37.%,60%,60%," 11,256 "," 6,754 "," 6,754 "
,US23292B1044,HEPS US,"3,699",D-MARKET ELECTRONIC SERV-ADR,1.64,,USD,, NASDAQ GS ,#N/A Field Not Applicable,#N/A,535 Million,,, 286.00 ,,, 68.86 ,,"383,644",,"621,545",,,30.4%,52.75%,31.75%,52.75%,84.25%,15%,15%," 6,066 ", 910 , 910 
,US30052F1003,EVGO US,"1,200",EVGO INC,2.41,,USD,, NASDAQ GS ,#N/A Field Not Applicable,UW,727 Million,,, 105.72 ,,, 85.32 ,,"2,831,586",,"7,835,989",,,36.17%,52.75%,37.%,52.75%,84.25%,15%,15%," 2,892 ", 434 , 434 
,US62548M1009,MPLN US,"2,700",MULTIPLAN CORP,0.6754,,USD,, New York ,#N/A Field Not Applicable,UN,443 Million,,, 655.75 ,,, 81.73 ,,"1,386,979",,"1,519,382",,,34.96%,63.25%,37.%,63.25%,94.75%,5%,5%," 1,824 ", 91 , 91 
,US10920V4041,NEUE UN,38,NEUEHEALTH INC,7.3,,USD,, New York ,#N/A Field Not Applicable,UN,59 Million,,, 8.05 ,,, 141.96 ,,"7,377",,"67,436",,,52.62%,100.%,52.75%,100.%,100.%,0%,0%, 277 , -   , -   
,US68989M2026,OUST UN,181,OUSTER INC,4.88,,USD,, New York ,#N/A Field Not Applicable,UN,199 Million,,, 40.69 ,,, 100.17 ,,"172,924",,"1,055,003",,,40.97%,100.%,42.25%,100.%,100.%,0%,0%, 883 , -   , -   
,GB0006776081,PSON LN,69,PEARSON PLC,1017.5,,GBp,, London ,#N/A Field Not Applicable,LN,"8,404 Million",,, 685.08 ,,, 26.03 ,,"1,367,603",,"16,094,426",,,12.8%,21.25%,21.25%,21.25%,21.25%,75%,75%, 891 , 668 , 668 
,US4642887784,IAT UP,"4,000",ISHARES US REGIONAL BANKS ET,40.65,,USD,, NYSE Arca ,#N/A Field Not Applicable,#N/A,608 Million,,, 14.95 ,,, 38.07 ,,"73,700",,"3,006,146",,,18.16%,52.75%,21.25%,52.75%,52.75%,45%,45%," 162,600 "," 73,170 "," 73,170 "
,KYG6180F1081,9896 HK,"30,000",MINISO GROUP HOLDING LTD,39.7,,HKD,, Hong Kong ,#N/A Field Not Applicable,HK,"6,461 Million",,," 1,263.69 ",,, 59.62 ,,"3,415,675",,"16,447,795",,,26.93%,21.25%,31.75%,31.75%,31.75%,65%,65%," 152,273 "," 98,977 "," 98,977 "
,US7707001027,HOOD US,"6,000",ROBINHOOD MARKETS INC - A,18.21,,USD,, NASDAQ GS ,#N/A Field Not Applicable,UW,"15,926 Million",,, 748.13 ,,, 48.32 ,,"15,652,033",,"216,868,080",,,22.45%,21.25%,26.5%,26.5%,26.5%,70%,70%," 109,260 "," 76,482 "," 76,482 "
,US81369Y4070,XLY US,"1,192",CONSUMER DISCRETIONARY SELT,179.02,,USD,, NYSE Arca ,#N/A Field Not Applicable,UP,"19,469 Million",,, 108.75 ,,, 18.51 ,,"4,704,998",,"834,645,440",,,9.28%,21.25%,21.25%,21.25%,21.25%,75%,75%," 213,392 "," 160,044 "," 160,044 "
,LU1778762911,SPOT US,"1,320",SPOTIFY TECHNOLOGY SA,254.15,,USD,, New York ,#N/A Field Not Applicable,UN,"50,405 Million",,, 198.33 ,,, 36.18 ,,"1,860,036",,"422,572,864",,,17.34%,21.25%,21.25%,21.25%,21.25%,75%,75%," 335,478 "," 251,609 "," 251,609 "
,KYG960071028,288 HK,"59,500",WH GROUP LTD,5.2,,HKD,, Hong Kong ,#N/A Field Not Applicable,HK,"8,490 Million",,," 12,830.22 ",,, 25.02 ,,"22,121,710",,"13,922,633",,,12.34%,21.25%,21.25%,21.25%,21.25%,75%,75%," 39,558 "," 29,668 "," 29,668 "
,US02072L3006,IMOM UQ,"19,300",ALPHA INTL QUANT MOM ETF,28.79,,USD,, NASDAQ GM ,#N/A Field Not Applicable,#N/A,86 Million,,, 2.98 ,,, #N/A N/A ,,"2,073",,"58,057",,,0.%,100.%,21.25%,100.%,100.%,0%,0%," 555,647 ", -   , -   
,US02072L4095,QMOM UQ,"10,670",ALPHA US QUANT MOM ETF,56.93,,USD,, NASDAQ GM ,#N/A Field Not Applicable,#N/A,198 Million,,, 3.47 ,,, #N/A N/A ,,"1,341",,"72,708",,,0.%,100.%,21.25%,100.%,100.%,0%,0%," 607,443 ", -   , -   
,US0250728021,AVDV UP,"8,700",AVANTIS INTL S/C VALUE ETF,64.23,,USD,, NYSE Arca ,#N/A Field Not Applicable,#N/A,"5,465 Million",,, 85.08 ,,, 14.96 ,,"27,161",,"1,680,620",,,7.96%,21.25%,21.25%,21.25%,21.25%,75%,75%," 558,801 "," 419,101 "," 419,101 "
,US9229086114,VBR US,"2,724",VANGUARD SMALL-CAP VALUE ETF,183.77,,USD,, NYSE Arca ,#N/A Field Not Applicable,#N/A,"28,174 Million",,, 153.31 ,,, 18.57 ,,"600,402",,"107,333,696",,,9.31%,21.25%,21.25%,21.25%,21.25%,75%,75%," 500,589 "," 375,442 "," 375,442 "
,US9220427424,VT US,"5,000",VANGUARD TOT WORLD STK ETF,108.54,,USD,, NYSE Arca ,#N/A Field Not Applicable,#N/A,"35,201 Million",,, 324.31 ,,, 12.27 ,,"2,018,148",,"210,318,208",,,6.25%,21.25%,21.25%,21.25%,21.25%,75%,75%," 542,700 "," 407,025 "," 407,025 "
,TH0084010Z12,FBCB/F TB,"140,600",FIRST BANGKOK CITY BANK-FOR,#N/A N/A,,THB,, #N/A Field Not Applicable ,#N/A Field Not Applicable,#N/A,,,, #N/A N/A ,,, #N/A N/A ,,#N/A N/A,,,,,0.%,21.25%,21.25%,21.25%,#VALUE!,0%,0%, -   , -   , -   
,MYL6335OO003,FVD MK,"200,200",FOUNTAIN VIEW DEVELOPMENT,#N/A N/A,,MYR,, #N/A Field Not Applicable ,#N/A Field Not Applicable,#N/A,,,, #N/A N/A ,,, #N/A N/A ,,#N/A N/A,,,,,0.%,21.25%,21.25%,21.25%,#VALUE!,0%,0%, -   , -   , -   
,SG1U76934819,YZJSGD SP,"10,000",YANGZIJIANG SHIPBUILDING,1.71,,SGD,, Singapore ,#N/A Field Not Applicable,SP,"5,251 Million",,," 3,950.59 ",,, 28.93 ,,"19,499,540",,"23,551,060",,,14.12%,21.25%,21.25%,21.25%,21.25%,75%,75%," 12,738 "," 9,554 "," 9,554 "
,GB00B15KYL00,AIGG LN,"10,000",WT GRAINS,3.8265,,USD,, London ,#N/A Field Not Applicable,LN,19 Million,,, 5.03 ,,, 19.84 ,,"6,568",,"26,112",,,13.57%,100.%,21.25%,100.%,100.%,0%,0%," 38,265 ", -   , -   
,JP3386010007,3779 JP,100,J ESCOM HOLDINGS INC,155,,JPY,, Tokyo ,Tokyo Standard,,13 Million,,, 11.57 ,,, 93.23 ,,"487,103",,"784,433",,,38.78%,100.%,42.25%,100.%,100.%,0%,0%, 103 , -   , -   
,US58468P2065,4875 JP,"2,000",MEDICINOVA INC,207,,JPY,, Tokyo ,Tokyo Foreign Standard,,74 Million,,, 49.05 ,,, 42.38 ,,"101,183",,"151,578",,,19.99%,100.%,21.25%,100.%,100.%,0%,0%," 2,753 ", -   , -   
,JP3297300000,9820 JP,100,MT GENEX CORP,2830,,JPY,, Tokyo ,Tokyo Standard,,22 Million,,, 1.08 ,,, 24.49 ,,"1,898",,"36,805",,,12.09%,100.%,21.25%,100.%,100.%,0%,0%," 1,882 ", -   , -   
,JP3167430002,7806 JP,100,MTG CO LTD,1602,,JPY,, Tokyo ,Tokyo Growth,,460 Million,,, 40.10 ,,, 26.54 ,,"43,478",,"470,732",,,13.04%,63.25%,21.25%,63.25%,63.25%,0%,0%," 1,065 ", -   , -   
,JP3336750009,4592 JP,500,SANBIO CO LTD,740,,JPY,, Tokyo ,Tokyo Growth,,291 Million,,, 68.63 ,,, 73.10 ,,"1,821,593",,"8,943,250",,,31.93%,84.25%,37.%,84.25%,84.25%,0%,0%," 2,460 ", -   , -   
,FR0000120628,CS FP,"5,000",AXA SA,34.235,,EUR,, EN Paris ,#N/A Field Not Applicable,FP,"81,457 Million",,," 2,270.35 ",,, 18.88 ,,"2,892,116",,"94,151,206",,,9.46%,21.25%,21.25%,21.25%,21.25%,75%,75%," 185,717 "," 139,287 "," 139,287 "
,JP3386690006,4483 JP,"3,000",JMDC INC,3575,,JPY,, Tokyo ,Tokyo Prime,,"1,676 Million",,, 65.33 ,,, 45.54 ,,"318,498",,"8,721,546",,,21.31%,31.75%,26.5%,31.75%,31.75%,65%,65%," 71,319 "," 46,358 "," 46,358 "
,JP3890310000,8725 JP,"2,000",MS&AD INSURANCE GROUP HOLDIN,7739,,JPY,, Tokyo ,Tokyo Prime,,"29,871 Million",,, 536.07 ,,, 28.71 ,,"1,999,858",,"97,371,650",,,14.02%,21.25%,21.25%,21.25%,21.25%,75%,75%," 102,926 "," 77,194 "," 77,194 "
,JP3635000007,8015 JT,"1,500",TOYOTA TSUSHO CORP,9780,,JPY,, Tokyo ,Tokyo Prime,,"25,437 Million",,, 354.06 ,,, 30.78 ,,"893,120",,"59,837,100",,,14.95%,21.25%,21.25%,21.25%,21.25%,75%,75%," 97,553 "," 73,165 "," 73,165 "
,CA0641491075,BNS CN,"3,000",BANK OF NOVA SCOTIA,67.28,,CAD,, Toronto ,#N/A Field Not Applicable,CT,"61,454 Million",,," 1,222.13 ",,, 17.64 ,,"6,141,302",,"293,568,386",,,8.87%,21.25%,21.25%,21.25%,#N/A,0%,0%," 148,707 ", -   , -   
,CA1130041058,BAM UN,"1,500",BROOKFIELD ASSET MGMT-A,40.55,,USD,, New York ,#N/A Field Not Applicable,CT,"16,749 Million",,, 413.03 ,,, 27.17 ,,"324,297",,"13,000,734",,,13.32%,21.25%,21.25%,21.25%,21.25%,75%,75%," 60,825 "," 45,619 "," 45,619 "
,BMG162502048,BNRE/A CT,"6,000",BROOKFIELD REINSURANCE NVS,55.4,,CAD,, Toronto ,#N/A Field Not Applicable,CT,"1,795 Million",,, 26.94 ,,, #N/A N/A ,,"2,383",,"99,397",,,0.%,31.75%,21.25%,31.75%,#N/A,0%,0%," 244,898 ", -   , -   
,HK2778034606,2778 HK,"1,705,000",CHAMPION REIT,1.65,,HKD,, Hong Kong ,#N/A Field Not Applicable,#N/A,"1,223 Million",,," 6,049.47 ",,, 37.14 ,,"4,421,780",,"975,091",,,18.94%,31.75%,21.25%,31.75%,31.75%,65%,65%," 359,682 "," 233,793 "," 233,793 "
,BMG2581C1091,497 HK,"6,970,000",CSI PROPERTIES LTD,0.101,,HKD,, Hong Kong ,#N/A Field Not Applicable,HK,118 Million,,," 9,209.79 ",,, 49.46 ,,"3,132,582",,"37,669",,,33.32%,100.%,37.%,100.%,100.%,0%,0%," 90,004 ", -   , -   
,IT0005383291,9638 HK,"23,500",FERRETTI SPA,27,,HKD,, Hong Kong ,#N/A Field Not Applicable,HK,"1,133 Million",,, 338.48 ,,, 25.25 ,,"310,931",,"1,067,252",,,12.44%,31.75%,21.25%,31.75%,31.75%,65%,65%," 81,123 "," 52,730 "," 52,730 "
,BMG5321P1169,173 HK,"104,000",K WAH INTL HOLDINGS,2.04,,HKD,, Hong Kong ,#N/A Field Not Applicable,HK,806 Million,,," 3,132.90 ",,, 23.13 ,,"912,842",,"228,466",,,11.47%,52.75%,21.25%,52.75%,52.75%,45%,45%," 27,125 "," 12,206 "," 12,206 "
,BMG524181036,636 HK,"132,500",KERRY LOGISTICS NETWORK LTD,8.8,,HKD,, Hong Kong ,#N/A Field Not Applicable,HK,"2,008 Million",,," 1,807.43 ",,, 49.43 ,,"739,410",,"839,955",,,23.16%,31.75%,26.5%,31.75%,31.75%,65%,65%," 149,076 "," 96,900 "," 96,900 "
,HK0000356821,488 HK,"42,000",LAI SUN DEVELOPMENT,0.65,,HKD,, Hong Kong ,#N/A Field Not Applicable,HK,119 Million,,," 1,453.33 ",,, 53.91 ,,"218,296",,"19,419",,,25.05%,100.%,26.5%,100.%,100.%,0%,0%," 3,490 ", -   , -   
,HK0000150521,1270 HK,"2,520,000",LANGHAM HOSPITALITY INV -SS,0.63,,HKD,, Hong Kong ,#N/A Field Not Applicable,HK,259 Million,,," 3,318.87 ",,, 31.70 ,,"548,505",,"44,296",,,28.55%,84.25%,31.75%,84.25%,84.25%,15%,0%," 202,979 "," 30,447 ", -   
,HK0000526258,9173 HK,"101,500",PREMIA CSI CAIXIN CHINA -USD,0.888,,USD,, Hong Kong ,#N/A Field Not Applicable,HK,97 Million,,, 111.00 ,,, 20.73 ,,"35,148",,"29,294",,,16.96%,100.%,21.25%,100.%,100.%,0%,0%," 90,132 ", -   , -   
,BMG760581097,1098 HK,"135,000",ROAD KING INFRASTRUCTURE LTD,1.34,,HKD,, Hong Kong ,#N/A Field Not Applicable,HK,126 Million,,, 749.34 ,,, 46.93 ,,"178,643",,"31,672",,,25.41%,100.%,26.5%,100.%,100.%,0%,0%," 23,129 ", -   , -   
,HK0083000502,83 HK,193,SINO LAND CO,8.2,,HKD,, Hong Kong ,#N/A Field Not Applicable,HK,"8,844 Million",,," 8,531.45 ",,, 24.44 ,,"5,654,004",,"5,961,863",,,12.07%,21.25%,21.25%,21.25%,21.25%,75%,75%, 202 , 152 , 152 
,BMG942051043,610 HK,"38,000",WAI KEE HOLDINGS LTD,0.91,,HKD,, Hong Kong ,#N/A Field Not Applicable,HK,92 Million,,, 793.12 ,,, 32.88 ,,"68,807",,"8,225",,,17.71%,100.%,21.25%,100.%,100.%,0%,0%," 4,421 ", -   , -   
,SG1Q03920366,HOSEN SP,"3,000,000",HOSEN GROUP LTD,0.04,,SGD,, Singapore ,#N/A Field Not Applicable,SP,9 Million,,, 324.90 ,,, #N/A N/A ,,"66,549",,"1,976",,,0.%,100.%,21.25%,100.%,100.%,0%,0%," 89,392 ", -   , -   
,SG1T28930090,SING SP,"1,500,000",SING HOLDINGS LIMITED,0.34,,SGD,, Singapore ,#N/A Field Not Applicable,SP,99 Million,,, 400.99 ,,, 42.58 ,,"8,302",,"1,928",,,90.12%,100.%,94.75%,100.%,100.%,0%,0%," 379,917 ", -   , -   
,JP3947800003,2270 JP,"10,000",MEGMILK SNOW BRAND CO LTD,2619,,JPY,, Tokyo ,Tokyo Prime,,"1,362 Million",,, 70.75 ,,, 25.61 ,,"234,790",,"3,913,757",,,12.61%,31.75%,21.25%,31.75%,31.75%,65%,65%," 174,159 "," 113,203 "," 113,203 "
,JP3897700005,4188 JP,"110,070",MITSUBISHI CHEMICAL GROUP CO,914.9,,JPY,, Tokyo ,Tokyo Prime,,"10,052 Million",,," 1,506.29 ",,, 23.24 ,,"6,301,050",,"39,646,943",,,11.51%,21.25%,21.25%,21.25%,21.25%,75%,75%," 669,657 "," 502,243 "," 502,243 "
,JP3545600003,1815 JP,"91,728",TEKKEN CORP,2573,,JPY,, Tokyo ,Tokyo Prime,,290 Million,,, 15.67 ,,, 22.35 ,,"55,628",,"913,674",,,15.45%,84.25%,21.25%,84.25%,84.25%,15%,5%," 1,569,465 "," 235,420 "," 78,473 "
,JP3573000001,9531 JP,"61,800",TOKYO GAS CO LTD,3549,,JPY,, Tokyo ,Tokyo Prime,,"10,211 Million",,, 400.45 ,,, 25.99 ,,"1,542,398",,"37,101,272",,,12.78%,21.25%,21.25%,21.25%,21.25%,75%,75%," 1,458,493 "," 1,093,870 "," 1,093,870 "
,BMG9833W1221,346 HK,"1,130,000",YANCHANG PETROLEUM INTERNATI,0.465,,HKD,, Hong Kong ,#N/A Field Not Applicable,HK,62 Million,,," 1,100.10 ",,, 68.99 ,,"171,680",,"9,422",,,56.61%,100.%,58.%,100.%,100.%,0%,0%," 67,180 ", -   , -   
,JP3305940003,146A JT,500,COLUMBIA WORKS INC,#N/A N/A,,JPY,, Tokyo ,#N/A Field Not Applicable,,,,, #N/A N/A ,,, #N/A N/A ,,#N/A N/A,,,,,0.%,21.25%,21.25%,21.25%,#VALUE!,0%,0%, -   , -   , -   
,US29446M1027,EQNR US,"4,000",EQUINOR ASA-SPON ADR,26.63,,USD,, New York ,#N/A Field Not Applicable,#N/A,"79,973 Million",,," 3,003.11 ",,, 31.28 ,,"3,417,974",,"93,939,184",,,15.18%,21.25%,21.25%,21.25%,21.25%,75%,75%," 106,520 "," 79,890 "," 79,890 "
,US0138721065,AA UN,"5,311",ALCOA CORP,31.03,,USD,, New York ,#N/A Field Not Applicable,#N/A,"5,572 Million",,, 179.56 ,,, 52.70 ,,"1,249,223",,"36,593,772",,,24.22%,21.25%,26.5%,26.5%,26.5%,70%,70%," 164,800 "," 115,360 "," 115,360 "
,JP3209000003,6952 JP,"8,188",CASIO COMPUTER CO LTD,1256,,JPY,, Tokyo ,Tokyo Prime,,"2,206 Million",,, 241.52 ,,, 20.08 ,,"1,166,737",,"10,198,613",,,10.03%,31.75%,21.25%,31.75%,31.75%,65%,65%," 68,388 "," 44,452 "," 44,452 "
,US4432011082,HWM US,"15,933",HOWMET AEROSPACE INC,66.74,,USD,, New York ,#N/A Field Not Applicable,UN,"27,384 Million",,, 410.30 ,,, 23.10 ,,"3,179,917",,"191,067,296",,,11.45%,21.25%,21.25%,21.25%,21.25%,75%,75%," 1,063,368 "," 797,526 "," 797,526 "
,JP3665000000,5184 JP,"5,000",NICHIRIN CO LTD,3520,,JPY,, Tokyo ,Tokyo Standard,,363 Million,,, 14.37 ,,, 26.22 ,,"32,672",,"816,972",,,12.97%,73.75%,21.25%,73.75%,73.75%,25%,25%," 117,037 "," 29,259 "," 29,259 "
,US23344D1081,DADA US,"2,000",DADA NEXUS LTD-ADR,2.44,,USD,, NASDAQ GS ,#N/A Field Not Applicable,#N/A,639 Million,,, 262.01 ,,, 103.37 ,,"3,559,336",,"7,259,733",,,41.96%,52.75%,42.25%,52.75%,84.25%,15%,15%," 4,880 ", 732 , 732 
,JP3047470004,1571 JP,"3,000",NF NIKKEI 225 INVERSE ETF,619,,JPY,, Tokyo ,Tokyo Investment Trust,,253 Million,,, 57.07 ,,, 16.67 ,,"3,417,662",,"16,497,687",,,8.4%,84.25%,21.25%,84.25%,84.25%,15%,15%," 12,349 "," 1,852 "," 1,852 "
,JP3047650001,3292 JP,"1,500",AEON REIT INVESTMENT CORP,134400,,JPY,, Tokyo ,Tokyo Investment Cert,,"2,094 Million",,, 2.12 ,,, 13.12 ,,"5,514",,"5,403,128",,,6.92%,31.75%,21.25%,31.75%,31.75%,65%,65%," 1,340,604 "," 871,392 "," 871,392 "
,JP3046310003,8976 JP,140,DAIWA OFFICE INVESTMENT CORP,568000,,JPY,, Tokyo ,Tokyo Investment Cert,,"2,000 Million",,, 0.48 ,,, 17.09 ,,"1,044",,"4,610,952",,,8.63%,31.75%,21.25%,31.75%,31.75%,65%,65%," 528,794 "," 343,716 "," 343,716 "
,JP3047820000,3309 JT,"1,260",SEKISUI HOUSE REIT INC,76600,,JPY,, Tokyo ,Tokyo Investment Cert,,"2,484 Million",,, 4.38 ,,, 18.62 ,,"9,950",,"5,448,996",,,9.35%,31.75%,21.25%,31.75%,31.75%,65%,65%," 641,814 "," 417,179 "," 417,179 "
,JP3045540006,8960 JP,700,UNITED URBAN INVESTMENT CORP,145000,,JPY,, Tokyo ,Tokyo Investment Cert,,"3,339 Million",,, 3.10 ,,, 17.82 ,,"7,040",,"7,330,318",,,8.95%,31.75%,21.25%,31.75%,31.75%,65%,65%," 674,957 "," 438,722 "," 438,722 "
,BMG4404N1149,136 HK,"16,000",CHINA RUYI HOLDINGS LTD,1.73,,HKD,, Hong Kong ,#N/A Field Not Applicable,HK,"2,491 Million",,," 11,585.90 ",,, 46.46 ,,"27,829,390",,"5,706,706",,,21.69%,31.75%,26.5%,31.75%,31.75%,65%,65%," 3,539 "," 2,300 "," 2,300 "
,US4642882249,ICLN US,"2,290",ISHARES GLOBAL CLEAN ENERGY,13.49,,USD,, NASDAQ GM ,#N/A Field Not Applicable,UQ,"2,374 Million",,, 176.00 ,,, 25.71 ,,"4,054,570",,"58,373,836",,,12.66%,31.75%,21.25%,31.75%,31.75%,65%,65%," 30,892 "," 20,080 "," 20,080 "
,US4771431016,JBLU US,"4,500",JETBLUE AIRWAYS CORP,6.94,,USD,, NASDAQ GS ,#N/A Field Not Applicable,UW,"2,355 Million",,, 339.28 ,,, 56.90 ,,"17,673,924",,"104,216,384",,,25.88%,31.75%,26.5%,31.75%,42.25%,55%,55%," 31,230 "," 17,177 "," 17,177 "
,VGG4671J1012,1611 HK,"36,000",SINOHOPE TECHNOLOGY HOLDINGS,3.24,,HKD,, Hong Kong ,#N/A Field Not Applicable,HK,182 Million,,, 465.96 ,,, 82.07 ,,"2,518,520",,"909,742",,,35.07%,100.%,37.%,100.%,100.%,0%,0%," 14,913 ", -   , -   
,US6544453037,NTDOY US,"7,500",NINTENDO CO LTD-UNSPONS ADR,13.78,,USD,, OTC US ,#N/A Field Not Applicable,#N/A,"71,584 Million",,," 5,194.76 ",,, 22.89 ,,"881,394",,"12,154,490",,,11.35%,21.25%,21.25%,21.25%,21.25%,0%,0%," 103,350 ", -   , -   
,US74969N1037,RLX UN,"1,500",RLX TECHNOLOGY INC-ADR,1.94,,USD,, New York ,#N/A Field Not Applicable,#N/A,"3,047 Million",,," 1,262.08 ",,, 59.82 ,,"944,087",,"1,793,165",,,27.%,31.75%,31.75%,31.75%,42.25%,55%,55%," 2,910 "," 1,601 "," 1,601 "
,US8190471016,SHAK US,421,SHAKE SHACK INC - CLASS A,104.79,,USD,, New York ,#N/A Field Not Applicable,UN,"4,434 Million",,, 39.48 ,,, 45.70 ,,"977,386",,"83,111,752",,,21.38%,31.75%,26.5%,31.75%,31.75%,65%,65%," 44,117 "," 28,676 "," 28,676 "
,US8485771021,SAVE US,"3,670",SPIRIT AIRLINES INC,4.28,,USD,, New York ,#N/A Field Not Applicable,UN,469 Million,,, 109.48 ,,, 94.04 ,,"16,651,321",,"118,108,432",,,39.04%,63.25%,42.25%,63.25%,94.75%,5%,5%," 15,708 ", 785 , 785 
,US8676524064,SPWR UN,"1,000",SUNPOWER CORP,2.83,,USD,, NASDAQ GS ,#N/A Field Not Applicable,UW,496 Million,,, 175.36 ,,, 94.86 ,,"254,327",,"920,621",,,39.3%,63.25%,42.25%,63.25%,94.75%,5%,5%," 2,830 ", 142 , 142 
,KYG9431R1039,151 HK,"50,000",WANT WANT CHINA HOLDINGS LTD,4.6,,HKD,, Hong Kong ,#N/A Field Not Applicable,HK,"6,924 Million",,," 11,811.95 ",,, 22.97 ,,"4,011,138",,"2,275,817",,,11.38%,21.25%,21.25%,21.25%,21.25%,75%,75%," 29,406 "," 22,055 "," 22,055 "
,KYG9829N1025,968 HK,"40,000",XINYI SOLAR HOLDINGS LTD,6.25,,HKD,, Hong Kong ,#N/A Field Not Applicable,HK,"7,293 Million",,," 8,903.61 ",,, 55.82 ,,"37,812,430",,"23,247,012",,,25.45%,21.25%,26.5%,26.5%,26.5%,70%,70%," 31,963 "," 22,374 "," 22,374 "
,CNE100001TJ4,1958 HK,"4,630,500",BAIC MOTOR CORP LTD-H,2.72,,HKD,, Hong Kong ,#N/A Field Not Applicable,HK,"2,739 Million",,," 2,520.69 ",,, 36.23 ,,"11,050,570",,"3,236,946",,,18.69%,31.75%,21.25%,31.75%,31.75%,65%,65%," 1,610,300 "," 1,046,695 "," 1,046,695 "
,CNE1000006Z4,902 HK,"9,322,000",HUANENG POWER INTL INC-H,4.77,,HKD,, Hong Kong ,#N/A Field Not Applicable,HK,"16,867 Million",,," 4,700.38 ",,, 37.04 ,,"38,995,740",,"21,701,321",,,18.18%,21.25%,21.25%,21.25%,21.25%,75%,75%," 5,685,091 "," 4,263,818 "," 4,263,818 "
,CNE100000FF3,1618 HK,"18,931,000",METALLURGICAL CORP OF CHIN-H,1.71,,HKD,, Hong Kong ,#N/A Field Not Applicable,HK,"9,062 Million",,," 2,871.00 ",,, 35.95 ,,"10,012,260",,"2,001,192",,,24.47%,21.25%,26.5%,26.5%,26.5%,70%,35%," 4,138,849 "," 2,897,195 "," 1,448,597 "
,HK0363006039,363 HK,"590,000",SHANGHAI INDUSTRIAL HLDG LTD,10.22,,HKD,, Hong Kong ,#N/A Field Not Applicable,HK,"1,403 Million",,," 1,087.21 ",,, 25.26 ,,"960,015",,"1,217,896",,,14.13%,31.75%,21.25%,31.75%,31.75%,65%,65%," 770,926 "," 501,102 "," 501,102 "
,KYG8972T1067,1083 HK,"2,912,893",TOWNGAS SMART ENERGY CO LTD,2.91,,HKD,, Hong Kong ,#N/A Field Not Applicable,HK,"1,254 Million",,," 3,354.50 ",,, 36.22 ,,"2,602,571",,"979,652",,,21.8%,31.75%,26.5%,31.75%,31.75%,65%,55%," 1,083,746 "," 704,435 "," 596,060 "
,HK0000746575,6626 HK,"117,967",YUEXIU SERVICES GROUP LTD,2.75,,HKD,, Hong Kong ,#N/A Field Not Applicable,HK,545 Million,,," 1,522.03 ",,, 42.40 ,,"962,457",,"319,375",,,20.03%,52.75%,21.25%,52.75%,52.75%,45%,45%," 41,477 "," 18,664 "," 18,664 "
,CNE1000004S4,576 HK,"3,079,740",ZHEJIANG EXPRESSWAY CO-H,5.89,,HKD,, Hong Kong ,#N/A Field Not Applicable,HK,"3,616 Million",,," 1,978.72 ",,, 23.18 ,,"7,153,142",,"5,204,846",,,12.44%,31.75%,21.25%,31.75%,31.75%,65%,65%," 2,319,206 "," 1,507,484 "," 1,507,484 "
,KYG2120H1065,1907 HK,"19,121,000",CHINA RISUN GROUP LTD,3.02,,HKD,, Hong Kong ,#N/A Field Not Applicable,HK,"1,716 Million",,," 4,424.13 ",,, 25.96 ,,"4,235,951",,"1,684,159",,,23.96%,31.75%,26.5%,31.75%,31.75%,65%,10%," 7,382,909 "," 4,798,891 "," 738,291 "
,US15117K1034,CLLS US,"2,000",CELLECTIS - ADR,2.49,,USD,, NASDAQ GM ,#N/A Field Not Applicable,#N/A,179 Million,,, 71.75 ,,, 120.82 ,,"60,630",,"182,888",,,47.05%,100.%,47.5%,100.%,100.%,0%,0%," 4,980 ", -   , -   
,US43906K1007,HOOK US,"5,000",HOOKIPA PHARMA INC,0.718,,USD,, NASDAQ CM ,#N/A Field Not Applicable,UR,60 Million,,, 81.55 ,,, 98.60 ,,"2,517,943",,"2,288,547",,,40.48%,100.%,42.25%,100.%,100.%,0%,0%," 3,590 ", -   , -   
,DE0007164600,SAP GR,"1,000",SAP SE,172,,EUR,, Xetra ,#N/A Field Not Applicable,GY,"219,879 Million",,," 1,228.50 ",,, 21.13 ,,"1,667,051",,"277,818,087",,,10.52%,21.25%,21.25%,21.25%,21.25%,75%,75%," 186,612 "," 139,959 "," 139,959 "
,JP3249600002,6971 JP,"8,000",KYOCERA CORP,2082.5,,JPY,, Tokyo ,Tokyo Prime,,"22,740 Million",,," 1,510.47 ",,, 20.65 ,,"4,583,275",,"70,704,842",,,10.3%,21.25%,21.25%,21.25%,21.25%,75%,75%," 110,786 "," 83,090 "," 83,090 "
,CA13321L1085,CCJ US,"170,000",CAMECO CORP,41.95,,USD,, New York ,#N/A Field Not Applicable,CT,"18,214 Million",,, 434.18 ,,, 36.83 ,,"5,492,461",,"244,398,832",,,17.62%,21.25%,21.25%,21.25%,21.25%,75%,75%," 7,131,500 "," 5,348,625 "," 5,348,625 "
,CNE100001SR9,2202 HK,"200,000",CHINA VANKE CO LTD-H,5.68,,HKD,, Hong Kong ,#N/A Field Not Applicable,HK,"14,130 Million",,," 2,206.51 ",,, 43.63 ,,"29,374,190",,"23,085,686",,,20.52%,21.25%,21.25%,21.25%,21.25%,75%,75%," 145,241 "," 108,931 "," 108,931 "
,DE0005140008,DB US,"50,000",DEUTSCHE BANK AG-REGISTERED,14.63,,USD,, New York ,#N/A Field Not Applicable,GY,"29,182 Million",,," 1,994.70 ",,, 31.76 ,,"3,085,013",,"41,608,708",,,15.39%,21.25%,21.25%,21.25%,21.25%,75%,75%," 731,500 "," 548,625 "," 548,625 "
,BMG684371393,2343 HK,"2,000,000",PACIFIC BASIN SHIPPING LTD,2.46,,HKD,, Hong Kong ,#N/A Field Not Applicable,HK,"1,677 Million",,," 5,263.82 ",,, 46.15 ,,"30,580,110",,"9,170,165",,,21.56%,31.75%,26.5%,31.75%,31.75%,65%,65%," 629,035 "," 408,873 "," 408,873 "
,CNE1000012B3,2607 HK,"300,000",SHANGHAI PHARMACEUTICALS-H,11.9,,HKD,, Hong Kong ,#N/A Field Not Applicable,HK,"8,096 Million",,, 919.07 ,,, 27.44 ,,"2,231,751",,"3,313,477",,,13.49%,21.25%,21.25%,21.25%,21.25%,75%,75%," 456,434 "," 342,326 "," 342,326 "
,NL0000009165,HEIA NA,"5,401",HEINEKEN NV,84.28,,EUR,, EN Amsterdam ,#N/A Field Not Applicable,#N/A,"50,511 Million",,, 576.00 ,,, 19.02 ,,"512,179",,"47,705,593",,,9.52%,21.25%,21.25%,21.25%,21.25%,75%,75%," 493,866 "," 370,399 "," 370,399 "
,US9129091081,X UN,850,UNITED STATES STEEL CORP,38.87,,USD,, New York ,#N/A Field Not Applicable,UN,"8,739 Million",,, 224.82 ,,, 51.40 ,,"1,166,299",,"54,258,192",,,23.7%,21.25%,26.5%,26.5%,26.5%,70%,70%," 33,040 "," 23,128 "," 23,128 "
,JP3266050008,8864 JP,"15,000",AIRPORT FACILITIES CO LTD,608,,JPY,, Tokyo ,Tokyo Prime,,233 Million,,, 52.98 ,,, 15.87 ,,"70,888",,"311,169",,,8.18%,94.75%,21.25%,94.75%,94.75%,5%,5%," 60,646 "," 3,032 "," 3,032 "
,HK0285041858,285 HK,"29,500",BYD ELECTRONIC INTL CO LTD,30.45,,HKD,, Hong Kong ,#N/A Field Not Applicable,HK,"8,507 Million",,," 2,253.21 ",,, 45.58 ,,"4,404,453",,"17,274,477",,,21.33%,21.25%,26.5%,26.5%,26.5%,70%,70%," 114,847 "," 80,393 "," 80,393 "
,KYG5548P1054,558 HK,"4,218,500",L.K. TECHNOLOGY HOLDINGS LTD,3.37,,HKD,, Hong Kong ,#N/A Field Not Applicable,HK,581 Million,,," 1,376.39 ",,, 55.08 ,,"5,664,562",,"2,810,739",,,29.04%,52.75%,31.75%,52.75%,52.75%,45%,45%," 1,817,598 "," 817,919 "," 817,919 "
,CNE100000437,2727 HK,"702,000",SHANGHAI ELECTRIC GRP CO L-H,1.6,,HKD,, Hong Kong ,#N/A Field Not Applicable,HK,"8,053 Million",,," 2,924.48 ",,, 29.03 ,,"3,151,353",,"614,509",,,14.49%,21.25%,21.25%,21.25%,21.25%,75%,75%," 143,604 "," 107,703 "," 107,703 "
,US09075V1026,BNTX US,400,BIONTECH SE-ADR,92.99,,USD,, NASDAQ GS ,#N/A Field Not Applicable,#N/A,"22,105 Million",,, 237.72 ,,, 35.88 ,,"662,147",,"65,199,916",,,17.2%,21.25%,21.25%,21.25%,21.25%,75%,75%," 37,196 "," 27,897 "," 27,897 "
,AU000000CXO2,CXO AT,"30,000",CORE LITHIUM LTD,0.16,,AUD,, ASE ,#N/A Field Not Applicable,#N/A,224 Million,,," 2,136.94 ",,, 83.36 ,,"21,575,040",,"3,216,046",,,35.51%,94.75%,37.%,94.75%,100.%,0%,0%," 3,127 ", -   , -   
,AU000000LKE1,LKE AT,"70,000",LAKE RESOURCES NL,0.07,,AUD,, ASE ,#N/A Field Not Applicable,AT,77 Million,,," 1,637.68 ",,, 90.94 ,,"8,917,586",,"603,717",,,38.03%,100.%,42.25%,100.%,100.%,0%,0%," 3,192 ", -   , -   
,US78463V1070,GLD SP,300,SPDR GOLD SHARES,199.37,,USD,, Singapore ,#N/A Field Not Applicable,UP,"57,637 Million",,, 289.30 ,,, 12.26 ,,"8,090",,"1,551,055",,,6.25%,21.25%,21.25%,21.25%,21.25%,75%,75%," 59,811 "," 44,858 "," 44,858 "
,SG1R95002270,GUOL SP,"28,888",GUOCOLAND LTD,1.44,,SGD,, Singapore ,#N/A Field Not Applicable,SP,"1,255 Million",,," 1,183.30 ",,, 14.79 ,,"48,243",,"50,879",,,8.5%,31.75%,21.25%,31.75%,31.75%,65%,65%," 30,988 "," 20,142 "," 20,142 "
,GB00B63H8491,RR/ LN,"144,538",ROLLS-ROYCE HOLDINGS PLC,390,,GBp,, London ,#N/A Field Not Applicable,LN,"39,671 Million",,," 8,416.70 ",,, 38.46 ,,"15,486,600",,"62,516,505",,,18.32%,21.25%,21.25%,21.25%,21.25%,75%,75%," 715,444 "," 536,583 "," 536,583 "
,JP3819400007,4676 JP,"26,000",FUJI MEDIA HOLDINGS INC,1832.5,,JPY,, Tokyo ,Tokyo Prime,,"3,135 Million",,, 234.19 ,,, 27.40 ,,"784,930",,"10,200,108",,,13.43%,31.75%,21.25%,31.75%,31.75%,65%,65%," 316,831 "," 205,940 "," 205,940 "
,JP3780100008,4666 JP,"6,000",PARK24 CO LTD,1701.5,,JPY,, Tokyo ,Tokyo Prime,,"2,173 Million",,, 171.05 ,,, 30.84 ,,"1,345,185",,"17,572,613",,,14.98%,31.75%,21.25%,31.75%,31.75%,65%,65%," 67,888 "," 44,127 "," 44,127 "
,US78463V1070,GLD UP,"4,000",SPDR GOLD SHARES,200.03,,USD,, NYSE Arca ,#N/A Field Not Applicable,UP,"57,869 Million",,, 289.30 ,,, 12.89 ,,"1,472,739",,"281,096,800",,,6.56%,21.25%,21.25%,21.25%,21.25%,75%,75%," 800,120 "," 600,090 "," 600,090 "
,JP3547060008,9413 JP,"5,500",TV TOKYO HOLDINGS CORP,2982,,JPY,, Tokyo ,Tokyo Prime,,599 Million,,, 27.58 ,,, 29.15 ,,"45,460",,"1,015,178",,,14.24%,52.75%,21.25%,52.75%,52.75%,45%,45%," 109,064 "," 49,079 "," 49,079 "
,US22160K1051,COST US,114,COSTCO WHOLESALE CORP,731.54,,USD,, NASDAQ GS ,#N/A Field Not Applicable,UW,"324,441 Million",,, 443.50 ,,, 18.93 ,,"2,310,611",,"1,629,214,080",,,9.48%,21.25%,21.25%,21.25%,21.25%,75%,75%," 83,396 "," 62,547 "," 62,547 "
,US6974351057,PANW US,10,PALO ALTO NETWORKS INC,285.24,,USD,, NASDAQ GS ,#N/A Field Not Applicable,UW,"92,161 Million",,, 323.10 ,,, 50.72 ,,"5,839,331",,"1,784,441,984",,,23.43%,21.25%,26.5%,26.5%,26.5%,70%,70%," 2,852 "," 1,997 "," 1,997 "
,KYG7013H1056,1830 HK,"8,145",PERFECT MEDICAL HEALTH MANAG,3.25,,HKD,, Hong Kong ,#N/A Field Not Applicable,HK,514 Million,,," 1,256.20 ",,, 31.40 ,,"360,631",,"146,567",,,15.23%,52.75%,21.25%,52.75%,52.75%,45%,45%," 3,384 "," 1,523 "," 1,523 "
,US3682872078,OGZD LI,"760,986",GAZPROM PJSC-SPON ADR,#N/A N/A,,USD,, #N/A Field Not Applicable ,#N/A Field Not Applicable,#N/A,,,," 11,836.76 ",,, #N/A N/A ,,#N/A N/A,,,,,0.%,21.25%,21.25%,21.25%,#VALUE!,0%,0%, -   , -   , -   
,KYG6956A1013,1263 HK,"20,000",PC PARTNER GROUP LTD,3.16,,HKD,, Hong Kong ,#N/A Field Not Applicable,HK,157 Million,,, 387.88 ,,, 57.69 ,,"456,064",,"172,949",,,26.18%,100.%,26.5%,100.%,100.%,0%,0%," 8,080 ", -   , -   
,KR7011200003,011200 KS,"1,900",HMM CO LTD,16050,,KRW,, Korea SE ,#N/A Field Not Applicable,KP,,,, 689.04 ,,, 47.18 ,,"5,076,156",,,,,0.%,21.25%,21.25%,21.25%,#N/A,0%,0%, -   , -   , -   
,PHY751061151,SMC PM,"12,500",SAN MIGUEL CORP,103,,PHP,, Philippines ,#N/A Field Not Applicable,PM,,,," 2,383.90 ",,, 27.53 ,,"246,420",,,,,0.%,21.25%,21.25%,21.25%,#N/A,0%,0%, -   , -   , -   
,PHY8898C1046,TFHI PM,"25,000",TOP FRONTIER INVESTMENT HOLD,90.35,,PHP,, Philippines ,#N/A Field Not Applicable,PM,,,, 377.89 ,,, 71.43 ,,"25,679",,,,,0.%,21.25%,21.25%,21.25%,#N/A,0%,0%, -   , -   , -   
,US7711951043,RHHBY UV,800,ROCHE HOLDINGS LTD-SPONS ADR,32.18,,USD,, OTC US ,#N/A Field Not Applicable,#N/A,"209,877 Million",,," 5,620.50 ",,, 19.82 ,,"1,764,633",,"60,478,172",,,9.9%,21.25%,21.25%,21.25%,21.25%,0%,0%," 25,744 ", -   , -   
,SG1B56010922,FUYU SP,"680,400",FU YU CORP LTD,0.12,,SGD,, Singapore ,#N/A Field Not Applicable,SP,66 Million,,, 761.99 ,,, 32.37 ,,"306,127",,"32,009",,,23.33%,100.%,26.5%,100.%,100.%,0%,0%," 60,822 ", -   , -   
,KYG4R39T1073,9930 HK,"977,166",HORIZON CONSTRUCTION DEVELOP,2.06,,HKD,, Hong Kong ,#N/A Field Not Applicable,HK,839 Million,,," 3,197.24 ",,, 107.51 ,,"3,316,740",,"971,971",,,44.66%,52.75%,47.5%,52.75%,52.75%,45%,45%," 257,363 "," 115,813 "," 115,813 "
,US7265031051,PAA US,"30,000",PLAINS ALL AMER PIPELINE LP,17.07,,USD,, NASDAQ GS ,#N/A Field Not Applicable,UW,"11,967 Million",,, 701.07 ,,, 22.64 ,,"3,030,573",,"47,852,984",,,11.23%,21.25%,21.25%,21.25%,21.25%,75%,75%," 512,100 "," 384,075 "," 384,075 "
,JP3949400000,7606 JP,"13,000",UNITED ARROWS LTD,1982,,JPY,, Tokyo ,Tokyo Prime,,437 Million,,, 30.21 ,,, 30.53 ,,"196,707",,"2,618,987",,,14.84%,63.25%,21.25%,63.25%,63.25%,35%,35%," 171,339 "," 59,969 "," 59,969 "
,JP3800390001,3048 JP,"1,000",BIC CAMERA INC,1290,,JPY,, Tokyo ,Tokyo Prime,,"1,744 Million",,, 188.15 ,,, 18.17 ,,"741,175",,"7,042,675",,,9.12%,31.75%,21.25%,31.75%,31.75%,65%,65%," 8,578 "," 5,576 "," 5,576 "
,JP3888250002,6269 JP,"2,400",MODEC INC,3030,,JPY,, Tokyo ,Tokyo Prime,,"1,495 Million",,, 68.35 ,,, 48.28 ,,"428,210",,"7,750,169",,,22.44%,31.75%,26.5%,31.75%,31.75%,65%,65%," 48,357 "," 31,432 "," 31,432 "
,KYG126521064,3998 HK,"26,000",BOSIDENG INTL HLDGS LTD,4.18,,HKD,, Hong Kong ,#N/A Field Not Applicable,HK,"5,739 Million",,," 10,910.85 ",,, 31.21 ,,"22,795,690",,"10,654,780",,,15.14%,21.25%,21.25%,21.25%,21.25%,75%,75%," 13,895 "," 10,421 "," 10,421 "
,US92189F7915,GDXJ US,"2,500",VANECK JUNIOR GOLD MINERS,36.35,,USD,, NYSE Arca ,#N/A Field Not Applicable,UP,"4,272 Million",,, 117.54 ,,, 34.19 ,,"6,748,922",,"235,329,088",,,16.47%,31.75%,21.25%,31.75%,31.75%,65%,65%," 90,875 "," 59,069 "," 59,069 "
,KYG5264Y1089,3888 HK,"18,040",KINGSOFT CORP LTD,22.55,,HKD,, Hong Kong ,#N/A Field Not Applicable,HK,"3,865 Million",,," 1,339.17 ",,, 44.87 ,,"5,380,753",,"14,717,447",,,21.03%,31.75%,21.25%,31.75%,31.75%,65%,65%," 52,011 "," 33,807 "," 33,807 "
,BMG570071099,2186 HK,"45,000",LUYE PHARMA GROUP LTD,2.96,,HKD,, Hong Kong ,#N/A Field Not Applicable,HK,"1,411 Million",,," 3,761.67 ",,, 40.64 ,,"9,971,346",,"3,798,314",,,19.26%,31.75%,21.25%,31.75%,31.75%,65%,65%," 17,030 "," 11,069 "," 11,069 "
,US72919P2020,PLUG US,"3,160",PLUG POWER INC,3.25,,USD,, NASDAQ CM ,#N/A Field Not Applicable,UR,"2,224 Million",,, 684.26 ,,, 103.81 ,,"44,909,628",,"170,644,512",,,42.09%,31.75%,42.25%,42.25%,52.75%,0%,0%," 10,270 ", -   , -   
,JP3332540008,4443 JP,"8,000",SANSAN INC,1755,,JPY,, Tokyo ,Tokyo Prime,,"1,627 Million",,, 125.78 ,,, 48.04 ,,"1,138,475",,"12,478,691",,,22.34%,31.75%,26.5%,31.75%,31.75%,65%,65%," 93,363 "," 60,686 "," 60,686 "
,KYG9450E1089,2148 HK,"62,000",VESYNC CO LTD,4.61,,HKD,, Hong Kong ,#N/A Field Not Applicable,HK,667 Million,,," 1,162.89 ",,, 63.65 ,,"697,999",,"434,537",,,28.46%,52.75%,31.75%,52.75%,52.75%,45%,45%," 36,543 "," 16,444 "," 16,444 "
,HK0000065349,1137 HK,"200,000",HONG KONG TECHNOLOGY VENTURE,1.84,,HKD,, Hong Kong ,#N/A Field Not Applicable,HK,205 Million,,, 888.55 ,,, 55.03 ,,"1,675,765",,"462,221",,,25.17%,94.75%,26.5%,94.75%,94.75%,5%,5%," 47,050 "," 2,352 "," 2,352 "
,CNE100000593,2328 HK,"1,200",PICC PROPERTY & CASUALTY-H,10.58,,HKD,, Hong Kong ,#N/A Field Not Applicable,HK,"29,663 Million",,," 6,899.29 ",,, 31.33 ,,"26,520,630",,"33,988,878",,,15.2%,21.25%,21.25%,21.25%,21.25%,75%,75%," 1,623 "," 1,217 "," 1,217 "
,US40167F1012,GOF US,"8,064",GUGGENHEIM STRATEGIC OPPORT,14.43,,USD,, New York ,#N/A Field Not Applicable,UN,"1,983 Million",,, 137.46 ,,, 23.78 ,,"778,576",,"10,670,836",,,11.76%,31.75%,21.25%,31.75%,31.75%,65%,65%," 116,364 "," 75,636 "," 75,636 "
,US4642898591,AOA US,800,ISHARES CORE AGGRESSIVE ALLO,72.24,,USD,, NYSE Arca ,#N/A Field Not Applicable,UP,"1,846 Million",,, 25.55 ,,, 10.16 ,,"132,585",,"9,213,127",,,5.2%,31.75%,21.25%,31.75%,31.75%,65%,65%," 57,792 "," 37,565 "," 37,565 "
,JP3833120003,2391 JT,"25,000",PLANET INC,1216,,JPY,, Tokyo ,Tokyo Standard,,59 Million,,, 6.63 ,,, 17.74 ,,"10,767",,"96,459",,,13.75%,100.%,21.25%,100.%,100.%,0%,0%," 202,155 ", -   , -   
,JP3428850006,4559 JP,"44,700",ZERIA PHARMACEUTICAL CO LTD,2187,,JPY,, Tokyo ,Tokyo Prime,,838 Million,,, 53.12 ,,, 20.87 ,,"77,668",,"1,181,852",,,11.71%,52.75%,21.25%,52.75%,52.75%,45%,45%," 650,079 "," 292,536 "," 292,536 "
,KYG4645D1079,2127 HK,"18,890,000",HUISEN HOUSEHOLD INTERNATION,0.2,,HKD,, Hong Kong ,#N/A Field Not Applicable,HK,99 Million,,," 3,682.91 ",,, 68.01 ,,"4,202,771",,"100,214",,,50.81%,100.%,52.75%,100.%,100.%,0%,0%," 483,028 ", -   , -   
,SG1I67883666,ADDV SP,"6,666,666",ADDVALUE TECHNOLOGIES LTD,0.008,,SGD,, Singapore ,#N/A Field Not Applicable,SP,19 Million,,," 3,242.03 ",,, 104.95 ,,"2,016,302",,"12,291",,,62.18%,100.%,63.25%,100.%,100.%,0%,0%," 39,730 ", -   , -   
,US42809H1077,HES US,195,HESS CORP,150.2,,USD,, New York ,#N/A Field Not Applicable,UN,"46,134 Million",,, 307.15 ,,, 30.44 ,,"2,787,315",,"403,546,272",,,14.8%,21.25%,21.25%,21.25%,21.25%,75%,75%," 29,289 "," 21,967 "," 21,967 "
,ID1000187404,TRON IJ,"1,130,700",TEKNOLOGI KARYA DIGITAL NUSA,254,,IDR,, Indonesia ,#N/A Field Not Applicable,IJ,47 Million,,," 2,951.29 ",,, 68.79 ,,"5,547,754",,"90,300",,,30.86%,100.%,31.75%,100.%,100.%,0%,0%," 18,275 ", -   , -   
,US46429B6719,MCHI UQ,"1,000",ISHARES MSCI CHINA ETF,40.3,,USD,, NASDAQ GM ,#N/A Field Not Applicable,#N/A,"5,142 Million",,, 127.60 ,,, 26.22 ,,"934,194",,"36,140,996",,,12.89%,21.25%,21.25%,21.25%,21.25%,75%,75%," 40,300 "," 30,225 "," 30,225 "
,US60937P1066,MDB UQ,114,MONGODB INC,356.37,,USD,, NASDAQ GM ,#N/A Field Not Applicable,UQ,"25,955 Million",,, 72.83 ,,, 55.83 ,,"419,793",,"172,511,536",,,25.46%,21.25%,26.5%,26.5%,26.5%,70%,70%," 40,626 "," 28,438 "," 28,438 "
,NL0015436031,CVAC US,180,CUREVAC NV,3.21,,USD,, NASDAQ GM ,#N/A Field Not Applicable,UQ,719 Million,,, 223.92 ,,, 65.20 ,,"1,214,692",,"4,643,529",,,29.04%,52.75%,31.75%,52.75%,84.25%,15%,15%, 578 , 87 , 87 
,US64828T2015,RITM US,"18,660",RITHM CAPITAL CORP,10.87,,USD,, New York ,#N/A Field Not Applicable,#N/A,"5,253 Million",,, 483.23 ,,, 23.94 ,,"3,841,710",,"41,001,572",,,11.84%,21.25%,21.25%,21.25%,21.25%,75%,75%," 202,834 "," 152,126 "," 152,126 "
,US8361001071,SOUN UQ,"5,000",SOUNDHOUND AI INC-A,8.24,,USD,, NASDAQ GM ,#N/A Field Not Applicable,#N/A,"2,547 Million",,, 273.23 ,,, 133.65 ,,"7,636,742",,"42,369,604",,,50.51%,31.75%,52.75%,52.75%,63.25%,35%,35%," 41,200 "," 14,420 "," 14,420 "
,US5024413065,LVMUY US,"1,750",LVMH MOET HENNESSY-UNSP ADR,186.01,,USD,, OTC US ,#N/A Field Not Applicable,#N/A,"466,328 Million",,," 2,507.00 ",,, 27.46 ,,"194,132",,"32,277,904",,,13.45%,21.25%,21.25%,21.25%,21.25%,0%,0%," 325,518 ", -   , -   
,US57142B1044,MQ US,"39,517",MARQETA INC-A,6.02,,USD,, NASDAQ GS ,#N/A Field Not Applicable,UW,"3,093 Million",,, 461.56 ,,, 53.97 ,,"5,417,728",,"34,338,376",,,24.72%,31.75%,26.5%,31.75%,42.25%,55%,55%," 237,892 "," 130,841 "," 130,841 "
,US77664L2079,ROOT UW,"15,922",ROOT INC/OH -CLASS A,59.13,,USD,, NASDAQ GS ,#N/A Field Not Applicable,UW,863 Million,,, 9.60 ,,, 120.17 ,,"128,310",,"3,749,183",,,46.93%,52.75%,47.5%,52.75%,52.75%,45%,45%," 941,468 "," 423,661 "," 423,661 "
,GG00BMG42V42,SGHC UN,"24,752",SUPER GROUP SGHC LTD,3.41,,USD,, New York ,#N/A Field Not Applicable,UN,"1,700 Million",,, 498.51 ,,, 57.85 ,,"104,232",,"329,960",,,26.89%,31.75%,31.75%,31.75%,42.25%,55%,55%," 84,404 "," 46,422 "," 46,422 "
,US30151E8066,CEFS UF,"2,000",SABA CLOSED END FUNDS ETF,20.05,,USD,, Cboe BZX ,#N/A Field Not Applicable,#N/A,178 Million,,, 8.90 ,,, 13.65 ,,"8,972",,"173,327",,,7.09%,100.%,21.25%,100.%,100.%,0%,0%," 40,100 ", -   , -   
,US78463X2027,FEZ US,80,SPDR EURO STOXX 50 ETF,51.75,,USD,, NYSE Arca ,#N/A Field Not Applicable,UP,"3,320 Million",,, 64.15 ,,, 16.48 ,,"1,215,581",,"59,066,080",,,8.31%,31.75%,21.25%,31.75%,31.75%,65%,65%," 4,140 "," 2,691 "," 2,691 "
,JP3699400002,9706 JP,900,JAPAN AIRPORT TERMINAL CO,6123,,JPY,, Tokyo ,Tokyo Prime,,"4,161 Million",,, 93.15 ,,, 27.45 ,,"433,730",,"18,501,128",,,13.45%,31.75%,21.25%,31.75%,31.75%,65%,65%," 36,645 "," 23,819 "," 23,819 "
,JP3665200006,2871 JP,"1,500",NICHIREI CORP,4056,,JPY,, Tokyo ,Tokyo Prime,,"3,882 Million",,, 134.08 ,,, 20.03 ,,"498,117",,"13,155,457",,,10.%,31.75%,21.25%,31.75%,31.75%,65%,65%," 40,458 "," 26,297 "," 26,297 "
,HK0222001130,222 HK,"13,274,000",MIN XIN HOLDINGS LTD,2.38,,HKD,, Hong Kong ,#N/A Field Not Applicable,HK,176 Million,,, 597.26 ,,, 32.57 ,,"9,672",,"3,304",,,98.8%,100.%,100.%,100.%,100.%,0%,0%," 4,039,138 ", -   , -   
,US38147U1079,GSBD UN,"28,000",GOLDMAN SACHS BDC INC,15.07,,USD,, New York ,#N/A Field Not Applicable,UN,"1,653 Million",,, 109.68 ,,, 18.10 ,,"165,445",,"2,503,399",,,9.17%,31.75%,21.25%,31.75%,31.75%,65%,65%," 421,960 "," 274,274 "," 274,274 "
,BMG162501057,BNRE CT,"4,000",BROOKFIELD REINSURANCE LTD,55.29,,CAD,, Toronto ,#N/A Field Not Applicable,#N/A,"1,795 Million",,, 16.44 ,,, 29.78 ,,"8,779",,"356,994",,,15.79%,31.75%,21.25%,31.75%,#N/A,0%,0%," 162,941 ", -   , -   
,BMG211591018,1068 HK,"390,000",CHINA YURUN FOOD GROUP LTD,0.166,,HKD,, Hong Kong ,#N/A Field Not Applicable,HK,40 Million,,," 1,822.76 ",,, 44.75 ,,"478,410",,"11,326",,,24.7%,100.%,26.5%,100.%,100.%,0%,0%," 8,277 ", -   , -   
,BMG3775G1539,451 HK,795,GCL NEW ENERGY HOLDINGS LTD,0.36,,HKD,, Hong Kong ,#N/A Field Not Applicable,HK,55 Million,,," 1,167.44 ",,, 62.01 ,,"2,207,890",,"107,145",,,27.84%,100.%,31.75%,100.%,100.%,0%,0%, 37 , -   , -   
,KYG5138B1023,2362 HK,"130,000",JINCHUAN GROUP INTERNATIONAL,0.83,,HKD,, Hong Kong ,#N/A Field Not Applicable,HK,"1,312 Million",,," 12,502.08 ",,, 59.11 ,,"28,272,990",,"2,379,297",,,26.73%,31.75%,31.75%,31.75%,31.75%,65%,65%," 13,795 "," 8,967 "," 8,967 "
,KYG8917R1083,258 HK,"150,000",TOMSON GROUP LTD,1.5,,HKD,, Hong Kong ,#N/A Field Not Applicable,HK,381 Million,,," 2,052.15 ",,, 25.93 ,,"255,069",,"50,253",,,14.38%,73.75%,21.25%,73.75%,73.75%,25%,25%," 28,767 "," 7,192 "," 7,192 "
,JP3802970008,3137 JP,"74,600",FUNDELY CO LTD,305,,JPY,, Tokyo ,Tokyo Growth,,14 Million,,, 6.47 ,,, 70.80 ,,"36,065",,"79,863",,,43.21%,100.%,47.5%,100.%,100.%,0%,0%," 151,303 ", -   , -   
,JP3442200006,4574 JP,"406,799",TAIKO PHARMACEUTICAL CO LTD,379,,JPY,, Tokyo ,Tokyo Prime,,139 Million,,, 50.64 ,,, 38.32 ,,"466,675",,"1,129,396",,,21.82%,100.%,26.5%,100.%,100.%,0%,0%," 1,025,248 ", -   , -   
,SG1J14885763,HFC SP,"40,000",HONG FOK CORP LTD,0.815,,SGD,, Singapore ,#N/A Field Not Applicable,SP,494 Million,,, 819.30 ,,, 22.35 ,,"241,460",,"151,554",,,11.2%,63.25%,21.25%,63.25%,94.75%,5%,5%," 24,285 "," 1,214 "," 1,214 "
,US8326964058,SJM UN,300,JM SMUCKER CO/THE,122.68,,USD,, New York ,#N/A Field Not Applicable,#N/A,"13,026 Million",,, 106.18 ,,, 20.62 ,,"437,928",,"55,302,752",,,10.28%,21.25%,21.25%,21.25%,21.25%,75%,75%," 36,804 "," 27,603 "," 27,603 "
,JP3214350005,9468 JP,"2,000",KADOKAWA CORP,2945.5,,JPY,, Tokyo ,Tokyo Prime,,"2,978 Million",,, 141.78 ,,, 29.00 ,,"520,157",,"11,106,315",,,14.15%,31.75%,21.25%,31.75%,31.75%,65%,65%," 39,174 "," 25,463 "," 25,463 "
,JP3283460008,3635 JT,"10,000",KOEI TECMO HOLDINGS CO LTD,1807.5,,JPY,, Tokyo ,Tokyo Prime,,"4,351 Million",,, 336.10 ,,, 23.60 ,,"1,640,427",,"20,986,069",,,11.68%,31.75%,21.25%,31.75%,31.75%,65%,65%," 120,196 "," 78,127 "," 78,127 "
,JP3419050004,6460 JP,"5,000",SEGA SAMMY HOLDINGS INC,1904,,JPY,, Tokyo ,Tokyo Prime,,"3,337 Million",,, 241.23 ,,, 29.78 ,,"1,766,438",,"24,802,414",,,14.5%,31.75%,21.25%,31.75%,31.75%,65%,65%," 63,306 "," 41,149 "," 41,149 "
,JP3560200002,4816 JT,300,TOEI ANIMATION CO LTD,14790,,JPY,, Tokyo ,Tokyo Standard,,"4,499 Million",,, 42.00 ,,, 39.09 ,,"114,833",,"14,220,986",,,18.59%,31.75%,21.25%,31.75%,31.75%,65%,65%," 29,505 "," 19,178 "," 19,178 "
,US92189F1140,ESPO US,"1,800",VANECK VIDEOGAMING ESPORTS,62.59,,USD,, NASDAQ GM ,#N/A Field Not Applicable,UQ,257 Million,,, 4.10 ,,, 20.28 ,,"18,398",,"1,089,554",,,10.12%,84.25%,21.25%,84.25%,84.25%,15%,15%," 112,662 "," 16,899 "," 16,899 "
,JP3817000007,3370 JT,"3,000",FUJITA CORPORATION CO LTD,302,,JPY,, Tokyo ,Tokyo Standard,,8 Million,,, 3.41 ,,, 49.49 ,,"58,630",,"124,848",,,22.93%,100.%,26.5%,100.%,100.%,0%,0%," 6,025 ", -   , -   
,SG1X84942272,JFOOD SP,"3,360,600",JAPAN FOODS HOLDING LTD,#N/A N/A,,SGD,, Singapore ,#N/A Field Not Applicable,SP,37 Million,,, 173.81 ,,, 67.67 ,,"14,332",,"3,025",,,0.%,100.%,21.25%,100.%,#VALUE!,0%,0%, -   , -   , -   
,JP3047310002,1552 JP,50,KOKUSAI S&P500 VIX SHORT ETF,#N/A N/A,,JPY,, #N/A Field Not Applicable ,#N/A Field Not Applicable,,17 Million,,, 6.16 ,,, 54.41 ,,#N/A N/A,,,,,0.%,100.%,21.25%,100.%,#VALUE!,0%,0%, -   , -   , -   
,JP3875200002,8105 JP,"5,000",MARUSHO HOTTA CO LTD,50,,JPY,, Tokyo ,Tokyo Standard,,21 Million,,, 59.64 ,,, 31.74 ,,"97,398",,"35,088",,,15.38%,100.%,21.25%,100.%,100.%,0%,0%," 1,662 ", -   , -   
,JP3981200003,9519 JP,"1,000",RENOVA INC,1191,,JPY,, Tokyo ,Tokyo Prime,,715 Million,,, 79.27 ,,, 47.77 ,,"1,055,112",,"8,900,259",,,22.23%,52.75%,26.5%,52.75%,52.75%,45%,45%," 7,920 "," 3,564 "," 3,564 "
,JP3281880009,2928 JP,"8,000",RIZAP GROUP INC,401,,JPY,, Sapporo ,AMBITIOUS,,"1,594 Million",,, 556.22 ,,, 63.35 ,,"1,934,942",,"5,504,849",,,28.35%,31.75%,31.75%,31.75%,31.75%,0%,0%," 21,333 ", -   , -   
,JP3413100003,4375 JP,"4,000",SAFIE INC,652,,JPY,, Tokyo ,Tokyo Growth,,254 Million,,, 55.26 ,,, 40.61 ,,"156,538",,"814,639",,,19.24%,84.25%,21.25%,84.25%,84.25%,0%,0%," 17,343 ", -   , -   
,HK0165000859,165 HK,"1,582,000",CHINA EVERBRIGHT LTD,4.43,,HKD,, Hong Kong ,#N/A Field Not Applicable,HK,953 Million,,," 1,685.25 ",,, 30.90 ,,"1,180,884",,"638,599",,,19.7%,52.75%,21.25%,52.75%,52.75%,45%,30%," 896,025 "," 403,211 "," 268,808 "
,BMG2115P1059,611 HK,"1,638,000",CHINA NUCLEAR ENERGY TECHNOL,0.3,,HKD,, Hong Kong ,#N/A Field Not Applicable,HK,71 Million,,," 1,852.04 ",,, 37.01 ,,"1,605,312",,"58,460",,,21.81%,100.%,26.5%,100.%,100.%,0%,0%," 62,827 ", -   , -   
,BMG2155W1010,603 HK,"11,154,000",CHINA OIL AND GAS GROUP LTD,0.205,,HKD,, Hong Kong ,#N/A Field Not Applicable,HK,151 Million,,," 5,636.80 ",,, 30.42 ,,"449,760",,"12,753",,,48.85%,100.%,52.75%,100.%,100.%,0%,0%," 292,344 ", -   , -   
,CNE1000002P4,2883 HK,"6,284,000",CHINA OILFIELD SERVICES-H,7.85,,HKD,, Hong Kong ,#N/A Field Not Applicable,HK,"8,301 Million",,," 1,811.12 ",,, 30.49 ,,"7,138,308",,"6,620,762",,,17.83%,21.25%,21.25%,21.25%,21.25%,75%,75%," 6,306,898 "," 4,730,173 "," 4,730,173 "
,CNE000000LZ0,900941 CH,"4,262,206",EASTERN COMMUNICATIONS CO-B,0.364,,USD,, Shanghai ,#N/A Field Not Applicable,CG,"1,506 Million",,, 300.00 ,,, 25.76 ,,"601,199",,"211,291",,,27.82%,31.75%,31.75%,31.75%,42.25%,0%,0%," 1,551,443 ", -   , -   
,CNE000000HW5,200539 CH,"12,599,843",GUANGDONG ELECTRIC POWER-B,2.12,,HKD,, Shenzhen ,#N/A Field Not Applicable,CS,"3,369 Million",,, 798.41 ,,, 17.11 ,,"1,027,247",,"275,898",,,24.08%,31.75%,26.5%,31.75%,31.75%,0%,0%," 3,415,159 ", -   , -   
,CNE0000004K3,900905 CH,"95,000",LAO FENG XIANG CO LTD-B,3.923,,USD,, Shanghai ,#N/A Field Not Applicable,CG,"4,064 Million",,, 206.01 ,,, 20.05 ,,"602,200",,"2,227,228",,,10.09%,31.75%,21.25%,31.75%,42.25%,0%,0%," 372,685 ", -   , -   
,BMG6144P1014,230 HK,"6,316,000",MINMETALS LAND LTD,0.3,,HKD,, Hong Kong ,#N/A Field Not Applicable,HK,131 Million,,," 3,346.91 ",,, 42.82 ,,"106,205",,"3,799",,,75.33%,100.%,79.%,100.%,100.%,0%,0%," 242,255 ", -   , -   
,CNE000000GG0,900926 CH,"685,464",SHANGHAI BAOSIGHT SOFTWARE-B,2.247,,USD,, Shanghai ,#N/A Field Not Applicable,CG,"11,675 Million",,, 603.21 ,,, 25.01 ,,"1,481,823",,"3,080,322",,,13.47%,21.25%,21.25%,21.25%,31.75%,0%,0%," 1,540,238 ", -   , -   
,CNE000000DX2,900917 CH,"130,100",SHANGHAI HAIXIN GROUP CO-B,0.298,,USD,, Shanghai ,#N/A Field Not Applicable,CG,726 Million,,, 468.85 ,,, 24.83 ,,"381,659",,"117,514",,,12.94%,52.75%,21.25%,52.75%,84.25%,0%,0%," 38,770 ", -   , -   
,CNE0000004L1,900909 CH,"230,315",SHANGHAI HUAYI GROUP CORP -B,0.435,,USD,, Shanghai ,#N/A Field Not Applicable,CG,"1,737 Million",,, 243.10 ,,, 20.80 ,,"337,815",,"144,822",,,11.98%,31.75%,21.25%,31.75%,42.25%,0%,0%," 100,187 ", -   , -   
,CNE000000941,900911 CH,"3,499,983",SHANGHAI JINQIAO EXPORT PR-B,0.941,,USD,, Shanghai ,#N/A Field Not Applicable,CG,"1,652 Million",,, 272.18 ,,, 22.36 ,,"935,691",,"859,358",,,19.74%,31.75%,21.25%,31.75%,42.25%,0%,0%," 3,293,484 ", -   , -   
,US88630M1045,TPIY US,"1,400,798",TIANYIN PHARMACEUTICAL CO IN,#N/A N/A,,USD,, #N/A Field Not Applicable ,#N/A Field Not Applicable,#N/A,,,, 29.43 ,,, #N/A N/A ,,#N/A N/A,,,,,0.%,21.25%,21.25%,21.25%,#VALUE!,0%,0%, -   , -   , -   
,CA08665B1040,HOU CT,45,BETAPRO CR OIL 2X DAILY BULL,15.13,,CAD,, Toronto ,#N/A Field Not Applicable,CT,72 Million,,, 6.34 ,,, 62.74 ,,"991,849",,"9,283,655",,,28.12%,100.%,31.75%,100.%,#N/A,0%,0%, 502 , -   , -   
,CNE1000003R8,323 HK,"3,095,616",MAANSHAN IRON & STEEL-H,1.2,,HKD,, Hong Kong ,#N/A Field Not Applicable,HK,"2,399 Million",,," 1,732.93 ",,, 34.19 ,,"2,751,161",,"415,184",,,20.74%,31.75%,21.25%,31.75%,31.75%,65%,55%," 474,939 "," 308,711 "," 261,217 "
,JP3528450004,6915 JP,"22,200",CHIYODA INTEGRE CO LTD,2638,,JPY,, Tokyo ,Tokyo Standard,,220 Million,,, 11.63 ,,, 22.79 ,,"13,810",,"271,917",,,15.63%,94.75%,21.25%,94.75%,94.75%,5%,0%," 389,437 "," 19,472 ", -   
,TH0013010010,IFCT/F TB,"700,000",INDUSTRIAL FINANCE-FOREIGN,#N/A N/A,,THB,, #N/A Field Not Applicable ,#N/A Field Not Applicable,#N/A,,,, #N/A N/A ,,, #N/A N/A ,,#N/A N/A,,,,,0.%,21.25%,21.25%,21.25%,#VALUE!,0%,0%, -   , -   , -   
,JP3292200007,6473 JP,"10,000",JTEKT CORP,1385,,JPY,, Tokyo ,Tokyo Prime,,"3,457 Million",,, 343.29 ,,, 30.57 ,,"1,114,462",,"10,681,098",,,14.86%,31.75%,21.25%,31.75%,31.75%,65%,65%," 92,100 "," 59,865 "," 59,865 "
,JP3902400005,6503 JP,"10,000",MITSUBISHI ELECTRIC CORP,2474,,JPY,, Tokyo ,Tokyo Prime,,"38,990 Million",,," 2,147.20 ",,, 28.48 ,,"6,053,112",,"96,673,827",,,13.92%,21.25%,21.25%,21.25%,21.25%,75%,75%," 164,517 "," 123,387 "," 123,387 "
,JP3657400002,7731 JP,"20,000",NIKON CORP,1575.5,,JPY,, Tokyo ,Tokyo Prime,,"4,047 Million",,, 351.48 ,,, 32.08 ,,"2,283,870",,"24,510,604",,,15.53%,31.75%,21.25%,31.75%,31.75%,65%,65%," 209,536 "," 136,198 "," 136,198 "
,JP3197600004,4528 JP,"50,000",ONO PHARMACEUTICAL CO LTD,2515,,JPY,, Tokyo ,Tokyo Prime,,"9,331 Million",,, 517.43 ,,, 23.27 ,,"2,003,815",,"36,268,899",,,11.52%,21.25%,21.25%,21.25%,21.25%,75%,75%," 836,215 "," 627,161 "," 627,161 "
,JP3317500001,4761 JT,"10,000",SAKURA KCS CORP,939,,JPY,, Tokyo ,Tokyo Standard,,76 Million,,, 11.20 ,,, 16.39 ,,"6,342",,"41,719",,,11.46%,100.%,21.25%,100.%,100.%,0%,0%," 62,442 ", -   , -   
,JP3372500003,7120 JT,"35,000",SHINKO INC,2183,,JPY,, Tokyo ,Tokyo Standard,,29 Million,,, 1.83 ,,, 48.48 ,,"7,660",,"121,273",,,40.02%,100.%,42.25%,100.%,100.%,0%,0%," 508,080 ", -   , -   
,JP3401400001,4005 JP,"62,000",SUMITOMO CHEMICAL CO LTD,330.8,,JPY,, Tokyo ,Tokyo Prime,,"3,964 Million",,," 1,656.45 ",,, 25.86 ,,"21,647,360",,"49,744,141",,,12.72%,31.75%,21.25%,31.75%,31.75%,65%,65%," 136,385 "," 88,650 "," 88,650 "
,JP3409800004,1911 JP,"10,000",SUMITOMO FORESTRY CO LTD,4212,,JPY,, Tokyo ,Tokyo Prime,,"6,440 Million",,, 206.06 ,,, 31.33 ,,"1,143,852",,"35,218,399",,,15.2%,21.25%,21.25%,21.25%,21.25%,75%,75%," 280,090 "," 210,068 "," 210,068 "
,JP3105340008,7373 JT,"45,000",AIDMA HOLDINGS INC,1772,,JPY,, Tokyo ,Tokyo Growth,,191 Million,,, 15.23 ,,, 55.42 ,,"101,717",,"1,397,473",,,27.27%,100.%,31.75%,100.%,100.%,0%,0%," 530,257 ", -   , -   
,JP3167730005,145A JT,500,L IS B CORP,#N/A N/A,,JPY,, Tokyo ,#N/A Field Not Applicable,,,,, #N/A N/A ,,, #N/A N/A ,,#N/A N/A,,,,,0.%,21.25%,21.25%,21.25%,#VALUE!,0%,0%, -   , -   , -   
,KYG2157Q1029,2128 HK,"300,000",CHINA LESSO GROUP HOLDINGS L,4.01,,HKD,, Hong Kong ,#N/A Field Not Applicable,HK,"1,556 Million",,," 3,102.42 ",,, 49.45 ,,"5,409,787",,"2,548,558",,,22.91%,31.75%,26.5%,31.75%,31.75%,65%,65%," 153,807 "," 99,974 "," 99,974 "
,HK0000525649,7522 HK,"700,000",CHINAAMC NASDAQ-100 D-2I-HKD,1.036,,HKD,, Hong Kong ,#N/A Field Not Applicable,HK,33 Million,,, 247.00 ,,, 33.01 ,,"3,393,543",,"468,877",,,16.24%,100.%,21.25%,100.%,100.%,0%,0%," 92,719 ", -   , -   
,HK2356013600,2356 HK,"250,000",DAH SING BANKING GROUP LTD,5.18,,HKD,, Hong Kong ,#N/A Field Not Applicable,HK,928 Million,,," 1,405.75 ",,, 23.53 ,,"402,721",,"254,179",,,13.24%,52.75%,21.25%,52.75%,52.75%,45%,45%," 165,569 "," 74,506 "," 74,506 "
,HK0160011786,160 HK,"1,221,000",HON KWOK LAND INVESTMENT,1.45,,HKD,, Hong Kong ,#N/A Field Not Applicable,HK,128 Million,,, 720.43 ,,, 32.47 ,,"72,707",,"12,938",,,44.99%,100.%,47.5%,100.%,100.%,0%,0%," 226,357 ", -   , -   
,CNE100001ZS2,1528 HK,"1,145,000",RED STAR MACALLINE GROUP C-H,1.69,,HKD,, Hong Kong ,#N/A Field Not Applicable,#N/A,"1,896 Million",,, 741.29 ,,, 30.47 ,,"544,059",,"126,188",,,21.8%,31.75%,26.5%,31.75%,31.75%,65%,30%," 247,401 "," 160,811 "," 74,220 "
,US34955X1019,ASBN LX,"1,397",FORTEBANK JSC -SPON GDR REGS,#N/A N/A,,USD,, Luxembourg ,#N/A Field Not Applicable,#N/A,,,," 365,184.40 ",,, #N/A N/A ,,#N/A N/A,,,,,0.%,21.25%,21.25%,21.25%,#VALUE!,0%,0%, -   , -   , -   
,JP3868400007,7261 JP,"720,000",MAZDA MOTOR CORP,1714.5,,JPY,, Tokyo ,Tokyo Prime,,"7,971 Million",,, 631.80 ,,, 38.93 ,,"6,019,194",,"73,926,647",,,18.54%,21.25%,21.25%,21.25%,21.25%,75%,75%," 8,208,804 "," 6,156,603 "," 6,156,603 "
,JP3126210008,3036 JP,"3,000",ALCONIX CORP,1449,,JPY,, Tokyo ,Tokyo Prime,,330 Million,,, 31.04 ,,, 15.88 ,,"94,708",,"933,283",,,8.01%,73.75%,21.25%,73.75%,73.75%,25%,25%," 28,907 "," 7,227 "," 7,227 "
,JP3493400000,4631 JP,"2,000",DIC CORP,2865,,JPY,, Tokyo ,Tokyo Prime,,"1,982 Million",,, 95.16 ,,, 21.70 ,,"396,872",,"7,912,134",,,10.79%,31.75%,21.25%,31.75%,31.75%,65%,65%," 38,103 "," 24,767 "," 24,767 "
,JP3151600008,8088 JT,"1,000",IWATANI CORP,7799,,JPY,, Tokyo ,Tokyo Prime,,"3,315 Million",,, 58.56 ,,, 23.92 ,,"258,760",,"13,070,925",,,11.83%,31.75%,21.25%,31.75%,31.75%,65%,65%," 51,862 "," 33,710 "," 33,710 "
,JP3281610000,4251 JT,"2,500",KEIWA INC,1106,,JPY,, Tokyo ,Tokyo Prime,,155 Million,,, 19.27 ,,, 51.25 ,,"177,908",,"1,584,950",,,23.64%,100.%,26.5%,100.%,100.%,0%,0%," 18,387 ", -   , -   
,JP3888300005,4183 JP,"2,000",MITSUI CHEMICALS INC,4382,,JPY,, Tokyo ,Tokyo Prime,,"6,548 Million",,, 200.84 ,,, 25.69 ,,"802,383",,"24,268,288",,,12.64%,21.25%,21.25%,21.25%,21.25%,75%,75%," 58,279 "," 43,709 "," 43,709 "
,JP3888400003,5706 JP,"2,000",MITSUI MINING & SMELTING CO,4559,,JPY,, Tokyo ,Tokyo Prime,,"1,912 Million",,, 57.36 ,,, 30.47 ,,"523,540",,"16,868,877",,,14.82%,31.75%,21.25%,31.75%,31.75%,65%,65%," 60,633 "," 39,411 "," 39,411 "
,JP3651210001,6268 JP,"1,500",NABTESCO CORP,2627.5,,JPY,, Tokyo ,Tokyo Prime,,"2,294 Million",,, 121.06 ,,, 32.35 ,,"827,282",,"15,678,756",,,15.65%,31.75%,21.25%,31.75%,31.75%,65%,65%," 26,209 "," 17,036 "," 17,036 "
,JP3322600002,4651 JP,"14,000",SANIX INC,307,,JPY,, Tokyo ,Tokyo Standard,,108 Million,,, 48.92 ,,, 39.57 ,,"222,170",,"488,618",,,18.8%,100.%,21.25%,100.%,100.%,0%,0%," 28,581 ", -   , -   
,JP3105220002,8410 JP,"20,000",SEVEN BANK LTD,299.3,,JPY,, Tokyo ,Tokyo Prime,,"2,539 Million",,," 1,179.31 ",,, 18.63 ,,"4,916,127",,"10,607,702",,,9.34%,31.75%,21.25%,31.75%,31.75%,65%,65%," 39,806 "," 25,874 "," 25,874 "
,JP3535800001,4540 JP,"3,000",TSUMURA & CO,3658,,JPY,, Tokyo ,Tokyo Prime,,"2,090 Million",,, 76.76 ,,, 29.09 ,,"383,103",,"8,767,376",,,14.2%,31.75%,21.25%,31.75%,31.75%,65%,65%," 72,975 "," 47,434 "," 47,434 "
,JP3639100001,3087 JP,"3,000",DOUTOR NICHIRES HOLDINGS CO,2083,,JPY,, Tokyo ,Tokyo Prime,,685 Million,,, 45.61 ,,, 21.30 ,,"271,385",,"4,129,152",,,10.6%,52.75%,21.25%,52.75%,52.75%,45%,45%," 41,555 "," 18,700 "," 18,700 "
,CNE100003K61,1905 HK,"3,571",HAITONG UNITRUST INTERNATI-H,1.05,,HKD,, Hong Kong ,#N/A Field Not Applicable,HK,"1,117 Million",,," 5,794.45 ",,, 82.35 ,,"2,733,846",,"319,469",,,35.17%,31.75%,37.%,37.%,37.%,60%,60%, 479 , 288 , 288 
,JP3449100001,4626 JP,"3,200",TAIYO HOLDINGS CO LTD,3345,,JPY,, Tokyo ,Tokyo Prime,,"1,411 Million",,, 58.29 ,,, 30.29 ,,"128,320",,"2,925,051",,,14.73%,31.75%,21.25%,31.75%,31.75%,65%,65%," 71,180 "," 46,267 "," 46,267 "
,JP3122150000,3773 JP,"25,000",ADVANCED MEDIA INC,1688,,JPY,, Tokyo ,Tokyo Growth,,224 Million,,, 18.39 ,,, 48.03 ,,"128,877",,"1,709,796",,,22.66%,94.75%,26.5%,94.75%,94.75%,0%,0%," 280,622 ", -   , -   
,JP3164800009,7240 JP,"32,340",NOK CORP,2073.5,,JPY,, Tokyo ,Tokyo Prime,,"2,605 Million",,, 173.14 ,,, 34.08 ,,"486,742",,"7,017,113",,,16.42%,31.75%,21.25%,31.75%,31.75%,65%,65%," 445,917 "," 289,846 "," 289,846 "
,JP3433500000,6526 JT,"29,610",SOCIONEXT INC,3905,,JPY,, Tokyo ,Tokyo Prime,,"5,048 Million",,, 178.48 ,,, 67.85 ,,"18,707,360",,"457,897,909",,,30.03%,21.25%,31.75%,31.75%,31.75%,65%,65%," 768,899 "," 499,784 "," 499,784 "
,JP3567410000,1720 JP,"20,000",TOKYU CONSTRUCTION CO LTD,835,,JPY,, Tokyo ,Tokyo Prime,,646 Million,,, 106.76 ,,, 18.29 ,,"340,788",,"2,000,716",,,9.18%,52.75%,21.25%,52.75%,52.75%,45%,45%," 111,052 "," 49,973 "," 49,973 "
,JP3635400009,3116 JP,"63,400",TOYOTA BOSHOKU CORP,2501.5,,JPY,, Tokyo ,Tokyo Prime,,"3,435 Million",,, 187.67 ,,, 27.88 ,,"1,203,095",,"20,692,248",,,13.65%,31.75%,21.25%,31.75%,31.75%,65%,65%," 1,054,629 "," 685,509 "," 685,509 "
,JP3126130008,6425 JP,"5,000",UNIVERSAL ENTERTAINMENT CORP,1900,,JPY,, Tokyo ,Tokyo Standard,,"1,084 Million",,, 80.20 ,,, 40.43 ,,"397,080",,"5,949,013",,,19.16%,31.75%,21.25%,31.75%,31.75%,65%,65%," 63,173 "," 41,063 "," 41,063 "
,JP3944640006,9418 JP,"12,420",USEN-NEXT HOLDINGS CO LTD,5020,,JPY,, Tokyo ,Tokyo Prime,,"2,233 Million",,, 60.13 ,,, 30.58 ,,"232,395",,"7,350,377",,,14.86%,31.75%,21.25%,31.75%,31.75%,65%,65%," 414,606 "," 269,494 "," 269,494 "
,JP3659000008,9021 JP,"1,800",WEST JAPAN RAILWAY CO,6390,,JPY,, Tokyo ,Tokyo Prime,,"11,452 Million",,, 244.00 ,,, 19.52 ,,"1,055,110",,"46,732,624",,,9.76%,21.25%,21.25%,21.25%,21.25%,75%,75%," 76,486 "," 57,365 "," 57,365 "
,JP3942800008,7272 JP,"72,900",YAMAHA MOTOR CO LTD,1366.5,,JPY,, Tokyo ,Tokyo Prime,,"10,375 Million",,," 1,050.65 ",,, 28.14 ,,"5,661,062",,"55,330,828",,,13.76%,21.25%,21.25%,21.25%,21.25%,75%,75%," 662,441 "," 496,831 "," 496,831 "
,JP3219400003,8037 JT,"27,000",KAMEI CORP,2096,,JPY,, Tokyo ,Tokyo Prime,,565 Million,,, 37.59 ,,, 26.26 ,,"62,772",,"849,700",,,13.97%,52.75%,21.25%,52.75%,52.75%,45%,45%," 376,327 "," 169,347 "," 169,347 "
,JP3591600006,6617 JT,"15,000",TAKAOKA TOKO CO LTD,2446,,JPY,, Tokyo ,Tokyo Prime,,288 Million,,, 16.28 ,,, 30.75 ,,"78,572",,"1,322,325",,,15.16%,84.25%,21.25%,84.25%,84.25%,15%,15%," 243,982 "," 36,597 "," 36,597 "
,SGXZ53262598,EQOS UR,"10,000",EQONEX LTD,#N/A N/A,,USD,, #N/A Field Not Applicable ,#N/A Field Not Applicable,#N/A,,,, #N/A N/A ,,, #N/A N/A ,,#N/A N/A,,,,,0.%,21.25%,21.25%,21.25%,#VALUE!,0%,0%, -   , -   , -   
,BMG321571108,476 HK,"200,000",EV DYNAMICS HOLDINGS LIMITED,0.1,,HKD,, Hong Kong ,#N/A Field Not Applicable,HK,12 Million,,, 927.97 ,,, 79.83 ,,"990,446",,"16,586",,,34.82%,100.%,37.%,100.%,100.%,0%,0%," 2,557 ", -   , -   
,US88554D2053,DDD US,"9,800",3D SYSTEMS CORP,4.34,,USD,, New York ,#N/A Field Not Applicable,UN,580 Million,,, 133.62 ,,, 68.27 ,,"1,777,548",,"9,079,273",,,30.18%,52.75%,31.75%,52.75%,84.25%,15%,15%," 42,532 "," 6,380 "," 6,380 "
,NZATME0002S8,ATM NZ,"2,600",A2 MILK CO LTD,6.36,,NZD,, NZX ,#N/A Field Not Applicable,NZ,,,, 722.93 ,,, 32.73 ,,"587,455",,,,,0.%,21.25%,21.25%,21.25%,#N/A,0%,0%, -   , -   , -   
,US00827B1061,AFRM UW,900,AFFIRM HOLDINGS INC,34.21,,USD,, NASDAQ GS ,#N/A Field Not Applicable,UW,"10,498 Million",,, 259.56 ,,, 88.58 ,,"3,108,574",,"133,748,240",,,37.26%,21.25%,42.25%,42.25%,42.25%,55%,55%," 30,789 "," 16,934 "," 16,934 "
,NZAIRE0001S2,AIR NZ,"3,000",AIR NEW ZEALAND LTD,0.595,,NZD,, NZX ,#N/A Field Not Applicable,NZ,,,," 3,368.43 ",,, 18.56 ,,"1,333,311",,,,,0.%,21.25%,21.25%,21.25%,#N/A,0%,0%, -   , -   , -   
,NL0015000DX5,ATAI US,"1,150",ATAI LIFE SCIENCES NV,1.67,,USD,, NASDAQ GM ,#N/A Field Not Applicable,UQ,277 Million,,, 166.01 ,,, 83.89 ,,"1,492,863",,"2,745,694",,,35.69%,84.25%,37.%,84.25%,100.%,0%,0%," 1,921 ", -   , -   
,US04965B1008,ATOM UN,700,ATOMERA INC,6,,USD,, NASDAQ CM ,#N/A Field Not Applicable,UR,161 Million,,, 26.90 ,,, 81.96 ,,"1,292",,"9,300",,,38.37%,100.%,42.25%,100.%,100.%,0%,0%," 4,200 ", -   , -   
,JP3394900009,6232 JT,"7,900",ACSL LTD,776,,JPY,, Tokyo ,Tokyo Growth,,82 Million,,, 14.60 ,,, 58.59 ,,"305,293",,"1,735,209",,,26.53%,100.%,31.75%,100.%,100.%,0%,0%," 40,766 ", -   , -   
,US10921T1016,BCOV UW,"3,500",BRIGHTCOVE,1.87,,USD,, NASDAQ GS ,#N/A Field Not Applicable,UW,82 Million,,, 43.71 ,,, 52.03 ,,"72,469",,"161,801",,,23.95%,100.%,26.5%,100.%,100.%,0%,0%," 6,545 ", -   , -   
,US19260Q1076,COIN US,"1,060",COINBASE GLOBAL INC -CLASS A,239.62,,USD,, NASDAQ GS ,#N/A Field Not Applicable,UW,"58,054 Million",,, 195.53 ,,, 80.89 ,,"15,318,526",,"2,682,156,544",,,34.67%,21.25%,37.%,37.%,37.%,60%,60%," 253,997 "," 152,398 "," 152,398 "
,US2107511030,TCS UN,"4,500",CONTAINER STORE GROUP INC/TH,1.01,,USD,, New York ,#N/A Field Not Applicable,UN,52 Million,,, 51.61 ,,, 91.35 ,,"66,840",,"98,733",,,38.17%,100.%,42.25%,100.%,100.%,0%,0%," 4,545 ", -   , -   
,US2786421030,EBAY US,700,EBAY INC,51.35,,USD,, NASDAQ GS ,#N/A Field Not Applicable,UW,"26,599 Million",,, 518.00 ,,, 28.00 ,,"6,696,851",,"303,008,256",,,13.7%,21.25%,21.25%,21.25%,21.25%,75%,75%," 35,945 "," 26,959 "," 26,959 "
,CA2926717083,UUUU US,"4,000",ENERGY FUELS INC,6.06,,USD,, NYSEAmerican ,#N/A Field Not Applicable,CT,977 Million,,, 161.27 ,,, 50.02 ,,"2,930,935",,"20,397,334",,,23.14%,52.75%,26.5%,52.75%,84.25%,0%,0%," 24,240 ", -   , -   
,US30052C1071,EOLS UQ,400,EVOLUS INC,14,,USD,, NASDAQ GM ,#N/A Field Not Applicable,UQ,861 Million,,, 61.50 ,,, 55.36 ,,"196,479",,"2,491,456",,,25.27%,52.75%,26.5%,52.75%,52.75%,45%,45%," 5,600 "," 2,520 "," 2,520 "
,US31188V1008,FSLY US,"2,600",FASTLY INC - CLASS A,12.73,,USD,, New York ,#N/A Field Not Applicable,UN,"1,708 Million",,, 134.20 ,,, 77.18 ,,"3,973,893",,"68,230,952",,,33.38%,31.75%,37.%,37.%,37.%,60%,60%," 33,098 "," 19,859 "," 19,859 "
,NZFAPE0001S2,FPH NZ,"3,034",FISHER & PAYKEL HEALTHCARE C,23.98,,NZD,, NZX ,#N/A Field Not Applicable,NZ,,,, 583.96 ,,, 22.99 ,,"307,085",,,,,0.%,21.25%,21.25%,21.25%,#N/A,0%,0%, -   , -   , -   
,US4335392027,HIPO UN,200,HIPPO HOLDINGS INC,17.14,,USD,, New York ,#N/A Field Not Applicable,UN,417 Million,,, 24.31 ,,, 78.29 ,,"47,213",,"597,574",,,33.77%,63.25%,37.%,63.25%,63.25%,35%,35%," 3,428 "," 1,200 "," 1,200 "
,JP3845770001,6465 JP,"8,000",HOSHIZAKI CORP,5440,,JPY,, Tokyo ,Tokyo Prime,,"5,732 Million",,, 144.88 ,,, 23.13 ,,"364,440",,"13,691,774",,,11.46%,21.25%,21.25%,21.25%,21.25%,75%,75%," 289,400 "," 217,050 "," 217,050 "
,NZIFTE0003S3,IFT NZ,"1,000",INFRATIL LTD,10.52,,NZD,, NZX ,#N/A Field Not Applicable,NZ,,,, 832.57 ,,, 18.39 ,,"422,688",,,,,0.%,21.25%,21.25%,21.25%,#N/A,0%,0%, -   , -   , -   
,US46185L1035,NVTA US,"1,450",INVITAE CORP,#N/A N/A,,USD,, #N/A Field Not Applicable ,#N/A Field Not Applicable,UV,,,, #N/A N/A ,,, #N/A N/A ,,#N/A N/A,,,,,0.%,21.25%,21.25%,21.25%,#VALUE!,0%,0%, -   , -   , -   
,US4837091010,KNDI UW,"5,900",KANDI TECHNOLOGIES GROUP INC,2.29,,USD,, NASDAQ GS ,#N/A Field Not Applicable,UW,200 Million,,, 87.36 ,,, 39.98 ,,"24,348",,"64,658",,,19.49%,94.75%,21.25%,94.75%,100.%,0%,0%," 13,511 ", -   , -   
,US54738L1098,LOVE UN,600,LOVESAC CO/THE,22.18,,USD,, NASDAQ GM ,#N/A Field Not Applicable,UQ,344 Million,,, 15.49 ,,, 57.21 ,,"2,892",,"69,385",,,26.45%,73.75%,26.5%,73.75%,73.75%,25%,25%," 13,308 "," 3,327 "," 3,327 "
,NZMELE0002S7,MEL NZ,"11,000",MERIDIAN ENERGY LTD,5.6,,NZD,, NZX ,#N/A Field Not Applicable,NZ,,,," 2,586.71 ",,, 25.54 ,,"1,048,425",,,,,0.%,21.25%,21.25%,21.25%,#N/A,0%,0%, -   , -   , -   
,US65487K1007,LASR US,500,NLIGHT INC,12.2,,USD,, NASDAQ GS ,#N/A Field Not Applicable,UW,577 Million,,, 47.29 ,,, 54.31 ,,"179,925",,"2,363,291",,,24.86%,52.75%,26.5%,52.75%,52.75%,45%,45%," 6,100 "," 2,745 "," 2,745 "
,US7437131094,PRLB UN,"5,050",PROTO LABS INC,33.52,,USD,, New York ,#N/A Field Not Applicable,UN,862 Million,,, 25.72 ,,, 42.98 ,,"59,004",,"2,153,931",,,20.24%,52.75%,21.25%,52.75%,52.75%,45%,45%," 169,276 "," 76,174 "," 76,174 "
,NZRYME0001S4,RYM NZ,"4,000",RYMAN HEALTHCARE LTD,4.59,,NZD,, NZX ,#N/A Field Not Applicable,NZ,,,, 687.64 ,,, 28.28 ,,"809,980",,,,,0.%,21.25%,21.25%,21.25%,#N/A,0%,0%, -   , -   , -   
,US83067L2088,SKLZ UN,40,SKILLZ INC,6.12,,USD,, New York ,#N/A Field Not Applicable,UN,116 Million,,, 16.00 ,,, 93.92 ,,"59,162",,"357,497",,,39.%,100.%,42.25%,100.%,100.%,0%,0%, 245 , -   , -   
,US34385P1084,LAB US,"3,300",STANDARD BIOTOOLS INC,2.59,,USD,, NASDAQ GS ,#N/A Field Not Applicable,UW,751 Million,,, 290.12 ,,, 71.97 ,,"1,781,591",,"4,150,118",,,31.53%,52.75%,31.75%,52.75%,84.25%,15%,15%," 8,547 "," 1,282 "," 1,282 "
,JP3398700009,6405 JP,"10,000",SUZUMO MACHINERY CO LTD,1118,,JPY,, Tokyo ,Tokyo Standard,,105 Million,,, 12.96 ,,, 16.65 ,,"17,010",,"128,232",,,9.49%,100.%,21.25%,100.%,100.%,0%,0%," 74,345 ", -   , -   
,US87612E1064,TGT US,190,TARGET CORP,167.59,,USD,, New York ,#N/A Field Not Applicable,UN,"77,375 Million",,, 461.69 ,,, 31.93 ,,"3,884,781",,"583,716,480",,,15.47%,21.25%,21.25%,21.25%,21.25%,75%,75%," 31,842 "," 23,882 "," 23,882 "
,AU000000WBC1,WBC NZ,"2,076",WESTPAC BANKING CORP,28.28,,NZD,, NZX ,#N/A Field Not Applicable,AT,,,," 3,485.93 ",,, 23.72 ,,"21,109",,,,,0.%,21.25%,21.25%,21.25%,#N/A,0%,0%, -   , -   , -   
,US92971A1097,MAPS US,"2,200",WM TECHNOLOGY INC,1.02,,USD,, NASDAQ GS ,#N/A Field Not Applicable,UW,152 Million,,, 93.88 ,,, 97.52 ,,"493,098",,"430,823",,,40.14%,100.%,42.25%,100.%,100.%,0%,0%," 2,244 ", -   , -   
,DE000BASF111,BAS GY,"13,000",BASF SE,49.005,,EUR,, Xetra ,#N/A Field Not Applicable,GY,"45,721 Million",,, 892.52 ,,, 24.28 ,,"2,136,648",,"103,328,087",,,11.99%,21.25%,21.25%,21.25%,21.25%,75%,75%," 691,185 "," 518,389 "," 518,389 "
,GB0030913577,BT/A LN,"930,000",BT GROUP PLC,104.65,,GBp,, London ,#N/A Field Not Applicable,LN,"12,581 Million",,," 9,951.34 ",,, 27.45 ,,"18,531,740",,"24,907,618",,,13.45%,21.25%,21.25%,21.25%,21.25%,75%,75%," 1,235,239 "," 926,429 "," 926,429 "
,DE0005557508,DTE GR,"31,000",DEUTSCHE TELEKOM AG-REG,21.63,,EUR,, Xetra ,#N/A Field Not Applicable,GY,"112,714 Million",,," 4,986.46 ",,, 16.27 ,,"6,325,875",,"146,148,753",,,8.21%,21.25%,21.25%,21.25%,21.25%,75%,75%," 727,493 "," 545,620 "," 545,620 "
,GB00B019KW72,SBRY LN,"200,000",SAINSBURY (J) PLC,250.1,,GBp,, London ,#N/A Field Not Applicable,LN,"7,153 Million",,," 2,369.00 ",,, 21.49 ,,"4,093,623",,"13,332,152",,,10.69%,21.25%,21.25%,21.25%,21.25%,75%,75%," 634,852 "," 476,139 "," 476,139 "
,KYG7785L1023,3822 HK,"88,000",SAM WOO CONSTRUCTION GROUP L,0.036,,HKD,, Hong Kong ,#N/A Field Not Applicable,HK,8 Million,,," 1,680.00 ",,, 60.21 ,,"271,607",,"1,245",,,28.42%,100.%,31.75%,100.%,100.%,0%,0%, 405 , -   , -   
,JP3711200000,8304 JP,"4,000",AOZORA BANK LTD,2489,,JPY,, Tokyo ,Tokyo Prime,,"2,124 Million",,, 118.29 ,,, 40.23 ,,"4,094,845",,"71,901,717",,,19.08%,31.75%,21.25%,31.75%,31.75%,65%,65%," 66,206 "," 43,034 "," 43,034 "
,JP3118000003,7936 JP,"1,000",ASICS CORP,6751,,JPY,, Tokyo ,Tokyo Prime,,"9,340 Million",,, 189.87 ,,, 40.18 ,,"1,518,228",,"57,187,657",,,19.06%,21.25%,21.25%,21.25%,21.25%,75%,75%," 44,893 "," 33,670 "," 33,670 "
,JP3733000008,6701 JP,500,NEC CORP,10955,,JPY,, Tokyo ,Tokyo Prime,,"21,240 Million",,, 272.85 ,,, 29.71 ,,"1,130,718",,"77,509,232",,,14.47%,21.25%,21.25%,21.25%,21.25%,75%,75%," 36,424 "," 27,318 "," 27,318 "
,JP3197800000,6645 JP,300,OMRON CORP,5557,,JPY,, Tokyo ,Tokyo Prime,,"8,313 Million",,, 206.24 ,,, 36.08 ,,"1,227,585",,"53,046,002",,,17.29%,21.25%,21.25%,21.25%,21.25%,75%,75%," 11,086 "," 8,314 "," 8,314 "
,US9113121068,UPS UN,"1,200",UNITED PARCEL SERVICE-CL B,151.69,,USD,, New York ,#N/A Field Not Applicable,UN,"129,339 Million",,, 726.82 ,,, 24.74 ,,"1,120,370",,"170,940,336",,,12.21%,21.25%,21.25%,21.25%,21.25%,75%,75%," 182,028 "," 136,521 "," 136,521 "
,KYG857001054,1686 HK,"521,000",SUNEVISION HOLDINGS,2.65,,HKD,, Hong Kong ,#N/A Field Not Applicable,HK,781 Million,,," 2,339.06 ",,, 30.47 ,,"985,582",,"348,677",,,16.43%,52.75%,21.25%,52.75%,52.75%,45%,45%," 176,520 "," 79,434 "," 79,434 "
,CNE1000023G9,1799 HK,"100,000",XINTE ENERGY CO LTD-H,11.34,,HKD,, Hong Kong ,#N/A Field Not Applicable,HK,"2,108 Million",,, 376.17 ,,, 47.85 ,,"1,742,915",,"2,282,156",,,22.26%,31.75%,26.5%,31.75%,31.75%,65%,65%," 144,985 "," 94,240 "," 94,240 "
,JP3542800002,9708 JP,"32,620",IMPERIAL HOTEL LTD,1003,,JPY,, Tokyo ,Tokyo Standard,,854 Million,,, 118.80 ,,, 14.91 ,,"166,285",,"1,198,344",,,7.67%,52.75%,21.25%,52.75%,52.75%,45%,45%," 217,568 "," 97,906 "," 97,906 "
,ES0177542018,IAG LN,"270,000",INTL CONSOLIDATED AIRLINE-DI,156.45,,GBp,, London ,#N/A Field Not Applicable,LN,"9,361 Million",,," 4,916.58 ",,, 31.02 ,,"11,132,370",,"20,284,450",,,15.06%,21.25%,21.25%,21.25%,21.25%,75%,75%," 536,128 "," 402,096 "," 402,096 "
,JP3539350003,4331 JP,"137,000",TAKE AND GIVE NEEDS CO LTD,1111,,JPY,, Tokyo ,Tokyo Prime,,120 Million,,, 14.62 ,,, 40.38 ,,"78,613",,"649,997",,,26.49%,100.%,26.5%,100.%,100.%,0%,0%," 1,012,149 ", -   , -   
,ID1000152903,UCID IJ,"11,003,200",UNI-CHARM INDONESIA TBK PT,930,,IDR,, Indonesia ,#N/A Field Not Applicable,IJ,245 Million,,," 4,156.57 ",,, 25.23 ,,"1,081,826",,"67,099",,,31.11%,94.75%,31.75%,94.75%,100.%,0%,0%," 651,160 ", -   , -   
,JP3777500004,7636 JP,"30,500",HANDSMAN CO LTD,974,,JPY,, Tokyo ,Tokyo Standard,,102 Million,,, 14.51 ,,, 21.69 ,,"8,488",,"59,403",,,18.95%,100.%,21.25%,100.%,100.%,0%,0%," 197,546 ", -   , -   
,CA04350G1028,ACG CN,"618,866",ALLIANCE GROWERS CORP,#N/A N/A,,CAD,, #N/A Field Not Applicable ,#N/A Field Not Applicable,#N/A,,,, 86.11 ,,, #N/A N/A ,,#N/A N/A,,,,,0.%,21.25%,21.25%,21.25%,#VALUE!,0%,0%, -   , -   , -   
,HK0229001182,229 HK,"1,100,000",RAYMOND INDUSTRIAL LTD,0.91,,HKD,, Hong Kong ,#N/A Field Not Applicable,HK,58 Million,,, 501.32 ,,, 29.43 ,,"61,869",,"6,468",,,42.7%,100.%,47.5%,100.%,100.%,0%,0%," 127,981 ", -   , -   
,US81369Y8030,XLK US,"3,856",TECHNOLOGY SELECT SECT SPDR,206.3,,USD,, NYSE Arca ,#N/A Field Not Applicable,UP,"63,934 Million",,, 309.91 ,,, 18.18 ,,"6,810,259",,"1,362,232,448",,,9.12%,21.25%,21.25%,21.25%,21.25%,75%,75%," 795,493 "," 596,620 "," 596,620 "
,JP3433400003,8243 JP,"230,000",SOGO & SEIBU CO LTD,#N/A N/A,,JPY,, #N/A Field Not Applicable ,#N/A Field Not Applicable,,,,, 149.70 ,,, #N/A N/A ,,#N/A N/A,,,,,0.%,21.25%,21.25%,21.25%,#VALUE!,0%,0%, -   , -   , -   
,CNE1000004X4,3898 HK,"84,444",ZHUZHOU CRRC TIMES ELECTRI-H,25.2,,HKD,, Hong Kong ,#N/A Field Not Applicable,HK,"7,168 Million",,, 547.33 ,,, 39.63 ,,"2,947,496",,"8,422,641",,,18.82%,21.25%,21.25%,21.25%,21.25%,75%,75%," 272,069 "," 204,052 "," 204,052 "
,BMG3978C1249,493 HK,"100,000",GOME RETAIL HOLDINGS LTD,0.02,,HKD,, Hong Kong ,#N/A Field Not Applicable,HK,122 Million,,," 47,762.44 ",,, 110.54 ,,"1,283,632,000",,"8,594,213",,,44.1%,100.%,47.5%,100.%,100.%,0%,0%, 256 , -   , -   
,KYG3R83K1037,6088 HK,"150,000",FIT HON TENG LTD,1.83,,HKD,, Hong Kong ,#N/A Field Not Applicable,HK,"1,642 Million",,," 7,289.95 ",,, 60.38 ,,"5,907,540",,"956,831",,,27.22%,31.75%,31.75%,31.75%,31.75%,65%,65%," 35,096 "," 22,812 "," 22,812 "
,US36241U1060,GSIT US,"468,141",GSI TECHNOLOGY INC,3.49,,USD,, NASDAQ GS ,#N/A Field Not Applicable,UW,88 Million,,, 25.30 ,,, 166.30 ,,"431,258",,"1,426,497",,,67.16%,100.%,68.5%,100.%,100.%,0%,0%," 1,633,812 ", -   , -   
,US6742152076,CHRD US,"2,000",CHORD ENERGY CORP,168.62,,USD,, NASDAQ GS ,#N/A Field Not Applicable,UW,"6,987 Million",,, 41.44 ,,, 29.04 ,,"638,662",,"103,014,400",,,14.17%,21.25%,21.25%,21.25%,21.25%,75%,75%," 337,240 "," 252,930 "," 252,930 "
,US2441991054,DE UN,528,DEERE & CO,385.31,,USD,, New York ,#N/A Field Not Applicable,UN,"107,254 Million",,, 278.36 ,,, 25.70 ,,"429,440",,"163,790,688",,,12.65%,21.25%,21.25%,21.25%,21.25%,75%,75%," 203,444 "," 152,583 "," 152,583 "
,IL0065100930,ZIM UN,"5,388",ZIM INTEGRATED SHIPPING SERV,9.54,,USD,, New York ,#N/A Field Not Applicable,UN,"1,147 Million",,, 120.22 ,,, 72.92 ,,"1,643,479",,"20,212,188",,,31.87%,31.75%,37.%,37.%,47.5%,50%,50%," 51,402 "," 25,701 "," 25,701 "
,AU0000022774,AGH AT,"2,000,000",ALTHEA GROUP HOLDINGS LTD,0.03,,AUD,, ASE ,#N/A Field Not Applicable,AT,9 Million,,, 396.04 ,,, 79.65 ,,"477,935",,"10,782",,,55.37%,100.%,58.%,100.%,100.%,0%,0%," 39,090 ", -   , -   
,MYL6399OO009,ASTRO MK,"300,000",ASTRO MALAYSIA HOLDINGS BHD,0.315,,MYR,, Bursa Malays ,#N/A Field Not Applicable,MK,349 Million,,," 5,219.02 ",,, 44.96 ,,"6,140,668",,"502,199",,,21.07%,73.75%,21.25%,73.75%,100.%,0%,0%," 19,967 ", -   , -   
,MYL5301OO006,CTOS MK,"282,100",CTOS DIGITAL BHD,1.31,,MYR,, Bursa Malays ,#N/A Field Not Applicable,MK,675 Million,,," 2,310.00 ",,, 27.09 ,,"11,437,060",,"3,397,156",,,13.28%,52.75%,21.25%,52.75%,52.75%,45%,45%," 78,085 "," 35,138 "," 35,138 "
,MYL3859OO005,MAG MK,"150,000",MAGNUM BHD,1.13,,MYR,, Bursa Malays ,#N/A Field Not Applicable,MK,359 Million,,," 1,437.18 ",,, 22.16 ,,"696,618",,"174,324",,,11.24%,73.75%,21.25%,73.75%,73.75%,25%,25%," 35,815 "," 8,954 "," 8,954 "
,MYL7097WBY80,7097WB MK ,"333,920",TA WIN HOLDINGS BHD-CW24,#N/A N/A,,MYR,, Bursa Malays ,#N/A Field Not Applicable,#N/A,,,, #N/A Field Not Applicable ,,, 273.59 ,,"270,643",,302,,,0.%,21.25%,21.25%,21.25%,#VALUE!,#VALUE!,0%, -   ,#VALUE!, -   
,US92556H2067,PARA US,"2,000",PARAMOUNT GLOBAL-CLASS B,11.2,,USD,, NASDAQ GS ,#N/A Field Not Applicable,UW,"7,731 Million",,, 611.78 ,,, 60.77 ,,"17,336,872",,"227,518,736",,,27.37%,21.25%,31.75%,31.75%,31.75%,65%,65%," 22,400 "," 14,560 "," 14,560 "
,MYQ0123OO008,PRTB MK,"1,000,000",PRIVASIA TECHNOLOGY BERHAD,0.105,,MYR,, Bursa Malays ,#N/A Field Not Applicable,MK,14 Million,,, 614.02 ,,, 68.29 ,,"2,680,117",,"69,661",,,31.93%,100.%,37.%,100.%,100.%,0%,0%," 22,186 ", -   , -   
,MYL1295OO004,PBK MK,"500,000",PUBLIC BANK BERHAD,4.29,,MYR,, Bursa Malays ,#N/A Field Not Applicable,MK,"18,528 Million",,," 19,410.69 ",,, 12.56 ,,"18,563,030",,"18,003,506",,,6.4%,21.25%,21.25%,21.25%,21.25%,75%,75%," 453,230 "," 339,922 "," 339,922 "
,MYL5218OO002,SAPE MK,"500,000",SAPURA ENERGY BHD,0.05,,MYR,, Bursa Malays ,#N/A Field Not Applicable,MK,184 Million,,," 18,375.94 ",,, 128.44 ,,"23,457,350",,"250,870",,,49.13%,100.%,52.75%,100.%,100.%,0%,0%," 5,282 ", -   , -   
,MYL4197OO009,SIME MK,"1,000,000",SIME DARBY BERHAD,2.65,,MYR,, Bursa Malays ,#N/A Field Not Applicable,MK,"4,013 Million",,," 6,815.60 ",,, 19.29 ,,"13,640,070",,"7,686,239",,,9.65%,31.75%,21.25%,31.75%,31.75%,65%,65%," 559,934 "," 363,957 "," 363,957 "
,US82968B1035,SIRI US,"10,000",SIRIUS XM HOLDINGS INC,4.03,,USD,, NASDAQ GS ,#N/A Field Not Applicable,UW,"15,485 Million",,," 3,842.46 ",,, 62.46 ,,"13,386,977",,"65,260,864",,,28.01%,21.25%,31.75%,31.75%,42.25%,55%,55%," 40,300 "," 22,165 "," 22,165 "
,MYL8664OO004,SPSB MK,"500,000",SP SETIA BHD,1.12,,MYR,, Bursa Malays ,#N/A Field Not Applicable,MK,"1,112 Million",,," 4,452.94 ",,, 40.38 ,,"19,417,890",,"3,956,947",,,19.14%,31.75%,21.25%,31.75%,31.75%,65%,65%," 118,326 "," 76,912 "," 76,912 "
,MYL1562OO007,SPTOTO MK,"308,550",SPORTS TOTO BHD,1.41,,MYR,, Bursa Malays ,#N/A Field Not Applicable,MK,424 Million,,," 1,349.31 ",,, 22.74 ,,"372,633",,"122,637",,,13.47%,63.25%,21.25%,63.25%,63.25%,35%,35%," 91,925 "," 32,174 "," 32,174 "
,MYL7097OO008,TWH MK,"834,800",TA WIN HOLDINGS BHD,0.035,,MYR,, Bursa Malays ,#N/A Field Not Applicable,MK,23 Million,,," 3,435.27 ",,, 142.78 ,,"12,225,570",,"106,657",,,52.83%,100.%,58.%,100.%,100.%,0%,0%," 6,174 ", -   , -   
,MYL7113OO003,TOPG MK,"150,000",TOP GLOVE CORP BHD,0.8,,MYR,, Bursa Malays ,#N/A Field Not Applicable,MK,"1,420 Million",,," 8,008.22 ",,, 50.23 ,,"41,425,160",,"8,542,433",,,23.23%,31.75%,26.5%,31.75%,42.25%,55%,55%," 25,356 "," 13,946 "," 13,946 "
,US9043112062,UA US,"45,150",UNDER ARMOUR INC-CLASS C,6.94,,USD,, New York ,#N/A Field Not Applicable,UN,"3,081 Million",,, 212.03 ,,, 41.27 ,,"3,529,013",,"27,481,764",,,19.52%,31.75%,21.25%,31.75%,42.25%,55%,55%," 313,341 "," 172,338 "," 172,338 "
,AU000000UBI2,UBI AT,"150,000",UNIVERSAL BIOSENSORS INC-CDI,#N/A N/A,,AUD,, ASE ,#N/A Field Not Applicable,AT,35 Million,,, 212.37 ,,, 98.57 ,,"108,079",,"12,978",,,0.%,100.%,21.25%,100.%,#VALUE!,0%,0%, -   , -   , -   
,US8936411003,TDG US,20,TRANSDIGM GROUP INC,1181,,USD,, New York ,#N/A Field Not Applicable,UN,"65,671 Million",,, 55.61 ,,, 22.38 ,,"211,360",,"232,811,728",,,11.11%,21.25%,21.25%,21.25%,21.25%,75%,75%," 23,620 "," 17,715 "," 17,715 "
,BMG0171W1055,1060 HK,"1,270,000",ALIBABA PICTURES GROUP LTD,0.455,,HKD,, Hong Kong ,#N/A Field Not Applicable,HK,"1,698 Million",,," 29,488.77 ",,, 50.18 ,,"46,445,390",,"2,615,901",,,23.21%,31.75%,26.5%,31.75%,42.25%,55%,55%," 73,880 "," 40,634 "," 40,634 "
,KYG6432S1066,2150 HK,"4,500",NAYUKI HOLDINGS LTD,3.19,,HKD,, Hong Kong ,#N/A Field Not Applicable,HK,676 Million,,," 1,715.13 ",,, 54.76 ,,"6,719,963",,"2,511,186",,,25.04%,52.75%,26.5%,52.75%,52.75%,45%,45%," 1,835 ", 826 , 826 
,CNE100002QY7,6060 HK,"118,000",ZHONGAN ONLINE P&C INSURAN-H,12.68,,HKD,, Hong Kong ,#N/A Field Not Applicable,HK,"2,382 Million",,," 1,419.81 ",,, 43.32 ,,"2,788,768",,"4,830,298",,,20.38%,31.75%,21.25%,31.75%,31.75%,65%,65%," 191,298 "," 124,344 "," 124,344 "
,US0152711091,ARE US,"2,400",ALEXANDRIA REAL ESTATE EQUIT,123.44,,USD,, New York ,#N/A Field Not Applicable,#N/A,"21,598 Million",,, 174.97 ,,, 34.81 ,,"1,077,980",,"132,800,736",,,16.74%,21.25%,21.25%,21.25%,21.25%,75%,75%," 296,256 "," 222,192 "," 222,192 "
,NL0010273215,ASML NA,249,ASML HOLDING NV,870.8,,EUR,, EN Amsterdam ,#N/A Field Not Applicable,NA,"359,875 Million",,, 399.58 ,,, 29.94 ,,"564,475",,"467,183,576",,,14.58%,21.25%,21.25%,21.25%,21.25%,75%,75%," 235,249 "," 176,437 "," 176,437 "
,KYG319891092,1821 HK,"46,800",ESR GROUP LTD,8.85,,HKD,, Hong Kong ,#N/A Field Not Applicable,HK,"4,184 Million",,," 4,212.50 ",,, 40.57 ,,"8,148,743",,"10,506,639",,,19.22%,31.75%,21.25%,31.75%,31.75%,65%,65%," 52,954 "," 34,420 "," 34,420 "
,US74347B7148,PSQ US,"24,450",PROSHARES SHORT QQQ,8.98,,USD,, NYSE Arca ,#N/A Field Not Applicable,UP,595 Million,,, 66.26 ,,, 16.73 ,,"18,528,360",,"171,541,440",,,8.43%,52.75%,21.25%,52.75%,84.25%,15%,15%," 219,561 "," 32,934 "," 32,934 "
,IE00B9CQXS71,GLDV LN,"35,964",SPDR GLOBAL  DIV ARISTOCRATS,30.705,,USD,, London ,#N/A Field Not Applicable,LN,"1,024 Million",,, 33.45 ,,, 16.18 ,,"9,480",,"292,893",,,14.8%,31.75%,21.25%,31.75%,31.75%,65%,15%," 1,104,275 "," 717,779 "," 165,641 "
,US78464A8707,XBI US,"10,764",SPDR S&P BIOTECH ETF,92.95,,USD,, NYSE Arca ,#N/A Field Not Applicable,UP,"7,355 Million",,, 79.13 ,,, 29.53 ,,"11,684,407",,"1,076,914,048",,,14.39%,21.25%,21.25%,21.25%,21.25%,75%,75%," 1,000,514 "," 750,385 "," 750,385 "
,US37954Y8553,LIT US,"1,500",GLOBAL X LITHIUM & BATTERY T,46.11,,USD,, NYSE Arca ,#N/A Field Not Applicable,UP,"1,680 Million",,, 36.43 ,,, 27.31 ,,"607,992",,"27,674,618",,,13.39%,31.75%,21.25%,31.75%,31.75%,65%,65%," 69,165 "," 44,957 "," 44,957 "
,CNE100001QN2,1963 HK,"1,107,000",BANK OF CHONGQING CO LTD-H,4.3,,HKD,, Hong Kong ,#N/A Field Not Applicable,HK,"2,758 Million",,," 1,579.02 ",,, 18.02 ,,"1,459,742",,"772,561",,,10.66%,31.75%,21.25%,31.75%,31.75%,65%,65%," 608,592 "," 395,585 "," 395,585 "
,KYG2046Q1073,682 HK,"5,273,004",CHAODA MODERN AGRICULTURE,0.036,,HKD,, Hong Kong ,#N/A Field Not Applicable,HK,14 Million,,," 3,295.58 ",,, 118.75 ,,"13,489,030",,"44,660",,,48.93%,100.%,52.75%,100.%,100.%,0%,0%," 24,270 ", -   , -   
,KYG2110P1000,2877 HK,"301,000",CHINA SHINEWAY PHARMACEUTICA,10.56,,HKD,, Hong Kong ,#N/A Field Not Applicable,HK,"1,088 Million",,, 827.00 ,,, 40.44 ,,"648,958",,"723,658",,,20.85%,31.75%,21.25%,31.75%,31.75%,65%,65%," 406,388 "," 264,152 "," 264,152 "
,BMG4984N1618,199 HK,"5,560,320",ITC PROPERTIES GROUP LTD,0.55,,HKD,, Hong Kong ,#N/A Field Not Applicable,HK,67 Million,,, 907.20 ,,, 48.06 ,,"54,777",,"3,908",,,86.36%,100.%,89.5%,100.%,100.%,0%,0%," 390,996 ", -   , -   
,KYG6103P1182,459 HK,"11,071",LEGEND UPSTAR HOLDINGS LTD,0.093,,HKD,, Hong Kong ,#N/A Field Not Applicable,HK,22 Million,,," 1,805.28 ",,, 47.49 ,,"404,262",,"4,977",,,22.11%,100.%,26.5%,100.%,100.%,0%,0%, 132 , -   , -   
,BMG4491W1001,1200 HK,"13,025",MIDLAND HOLDINGS LTD,0.98,,HKD,, Hong Kong ,#N/A Field Not Applicable,HK,81 Million,,, 717.09 ,,, 63.52 ,,"2,721,858",,"332,549",,,28.41%,100.%,31.75%,100.%,100.%,0%,0%," 1,632 ", -   , -   
,KYG806391002,770 HK,"50,000",SHANGHAI INTL SHANG.GROW INV,0.07,,USD,, Hong Kong ,#N/A Field Not Applicable,HK,1 Million,,, 10.69 ,,, 42.36 ,,"1,116",,132,,,70.33%,100.%,73.75%,100.%,100.%,0%,0%," 3,500 ", -   , -   
,GB00BVGBWW93,AGR LN,"80,667",ASSURA PLC,41.5,,GBp,, London ,#N/A Field Not Applicable,#N/A,"1,475 Million",,," 2,984.79 ",,, 27.15 ,,"6,076,547",,"3,231,120",,,13.31%,31.75%,21.25%,31.75%,42.25%,55%,55%," 42,489 "," 23,369 "," 23,369 "
,FR0000120644,BN FP,729,DANONE,59.34,,EUR,, EN Paris ,#N/A Field Not Applicable,FP,"41,822 Million",,, 677.77 ,,, 13.55 ,,"1,005,543",,"63,129,875",,,6.88%,21.25%,21.25%,21.25%,21.25%,75%,75%," 46,934 "," 35,200 "," 35,200 "
,US37954A2042,GMRE US,"7,124",GLOBAL MEDICAL REIT INC,8.68,,USD,, New York ,#N/A Field Not Applicable,#N/A,569 Million,,, 65.57 ,,, 29.84 ,,"365,518",,"3,610,637",,,14.53%,52.75%,21.25%,52.75%,84.25%,15%,15%," 61,836 "," 9,275 "," 9,275 "
,IT0001250932,HER IM,"13,703",HERA SPA,3.31,,EUR,, BrsaItaliana ,#N/A Field Not Applicable,IM,"5,060 Million",,," 1,489.54 ",,, 24.14 ,,"2,425,501",,"7,925,740",,,11.93%,21.25%,21.25%,21.25%,31.75%,65%,65%," 49,210 "," 31,987 "," 31,987 "
,JP3134800006,7013 JT,"2,000",IHI CORP,3597,,JPY,, Tokyo ,Tokyo Prime,,"4,034 Million",,, 154.68 ,,, 34.42 ,,"2,497,682",,"54,541,548",,,16.57%,31.75%,21.25%,31.75%,31.75%,65%,65%," 47,839 "," 31,095 "," 31,095 "
,US6378701063,NSA UN,"1,179",NATIONAL STORAGE AFFILIATES,36.54,,USD,, New York ,#N/A Field Not Applicable,#N/A,"4,403 Million",,, 79.98 ,,, 28.38 ,,"260,342",,"9,841,634",,,13.87%,31.75%,21.25%,31.75%,31.75%,65%,65%," 43,081 "," 28,002 "," 28,002 "
,US9694571004,WMB US,"1,700",WILLIAMS COS INC,37.22,,USD,, New York ,#N/A Field Not Applicable,UN,"45,287 Million",,," 1,216.75 ",,, 19.23 ,,"6,844,764",,"239,928,160",,,9.62%,21.25%,21.25%,21.25%,21.25%,75%,75%," 63,274 "," 47,456 "," 47,456 "
,SG1W27938677,LMRT SP,"200,000",LIPPO MALLS INDONESIA RETAIL,0.014,,SGD,, Singapore ,#N/A Field Not Applicable,#N/A,78 Million,,," 7,696.81 ",,, 82.64 ,,"2,674,878",,"29,899",,,35.27%,100.%,37.%,100.%,100.%,0%,0%," 2,086 ", -   , -   
,SG1D93474618,SCE SP,"890,052",SECOND CHANCE PROPERTIES LTD,#N/A N/A,,SGD,, Singapore ,#N/A Field Not Applicable,SP,155 Million,,, 927.80 ,,, 38.56 ,,"44,516",,"7,753",,,0.%,100.%,21.25%,100.%,#VALUE!,0%,0%, -   , -   , -   
,BMG4824K1045,147 HK,"2,435,000",INTERNATIONAL BUSINESS SETTL,0.06,,HKD,, Hong Kong ,#N/A Field Not Applicable,HK,153 Million,,," 20,319.07 ",,, 108.81 ,,"151,610",,"1,038",,,84.69%,100.%,89.5%,100.%,100.%,0%,0%," 18,679 ", -   , -   
,JP3256000005,4151 JP,"15,535",KYOWA KIRIN CO LTD,2884.5,,JPY,, Tokyo ,Tokyo Prime,,"11,181 Million",,, 540.00 ,,, 29.86 ,,"1,192,693",,"22,675,120",,,14.54%,21.25%,21.25%,21.25%,21.25%,75%,75%," 297,983 "," 223,487 "," 223,487 "
,JP3405400007,6302 JP,"2,080",SUMITOMO HEAVY INDUSTRIES,4580,,JPY,, Tokyo ,Tokyo Prime,,"4,102 Million",,, 122.91 ,,, 27.35 ,,"480,752",,"14,204,325",,,13.4%,31.75%,21.25%,31.75%,31.75%,65%,65%," 63,349 "," 41,177 "," 41,177 "
,US88032Q1094,TCEHY US,500,TENCENT HOLDINGS LTD-UNS ADR,36.85,,USD,, OTC US ,#N/A Field Not Applicable,#N/A,"347,561 Million",,," 9,431.78 ",,, 36.82 ,,"3,530,609",,"128,268,680",,,17.61%,21.25%,21.25%,21.25%,21.25%,0%,0%," 18,425 ", -   , -   
,MYL7113OO003,TOPG SP,"2,000",TOP GLOVE CORP BHD,0.225,,SGD,, Singapore ,#N/A Field Not Applicable,MK,"1,309 Million",,," 8,008.22 ",,, 54.16 ,,"3,349,756",,"640,949",,,24.8%,31.75%,26.5%,31.75%,42.25%,55%,55%, 335 , 184 , 184 
,US0030571063,ACP US,262,ABRDN INCOME CREDIT STRATEGI,7.01,,USD,, New York ,#N/A Field Not Applicable,UN,365 Million,,, 52.11 ,,, 17.97 ,,"327,154",,"2,235,505",,,9.02%,73.75%,21.25%,73.75%,100.%,0%,0%," 1,837 ", -   , -   
,US0321086078,BLOK US,"1,540",AMPLIFY TRANSFOR DATA SHARIN,34.2,,USD,, NYSE Arca ,#N/A Field Not Applicable,UP,705 Million,,, 20.60 ,,, 37.23 ,,"304,440",,"9,281,458",,,17.79%,52.75%,21.25%,52.75%,52.75%,45%,45%," 52,668 "," 23,701 "," 23,701 "
,US09255P1075,HYT UN,"4,516",BLACKROCK CORP HI YLD,9.74,,USD,, New York ,#N/A Field Not Applicable,UN,"1,391 Million",,, 142.81 ,,, 12.68 ,,"86,691",,"830,293",,,6.45%,31.75%,21.25%,31.75%,42.25%,55%,55%," 43,986 "," 24,192 "," 24,192 "
,US09255R2022,DSU US,"3,980",BLACKROCK DEBT STRATEGIES,11.13,,USD,, New York ,#N/A Field Not Applicable,UN,519 Million,,, 46.63 ,,, 10.22 ,,"154,003",,"1,685,945",,,5.24%,52.75%,21.25%,52.75%,52.75%,45%,45%," 44,297 "," 19,934 "," 19,934 "
,US09249W1018,BLW US,"3,060",BLACKROCK LTD DURATION INC,13.95,,USD,, New York ,#N/A Field Not Applicable,UN,498 Million,,, 35.72 ,,, 10.92 ,,"88,353",,"1,227,834",,,5.58%,63.25%,21.25%,63.25%,63.25%,35%,35%," 42,687 "," 14,940 "," 14,940 "
,US09248X1000,BBN US,41,BLACKROCK TAXABLE MUNICIPAL,16.35,,USD,, New York ,#N/A Field Not Applicable,UN,"1,010 Million",,, 61.79 ,,, 16.03 ,,"243,238",,"4,020,691",,,8.09%,31.75%,21.25%,31.75%,31.75%,65%,65%, 670 , 436 , 436 
,US09261X1028,BXSL UN,"1,494",BLACKSTONE SECURED LENDING F,30.52,,USD,, New York ,#N/A Field Not Applicable,#N/A,"5,848 Million",,, 191.60 ,,, 18.28 ,,"207,221",,"5,972,227",,,9.17%,21.25%,21.25%,21.25%,21.25%,75%,75%," 45,597 "," 34,198 "," 34,198 "
,HK0000330164,7288 HK,"250,000",CSOP HANG SENG CHINA ENT-HKD,1.696,,HKD,, Hong Kong ,#N/A Field Not Applicable,HK,41 Million,,, 194.40 ,,, 53.33 ,,"8,310,056",,"1,628,038",,,24.47%,100.%,26.5%,100.%,100.%,0%,0%," 54,210 ", -   , -   
,US48249T1060,KIO US,113,KKR INCOME OPPORTUNITIES,13.18,,USD,, New York ,#N/A Field Not Applicable,UN,357 Million,,, 27.12 ,,, 13.43 ,,"137,056",,"1,761,817",,,6.82%,73.75%,21.25%,73.75%,73.75%,25%,25%," 1,489 ", 372 , 372 
,US72201R7834,HYS US,423,PIMCO 0-5 YEAR H/Y CORP BOND,93.2,,USD,, NYSE Arca ,#N/A Field Not Applicable,UP,"1,305 Million",,, 14.00 ,,, 5.67 ,,"145,284",,"13,528,346",,,2.94%,31.75%,21.25%,31.75%,31.75%,65%,65%," 39,424 "," 25,625 "," 25,625 "
,US92189F4375,ANGL US,"1,415",VANECK FALLEN ANGEL HIGH YLD,28.69,,USD,, NASDAQ GM ,#N/A Field Not Applicable,UQ,"3,097 Million",,, 107.95 ,,, 6.52 ,,"1,195,496",,"34,478,276",,,3.37%,31.75%,21.25%,31.75%,31.75%,65%,65%," 40,596 "," 26,388 "," 26,388 "
,US92189F8178,VNM UF,"2,400",VANECK VIETNAM ETF,13.34,,USD,, Cboe BZX ,#N/A Field Not Applicable,UF,543 Million,,, 40.70 ,,, 24.65 ,,"55,845",,"729,475",,,12.17%,52.75%,21.25%,52.75%,52.75%,0%,0%," 32,016 ", -   , -   
,US95766A1016,EMD US,"4,543",WESTERN ASSET EMRG MRKT DBT,9.3,,USD,, New York ,#N/A Field Not Applicable,UN,544 Million,,, 58.44 ,,, 15.54 ,,"251,390",,"2,296,967",,,7.85%,52.75%,21.25%,52.75%,84.25%,15%,15%," 42,250 "," 6,337 "," 6,337 "
,US95766J1025,HIX US,2,WESTERN ASSET HIGH INC II,4.49,,USD,, New York ,#N/A Field Not Applicable,UN,404 Million,,, 90.03 ,,, 18.79 ,,"438,325",,"1,987,076",,,9.41%,63.25%,21.25%,63.25%,94.75%,5%,5%, 9 , 0 , 0 
,US7311052010,PSNY US,"2,790",POLESTAR AUTOMOTIVE-CL A ADS,1.55,,USD,, NASDAQ GM ,#N/A Field Not Applicable,#N/A,"3,271 Million",,, 467.95 ,,, 74.41 ,,"3,432,884",,"6,513,469",,,32.4%,31.75%,37.%,37.%,47.5%,50%,50%," 4,325 "," 2,162 "," 2,162 "
,US92206C5994,VTHR US,770,VANGUARD RUSSELL 3000,228.75,,USD,, NASDAQ GM ,#N/A Field Not Applicable,UQ,"2,276 Million",,, 9.95 ,,, 12.98 ,,"32,416",,"6,979,713",,,6.6%,31.75%,21.25%,31.75%,31.75%,65%,65%," 176,138 "," 114,489 "," 114,489 "
,US46655E1001,DC US,"108,226",DAKOTA GOLD CORP,2.02,,USD,, NYSEAmerican ,#N/A Field Not Applicable,UA,175 Million,,, 86.74 ,,, 53.32 ,,"183,164",,"404,910",,,27.33%,100.%,31.75%,100.%,100.%,0%,0%," 218,617 ", -   , -   
,US46655E1183,DC/WS UA,"54,113",DAKOTA GOLD CORP-26,0.6325,,USD,, NYSEAmerican ,#N/A Field Not Applicable,#N/A,,,, #N/A Field Not Applicable ,,, #N/A N/A ,,512,,289,,,0.%,21.25%,21.25%,21.25%,31.75%,0%,0%," 34,226 ", -   , -   
,US75281A1097,RRC US,"6,000",RANGE RESOURCES CORP,32.14,,USD,, New York ,#N/A Field Not Applicable,UN,"7,782 Million",,, 242.12 ,,, 36.52 ,,"2,622,638",,"79,997,448",,,17.48%,21.25%,21.25%,21.25%,21.25%,75%,75%," 192,840 "," 144,630 "," 144,630 "
,US1491231015,CAT US,"1,281",CATERPILLAR INC,351.9,,USD,, New York ,#N/A Field Not Applicable,UN,"175,731 Million",,, 499.38 ,,, 28.27 ,,"2,550,952",,"788,257,344",,,13.82%,21.25%,21.25%,21.25%,21.25%,75%,75%," 450,784 "," 338,088 "," 338,088 "
,US92189F7006,MOO US,"3,085",VANECK AGRIBUSINESS ETF,73.36,,USD,, NYSE Arca ,#N/A Field Not Applicable,UP,811 Million,,, 11.05 ,,, 16.35 ,,"71,422",,"5,220,970",,,8.24%,52.75%,21.25%,52.75%,52.75%,45%,45%," 226,316 "," 101,842 "," 101,842 "
,ID1000097207,ADHI IJ,"120,000",ADHI KARYA PERSERO TBK PT,302,,IDR,, Indonesia ,#N/A Field Not Applicable,IJ,166 Million,,," 8,407.61 ",,, 47.13 ,,"37,991,050",,"764,526",,,21.96%,100.%,26.5%,100.%,100.%,0%,0%," 2,306 ", -   , -   
,CA0679011084,ABX CT,"6,132",BARRICK GOLD CORP,21.17,,CAD,, Toronto ,#N/A Field Not Applicable,CT,"27,777 Million",,," 1,755.57 ",,, 27.72 ,,"3,111,664",,"49,288,714",,,13.57%,21.25%,21.25%,21.25%,#N/A,0%,0%," 95,642 ", -   , -   
,US91688F1049,UPWK UW,"8,250",UPWORK INC,12.06,,USD,, NASDAQ GS ,#N/A Field Not Applicable,UW,"1,657 Million",,, 137.39 ,,, 63.56 ,,"700,266",,"9,806,735",,,28.43%,31.75%,31.75%,31.75%,31.75%,65%,65%," 99,495 "," 64,672 "," 64,672 "
,CNE100000X69,1798 HK,"300,000",CHINA DATANG CORP RENEWABL-H,1.8,,HKD,, Hong Kong ,#N/A Field Not Applicable,HK,"1,657 Million",,," 2,501.07 ",,, 40.07 ,,"14,504,890",,"3,220,575",,,19.01%,31.75%,21.25%,31.75%,31.75%,65%,65%," 69,040 "," 44,876 "," 44,876 "
,KYG7306T1058,1478 HK,"85,000",Q TECHNOLOGY GROUP CO LTD,3.27,,HKD,, Hong Kong ,#N/A Field Not Applicable,HK,487 Million,,," 1,184.54 ",,, 58.36 ,,"3,465,039",,"1,495,038",,,26.44%,63.25%,26.5%,63.25%,63.25%,35%,35%," 35,537 "," 12,438 "," 12,438 "
,US0404131064,ANET UN,750,ARISTA NETWORKS INC,289.32,,USD,, New York ,#N/A Field Not Applicable,UN,"90,451 Million",,, 312.63 ,,, 45.95 ,,"523,428",,"138,868,608",,,21.48%,21.25%,26.5%,26.5%,26.5%,70%,70%," 216,990 "," 151,893 "," 151,893 "
,US1273871087,CDNS US,"1,000",CADENCE DESIGN SYS INC,300.93,,USD,, NASDAQ GS ,#N/A Field Not Applicable,UW,"81,925 Million",,, 272.24 ,,, 28.04 ,,"1,489,411",,"432,819,200",,,13.72%,21.25%,21.25%,21.25%,21.25%,75%,75%," 300,930 "," 225,698 "," 225,698 "
,US25459W4583,SOXL US,"5,000",DIREXION DAILY SEMI BULL 3X,42.54,,USD,, NYSE Arca ,#N/A Field Not Applicable,UP,"10,631 Million",,, 249.90 ,,, 83.42 ,,"69,727,840",,"2,589,603,328",,,35.53%,21.25%,37.%,37.%,37.%,60%,60%," 212,700 "," 127,620 "," 127,620 "
,DE000CBK1001,CBK GR,"22,160",COMMERZBANK AG,11.85,,EUR,, Xetra ,#N/A Field Not Applicable,GY,"15,451 Million",,," 1,240.22 ",,, 32.75 ,,"8,929,128",,"101,488,929",,,15.83%,21.25%,21.25%,21.25%,21.25%,75%,75%," 284,904 "," 213,678 "," 213,678 "
,GB00BM8PJY71,NWG LN,"84,024",NATWEST GROUP PLC,240.1,,GBp,, London ,#N/A Field Not Applicable,LN,"25,303 Million",,," 8,744.62 ",,, 30.00 ,,"17,704,900",,"48,775,937",,,14.6%,21.25%,21.25%,21.25%,21.25%,75%,75%," 256,050 "," 192,037 "," 192,037 "
,JP3386450005,5020 JP,"12,000",ENEOS HOLDINGS INC,709.2,,JPY,, Tokyo ,Tokyo Prime,,"15,704 Million",,," 3,032.85 ",,, 26.18 ,,"15,904,640",,"70,891,594",,,12.87%,21.25%,21.25%,21.25%,21.25%,75%,75%," 56,593 "," 42,444 "," 42,444 "
,JP3820000002,6504 JT,"1,200",FUJI ELECTRIC CO LTD,9784,,JPY,, Tokyo ,Tokyo Prime,,"10,312 Million",,, 149.30 ,,, 29.48 ,,"806,495",,"45,927,696",,,14.37%,21.25%,21.25%,21.25%,21.25%,75%,75%," 78,074 "," 58,556 "," 58,556 "
,JP3571800006,4186 JP,"3,100",TOKYO OHKA KOGYO CO LTD,4447,,JPY,, Tokyo ,Tokyo Prime,,"4,067 Million",,, 127.80 ,,, 35.82 ,,"926,312",,"25,857,174",,,17.18%,31.75%,21.25%,31.75%,31.75%,65%,65%," 91,672 "," 59,587 "," 59,587 "
,US90364P1057,PATH UN,250,UIPATH INC - CLASS A,23.06,,USD,, New York ,#N/A Field Not Applicable,UN,"13,054 Million",,, 483.63 ,,, 60.61 ,,"1,873,778",,"44,658,980",,,27.31%,21.25%,31.75%,31.75%,31.75%,65%,65%," 5,765 "," 3,747 "," 3,747 "
,US92189K1051,HODL UF,"24,495",VANECK BITCOIN TRUST,75.77,,USD,, Cboe BZX ,#N/A Field Not Applicable,#N/A,532 Million,,, 7.03 ,,, #N/A N/A ,,#N/A N/A,,,,,0.%,52.75%,21.25%,52.75%,52.75%,0%,0%," 1,855,986 ", -   , -   
,US92206C7719,VMBS UQ,"13,018",VANGUARD MORTGAGE-BACKED SEC,45.15,,USD,, NASDAQ GM ,#N/A Field Not Applicable,UQ,"17,232 Million",,, 381.67 ,,, 8.56 ,,"162,977",,"7,442,169",,,4.41%,21.25%,21.25%,21.25%,21.25%,75%,75%," 587,763 "," 440,822 "," 440,822 "
,US72919P2020,PLUG UR,"152,256",PLUG POWER INC,3.25,,USD,, NASDAQ CM ,#N/A Field Not Applicable,UR,"2,224 Million",,, 684.26 ,,, 103.81 ,,"9,363,769",,"35,638,476",,,42.09%,31.75%,42.25%,42.25%,52.75%,0%,0%," 494,832 ", -   , -   
,US74347G3662,REK UP,"10,500",PROSHARES SHORT REAL ESTATE,19.01,,USD,, NYSE Arca ,#N/A Field Not Applicable,#N/A,20 Million,,, 1.07 ,,, 19.34 ,,"6,556",,"123,997",,,13.42%,100.%,21.25%,100.%,100.%,0%,0%," 199,605 ", -   , -   
,SG1O62914088,KXD SP,"80,000",KXD DIGITAL ENTERTAINMENT LT,#N/A N/A,,SGD,, #N/A Field Not Applicable ,#N/A Field Not Applicable,#N/A,,,, 942.66 ,,, #N/A N/A ,,#N/A N/A,,,,,0.%,21.25%,21.25%,21.25%,#VALUE!,0%,0%, -   , -   , -   
,SG1EC0000004,1567321D SP,"3,150",MULTI WATER HOLDINGS LTD,#N/A N/A,,SGD,, #N/A Field Not Applicable ,#N/A Field Not Applicable,#N/A,,,, #N/A N/A ,,, #N/A N/A ,,#N/A N/A,,,,,0.%,21.25%,21.25%,21.25%,#VALUE!,0%,0%, -   , -   , -   
,JP3131400008,8570 JP,600,AEON FINANCIAL SERVICE CO LT,1360,,JPY,, Tokyo ,Tokyo Prime,,"2,132 Million",,, 216.01 ,,, 20.67 ,,"932,203",,"8,800,647",,,10.31%,31.75%,21.25%,31.75%,31.75%,65%,65%," 5,426 "," 3,527 "," 3,527 "
,0,1131 HK,"380,000",AGRITRADE RESOURCES LTD,#N/A N/A,,HKD,, #N/A Field Not Applicable ,#N/A Field Not Applicable,#N/A,,,," 6,374.48 ",,, #N/A N/A ,,#N/A N/A,,,,,0.%,21.25%,21.25%,21.25%,#VALUE!,0%,0%, -   , -   , -   
,CNE1000001X0,995 HK,"14,000",ANHUI EXPRESSWAY CO LTD-H,8.97,,HKD,, Hong Kong ,#N/A Field Not Applicable,HK,"2,728 Million",,, 493.01 ,,, 30.68 ,,"2,059,728",,"2,187,994",,,14.91%,31.75%,21.25%,31.75%,31.75%,65%,65%," 16,056 "," 10,436 "," 10,436 "
,JP3835620000,9783 JP,800,BENESSE HOLDINGS INC,2587,,JPY,, Tokyo ,Tokyo Prime,,"1,906 Million",,, 102.65 ,,, 27.45 ,,"358,333",,"6,708,310",,,13.45%,31.75%,21.25%,31.75%,31.75%,65%,65%," 13,762 "," 8,946 "," 8,946 "
,KYG2R51A1053,3309 HK,"32,000",C-MER EYE CARE HOLDINGS LTD,3.07,,HKD,, Hong Kong ,#N/A Field Not Applicable,HK,484 Million,,," 1,255.56 ",,, 32.36 ,,"744,156",,"284,702",,,15.66%,63.25%,21.25%,63.25%,63.25%,35%,35%," 12,560 "," 4,396 "," 4,396 "
,HK0133000726,133 HK,"6,000",CHINA MERCHANTS CHINA DIRECT,8.8,,HKD,, Hong Kong ,#N/A Field Not Applicable,HK,167 Million,,, 152.33 ,,, 15.34 ,,"112,067",,"119,151",,,7.75%,100.%,21.25%,100.%,100.%,0%,0%," 6,751 ", -   , -   
,KYG210891001,769 HK,"190,000",CHINA RARE EARTH HLDGS LTD,0.35,,HKD,, Hong Kong ,#N/A Field Not Applicable,HK,103 Million,,," 2,341.70 ",,, 43.72 ,,"2,282,343",,"91,653",,,20.55%,100.%,21.25%,100.%,100.%,0%,0%," 8,502 ", -   , -   
,HK0308001558,308 HK,"60,000",CHINA TRAVEL INTL INV HK,1.32,,HKD,, Hong Kong ,#N/A Field Not Applicable,HK,921 Million,,," 5,536.63 ",,, 26.85 ,,"1,775,774",,"300,234",,,13.18%,52.75%,21.25%,52.75%,52.75%,45%,45%," 10,126 "," 4,557 "," 4,557 "
,BMG210901242,855 HK,"60,000",CHINA WATER AFFAIRS GROUP,5.11,,HKD,, Hong Kong ,#N/A Field Not Applicable,HK,"1,040 Million",,," 1,632.32 ",,, 34.02 ,,"3,542,467",,"2,062,525",,,16.39%,31.75%,21.25%,31.75%,31.75%,65%,65%," 39,200 "," 25,480 "," 25,480 "
,0,1333 HK,"120,000",CHINA ZHONGWANG HOLDINGS LTD,#N/A N/A,,HKD,, #N/A Field Not Applicable ,#N/A Field Not Applicable,#N/A,,,," 5,449.47 ",,, #N/A N/A ,,#N/A N/A,,,,,0.%,21.25%,21.25%,21.25%,#VALUE!,0%,0%, -   , -   , -   
,JP3271300000,8567 JP,"8,000",CREDIA CO LTD,#N/A N/A,,JPY,, #N/A Field Not Applicable ,#N/A Field Not Applicable,,,,, 23.21 ,,, #N/A N/A ,,#N/A N/A,,,,,0.%,21.25%,21.25%,21.25%,#VALUE!,0%,0%, -   , -   , -   
,BMG2587F2058,343 HK,"50,000",CULTURECOM HLDGS LTD,0.31,,HKD,, Hong Kong ,#N/A Field Not Applicable,HK,64 Million,,," 1,668.66 ",,, 53.10 ,,"549,754",,"18,347",,,24.38%,100.%,26.5%,100.%,100.%,0%,0%," 1,982 ", -   , -   
,JP3487600003,7609 JP,550,DAITRON CO LTD,3375,,JPY,, Tokyo ,Tokyo Prime,,273 Million,,, 11.16 ,,, 26.49 ,,"38,982",,"843,205",,,13.01%,84.25%,21.25%,84.25%,84.25%,15%,15%," 12,344 "," 1,852 "," 1,852 "
,TH0060010012,DS/F TB,"240,000",DHANA SIAM FINANCE PCL-FOR,#N/A N/A,,THB,, #N/A Field Not Applicable ,#N/A Field Not Applicable,#N/A,,,, 772.27 ,,, #N/A N/A ,,#N/A N/A,,,,,0.%,21.25%,21.25%,21.25%,#VALUE!,0%,0%, -   , -   , -   
,JP3802670004,4921 JP,888,FANCL CORP,2107,,JPY,, Tokyo ,Tokyo Prime,,"1,943 Million",,, 130.35 ,,, 24.92 ,,"720,062",,"11,369,818",,,12.29%,31.75%,21.25%,31.75%,31.75%,65%,65%," 12,442 "," 8,087 "," 8,087 "
,CNE100000320,38 HK,"10,000",FIRST TRACTOR CO-H,6.75,,HKD,, Hong Kong ,#N/A Field Not Applicable,HK,"1,995 Million",,, 391.94 ,,, 36.15 ,,"4,030,612",,"3,007,496",,,17.33%,31.75%,21.25%,31.75%,31.75%,65%,65%," 8,630 "," 5,610 "," 5,610 "
,BMG3958B1046,677 HK,"260,000",GOLDEN RESOURCES DEVELOPMENT,0.415,,HKD,, Hong Kong ,#N/A Field Not Applicable,HK,90 Million,,," 1,697.41 ",,, 63.08 ,,"536,066",,"30,317",,,30.71%,100.%,31.75%,100.%,100.%,0%,0%," 13,795 ", -   , -   
,HK0533002009,533 HK,"70,000",GOLDLION HOLDINGS LTD,1.05,,HKD,, Hong Kong ,#N/A Field Not Applicable,HK,135 Million,,, 973.84 ,,, 26.17 ,,"132,082",,"17,577",,,14.29%,100.%,21.25%,100.%,100.%,0%,0%," 9,397 ", -   , -   
,SG1J47889782,HYF SP,"31,500",HYFLUX LTD,#N/A N/A,,SGD,, Singapore ,#N/A Field Not Applicable,#N/A,,,, 785.29 ,,, #N/A N/A ,,#N/A N/A,,,,,0.%,21.25%,21.25%,21.25%,#VALUE!,#VALUE!,0%, -   ,#VALUE!, -   
,JP3686150008,8518 JP,100,JAPAN ASIA INVESTMENT CO LTD,234,,JPY,, Tokyo ,Tokyo Standard,,30 Million,,, 17.88 ,,, 36.46 ,,"107,038",,"194,196",,,17.46%,100.%,21.25%,100.%,100.%,0%,0%, 156 , -   , -   
,JP3697800005,6418 JP,600,JAPAN CASH MACHINE CO LTD,1290,,JPY,, Tokyo ,Tokyo Prime,,274 Million,,, 29.67 ,,, 41.18 ,,"378,090",,"3,954,701",,,19.48%,84.25%,21.25%,84.25%,84.25%,15%,15%," 5,147 ", 772 , 772 
,JP3862800004,6135 JP,200,MAKINO MILLING MACHINE CO,6140,,JPY,, Tokyo ,Tokyo Prime,,"1,096 Million",,, 24.89 ,,, 32.74 ,,"102,217",,"4,338,820",,,15.83%,31.75%,21.25%,31.75%,31.75%,65%,65%," 8,166 "," 5,308 "," 5,308 "
,JP3165700000,9613 JP,"2,500",NTT DATA GROUP CORP,2441,,JPY,, Tokyo ,Tokyo Prime,,"24,782 Million",,," 1,402.50 ",,, 25.94 ,,"3,194,977",,"50,381,658",,,12.76%,21.25%,21.25%,21.25%,21.25%,75%,75%," 40,581 "," 30,435 "," 30,435 "
,JP3173500004,4733 JP,800,OBIC BUSINESS CONSULTANTS,7045,,JPY,, Tokyo ,Tokyo Prime,,"3,797 Million",,, 75.40 ,,, 29.75 ,,"186,665",,"9,190,847",,,14.49%,31.75%,21.25%,31.75%,31.75%,65%,65%," 37,478 "," 24,361 "," 24,361 "
,TH0805A10Z18,PAP/F TB,"50,000",PACIFIC PIPE PCL-FOREIGN,4.6,,THB,, Bangkok ,#N/A Field Not Applicable,TB,85 Million,,, 660.00 ,,, -   ,,0,,,,,0.%,100.%,21.25%,100.%,100.%,0%,0%," 6,377 ", -   , -   
,HK0639031506,639 HK,"20,000",SHOUGANG FUSHAN RESOURCES GR,2.92,,HKD,, Hong Kong ,#N/A Field Not Applicable,HK,"1,860 Million",,," 4,926.84 ",,, 38.36 ,,"8,388,562",,"3,328,584",,,18.28%,31.75%,21.25%,31.75%,31.75%,65%,65%," 7,467 "," 4,853 "," 4,853 "
,CNE100000FN7,1099 HK,"4,000",SINOPHARM GROUP CO-H,20.95,,HKD,, Hong Kong ,#N/A Field Not Applicable,HK,"8,148 Million",,," 1,341.81 ",,, 37.59 ,,"4,851,697",,"12,790,907",,,17.95%,21.25%,21.25%,21.25%,21.25%,75%,75%," 10,714 "," 8,036 "," 8,036 "
,HK0000375789,2906 HK,500,SOFTMEDX HEALTHCARE LTD-PRL,0.38,,HKD,, Hong Kong ,#N/A Field Not Applicable,HK,16 Million,,, 326.04 ,,, 0.00 ,,0,,,,,0.%,100.%,21.25%,100.%,100.%,0%,0%, 24 , -   , -   
,CNE1000004G9,1065 HK,"20,000",TIANJIN CAPITAL ENVIRON-H,2.88,,HKD,, Hong Kong ,#N/A Field Not Applicable,HK,"1,069 Million",,, 340.00 ,,, 18.75 ,,"342,884",,"122,746",,,9.39%,31.75%,21.25%,31.75%,31.75%,65%,65%," 7,364 "," 4,787 "," 4,787 "
,HK0882007260,882 HK,"30,000",TIANJIN DEVELOPMENT HLDGS LT,1.68,,HKD,, Hong Kong ,#N/A Field Not Applicable,HK,229 Million,,," 1,072.77 ",,, 18.33 ,,"423,535",,"82,563",,,9.19%,94.75%,21.25%,94.75%,94.75%,5%,5%," 6,444 ", 322 , 322 
,KYG886801060,3382 HK,"10,000",TIANJIN PORT DVLP HLDS LTD,0.54,,HKD,, Hong Kong ,#N/A Field Not Applicable,HK,418 Million,,," 6,158.00 ",,, 28.90 ,,"1,655,264",,"102,267",,,14.11%,63.25%,21.25%,63.25%,63.25%,35%,35%, 690 , 242 , 242 
,JP3592200004,6502 JT,700,TOSHIBA CORP,#N/A N/A,,JPY,, #N/A Field Not Applicable ,#N/A Field Not Applicable,,,,, 433.40 ,,, 8.40 ,,#N/A N/A,,,,,0.%,21.25%,21.25%,21.25%,#VALUE!,0%,0%, -   , -   , -   
,JP3635700002,9715 JP,500,TRANSCOSMOS INC,3180,,JPY,, Tokyo ,Tokyo Prime,,"1,132 Million",,, 48.79 ,,, 20.46 ,,"94,397",,"2,065,378",,,10.21%,31.75%,21.25%,31.75%,31.75%,65%,65%," 10,573 "," 6,873 "," 6,873 "
,JP3637300009,4704 JP,300,TREND MICRO INC,7709,,JPY,, Tokyo ,Tokyo Prime,,"7,792 Million",,, 140.89 ,,, 35.32 ,,"868,522",,"48,602,234",,,16.96%,21.25%,21.25%,21.25%,21.25%,75%,75%," 15,379 "," 11,534 "," 11,534 "
,CNE1000004Q8,1171 HK,"9,000",YANKUANG ENERGY GROUP CO-H,17.5,,HKD,, Hong Kong ,#N/A Field Not Applicable,HK,"21,626 Million",,," 2,850.00 ",,, 46.18 ,,"20,419,760",,"44,452,453",,,21.57%,21.25%,26.5%,26.5%,26.5%,70%,70%," 20,137 "," 14,096 "," 14,096 "
,HK2380027329,2380 HK,"500,000",CHINA POWER INTERNATIONAL,3.46,,HKD,, Hong Kong ,#N/A Field Not Applicable,HK,"5,383 Million",,," 12,370.15 ",,, 28.29 ,,"36,676,890",,"14,289,208",,,13.83%,21.25%,21.25%,21.25%,21.25%,75%,75%," 221,185 "," 165,889 "," 165,889 "
,JP3126340003,2784 JP,"4,680",ALFRESA HOLDINGS CORP,2264.5,,JPY,, Tokyo ,Tokyo Prime,,"3,323 Million",,, 202.84 ,,, 21.93 ,,"399,447",,"6,723,717",,,10.9%,31.75%,21.25%,31.75%,31.75%,65%,65%," 70,474 "," 45,808 "," 45,808 "
,KYG2606Y1026,1020 HK,"1,000,000",CYBERNAUT INTERNATIONAL HOLD,0.082,,HKD,, Hong Kong ,#N/A Field Not Applicable,HK,42 Million,,," 3,975.45 ",,, 46.80 ,,"797,862",,"9,115",,,27.85%,100.%,31.75%,100.%,100.%,0%,0%," 10,484 ", -   , -   
,BMG4512G1261,818 HK,"945,000",HI SUN TECHNOLOGY CHINA LTD,0.51,,HKD,, Hong Kong ,#N/A Field Not Applicable,HK,181 Million,,," 2,776.83 ",,, 41.20 ,,"269,701",,"17,211",,,32.57%,100.%,37.%,100.%,100.%,0%,0%," 61,619 ", -   , -   
,KYG4584R1092,196 HK,"200,000",HONGHUA GROUP,0.091,,HKD,, Hong Kong ,#N/A Field Not Applicable,HK,108 Million,,," 9,040.49 ",,, 44.55 ,,"1,825,639",,"23,014",,,20.9%,100.%,21.25%,100.%,100.%,0%,0%," 2,327 ", -   , -   
,KYG6427W1042,777 HK,"70,000",NETDRAGON WEBSOFT HOLDINGS L,12.08,,HKD,, Hong Kong ,#N/A Field Not Applicable,HK,802 Million,,, 531.26 ,,, 42.78 ,,"740,345",,"1,119,034",,,20.16%,52.75%,21.25%,52.75%,52.75%,45%,45%," 108,112 "," 48,651 "," 48,651 "
,BMG6955J1036,327 HK,"100,000",PAX GLOBAL TECHNOLOGY LTD,6.05,,HKD,, Hong Kong ,#N/A Field Not Applicable,HK,826 Million,,," 1,069.81 ",,, 25.40 ,,"684,677",,"512,120",,,12.58%,52.75%,21.25%,52.75%,52.75%,45%,45%," 77,351 "," 34,808 "," 34,808 "
,JP3894900004,3099 JP,"2,000",ISETAN MITSUKOSHI HOLDINGS L,2270,,JPY,, Tokyo ,Tokyo Prime,,"6,642 Million",,, 397.23 ,,, 28.39 ,,"2,613,078",,"35,709,045",,,13.88%,21.25%,21.25%,21.25%,21.25%,75%,75%," 30,190 "," 22,643 "," 22,643 "
,CA4969024047,KGC US,"8,000",KINROSS GOLD CORP,5.66,,USD,, New York ,#N/A Field Not Applicable,CT,"6,950 Million",,," 1,227.84 ",,, 37.35 ,,"12,929,422",,"71,009,760",,,17.84%,21.25%,21.25%,21.25%,31.75%,65%,65%," 45,280 "," 29,432 "," 29,432 "
,CA67077M1086,NTR UN,"1,200",NUTRIEN LTD,53.81,,USD,, New York ,#N/A Field Not Applicable,CT,"26,612 Million",,, 494.56 ,,, 32.70 ,,"571,022",,"29,851,322",,,15.81%,21.25%,21.25%,21.25%,21.25%,75%,75%," 64,572 "," 48,429 "," 48,429 "
,JP3233250004,7181 JP,"3,000",JAPAN POST INSURANCE CO LTD,2834,,JPY,, Tokyo ,Tokyo Prime,,"7,941 Million",,, 383.19 ,,, 26.06 ,,"1,112,690",,"21,574,941",,,12.82%,21.25%,21.25%,21.25%,21.25%,75%,75%," 56,537 "," 42,403 "," 42,403 "
,KYG8587G1010,3680 HK,"572,000",RUIHE DATA TECHNOLOGY HOLDIN,1.7,,HKD,, Hong Kong ,#N/A Field Not Applicable,HK,144 Million,,, 660.87 ,,, 44.65 ,,"1,280,861",,"249,654",,,22.65%,100.%,26.5%,100.%,100.%,0%,0%," 124,324 ", -   , -   
,KYG8566A1177,756 HK,"2,000",SUMMI GROUP HOLDINGS LTD,1.12,,HKD,, Hong Kong ,#N/A Field Not Applicable,#N/A,45 Million,,, 340.56 ,,, 119.79 ,,"315,956",,"69,436",,,46.76%,100.%,47.5%,100.%,100.%,0%,0%, 286 , -   , -   
,BMG3687W1148,FAPX SP,30,FULL APEX HOLDINGS LTD,#N/A N/A,,SGD,, Singapore ,#N/A Field Not Applicable,#N/A,,,, 44.17 ,,, #N/A N/A ,,#N/A N/A,,,,,0.%,21.25%,21.25%,21.25%,#VALUE!,#VALUE!,0%, -   ,#VALUE!, -   
,SG2D54973185,SSG SP,"15,000",SHENG SIONG GROUP LTD,1.51,,SGD,, Singapore ,#N/A Field Not Applicable,SP,"1,649 Million",,," 1,503.54 ",,, 13.67 ,,"1,347,730",,"1,521,541",,,6.94%,31.75%,21.25%,31.75%,31.75%,65%,65%," 16,873 "," 10,967 "," 10,967 "
,BMG1991H1043,CENU SP,"110,000",CELESTIAL NUTRIFOODS LTD,#N/A N/A,,SGD,, #N/A Field Not Applicable ,#N/A Field Not Applicable,#N/A,,,, 636.47 ,,, #N/A N/A ,,#N/A N/A,,,,,0.%,21.25%,21.25%,21.25%,#VALUE!,0%,0%, -   , -   , -   
,SG1S70928191,SPIP SP,"100,000",SINOPIPE HOLDINGS LTD,#N/A N/A,,SGD,, #N/A Field Not Applicable ,#N/A Field Not Applicable,#N/A,,,, 255.09 ,,, #N/A N/A ,,#N/A N/A,,,,,0.%,21.25%,21.25%,21.25%,#VALUE!,0%,0%, -   , -   , -   
,KYG4465A1004,976 HK,"98,000",CHIHO ENVIRONMENTAL GROUP LT,0.65,,HKD,, Hong Kong ,#N/A Field Not Applicable,HK,162 Million,,," 1,605.15 ",,, 65.69 ,,"1,096,066",,"68,569",,,29.22%,100.%,31.75%,100.%,100.%,0%,0%," 8,144 ", -   , -   
,SG2D72974892,CNMC SP,"485,000",CNMC GOLDMINE HOLDINGS LTD,0.21,,SGD,, Singapore ,#N/A Field Not Applicable,SP,60 Million,,, 405.29 ,,, 27.89 ,,"232,395",,"34,221",,,20.12%,100.%,21.25%,100.%,100.%,0%,0%," 75,872 ", -   , -   
,SG1D58018368,FJB SP,"950,000",FJ BENJAMIN HOLDINGS LTD,0.012,,SGD,, Singapore ,#N/A Field Not Applicable,SP,10 Million,,," 1,187.31 ",,, 65.94 ,,"464,560",,"5,203",,,40.87%,100.%,42.25%,100.%,100.%,0%,0%," 8,492 ", -   , -   
,AU000000IFL2,IFL AT,"24,600",INSIGNIA FINANCIAL LTD,2.4,,AUD,, ASE ,#N/A Field Not Applicable,AT,"1,107 Million",,, 666.63 ,,, 36.63 ,,"1,692,613",,"2,654,219",,,17.53%,31.75%,21.25%,31.75%,31.75%,65%,65%," 38,465 "," 25,002 "," 25,002 "
,SG1V71937527,JIUC SP,"900,000",JIUTIAN CHEMICAL GROUP LTD,0.023,,SGD,, Singapore ,#N/A Field Not Applicable,SP,32 Million,,," 1,988.44 ",,, 62.11 ,,"6,110,432",,"121,645",,,28.01%,100.%,31.75%,100.%,100.%,0%,0%," 15,420 ", -   , -   
,SGXE29738106,MDR SP,"1,200,000",MDR LTD,0.051,,SGD,, Singapore ,#N/A Field Not Applicable,SP,32 Million,,, 871.48 ,,, 45.41 ,,"50,668",,"2,060",,,62.06%,100.%,63.25%,100.%,100.%,0%,0%," 45,590 ", -   , -   
,MYL5288OO005,SDPR MK,"158,000",SIME DARBY PROPERTY BHD,0.81,,MYR,, Bursa Malays ,#N/A Field Not Applicable,MK,"1,244 Million",,," 6,800.84 ",,, 38.44 ,,"21,326,270",,"3,464,570",,,18.32%,31.75%,21.25%,31.75%,42.25%,55%,55%," 27,042 "," 14,873 "," 14,873 "
,US8454671095,SWN US,"2,482",SOUTHWESTERN ENERGY CO,7.04,,USD,, New York ,#N/A Field Not Applicable,UN,"7,754 Million",,," 1,101.46 ",,, 35.50 ,,"18,192,746",,"122,025,672",,,17.04%,21.25%,21.25%,21.25%,31.75%,65%,65%," 17,473 "," 11,358 "," 11,358 "
,CA85210A1049,SRUUF US,"8,000",SPROTT PHYSICAL URANIUM TRUS,20.8993,,USD,, OTC US ,#N/A Field Not Applicable,CT,,,, #N/A N/A ,,, 34.78 ,,"861,315",,"18,786,368",,,16.72%,21.25%,21.25%,21.25%,21.25%,0%,0%," 167,194 ", -   , -   
,TH0254A10Z14,STA SP,"30,000",SRI TRANG AGRO-INDUSTRY-FOR,0.795,,SGD,, Singapore ,#N/A Field Not Applicable,TB,859 Million,,," 1,536.00 ",,, 62.25 ,,"24,900",,"12,176",,,34.91%,52.75%,37.%,52.75%,84.25%,15%,10%," 17,767 "," 2,665 "," 1,777 "
,MYL4677OO000,YTL MK,"50,000",YTL CORP BHD,2.75,,MYR,, Bursa Malays ,#N/A Field Not Applicable,MK,"6,653 Million",,," 10,966.39 ",,, 47.90 ,,"46,691,440",,"24,629,310",,,22.28%,21.25%,26.5%,26.5%,26.5%,70%,70%," 29,053 "," 20,337 "," 20,337 "
,CH0038863350,NESN SW,230,NESTLE SA-REG,94.69,,CHF,, SIX Swiss Ex ,#N/A Field Not Applicable,SE,"266,577 Million",,," 2,670.00 ",,, 15.25 ,,"3,462,584",,"352,375,198",,,7.71%,21.25%,21.25%,21.25%,21.25%,75%,75%," 24,545 "," 18,409 "," 18,409 "
,CH0012032048,ROG SW,80,ROCHE HOLDING AG-GENUSSCHEIN,229.6,,CHF,, SIX Swiss Ex ,#N/A Field Not Applicable,SE,"197,020 Million",,, 702.56 ,,, 17.32 ,,"1,148,234",,"288,979,385",,,8.71%,21.25%,21.25%,21.25%,21.25%,75%,75%," 20,701 "," 15,526 "," 15,526 "
,US1696561059,CMG US,163,CHIPOTLE MEXICAN GRILL INC,2773.53,,USD,, New York ,#N/A Field Not Applicable,UN,"76,053 Million",,, 27.42 ,,, 24.69 ,,"204,307",,"508,308,320",,,12.18%,21.25%,21.25%,21.25%,21.25%,75%,75%," 452,085 "," 339,064 "," 339,064 "
,CNE1000001T8,2600 HK,"60,000",ALUMINUM CORP OF CHINA LTD-H,4.5,,HKD,, Hong Kong ,#N/A Field Not Applicable,HK,"14,525 Million",,," 3,943.97 ",,, 43.27 ,,"18,517,840",,"9,266,926",,,20.36%,21.25%,21.25%,21.25%,21.25%,75%,75%," 34,520 "," 25,890 "," 25,890 "
,US9581021055,WDC US,330,WESTERN DIGITAL CORP,59.31,,USD,, NASDAQ GS ,#N/A Field Not Applicable,UW,"19,345 Million",,, 326.16 ,,, 37.10 ,,"6,393,122",,"365,644,448",,,17.73%,21.25%,21.25%,21.25%,21.25%,75%,75%," 19,572 "," 14,679 "," 14,679 "
,US35952H6018,FCEL US,"175,000",FUELCELL ENERGY INC,1.07,,USD,, NASDAQ GM ,#N/A Field Not Applicable,UQ,483 Million,,, 451.86 ,,, 78.35 ,,"13,564,700",,"17,897,436",,,33.79%,63.25%,37.%,63.25%,94.75%,5%,5%," 187,250 "," 9,363 "," 9,363 "
,IL0011552663,GMDA US,"91,301",GAMIDA CELL LTD,0.37,,USD,, NASDAQ GM ,#N/A Field Not Applicable,UQ,49 Million,,, 132.64 ,,, 137.64 ,,"3,046,170",,"1,078,667",,,51.53%,100.%,52.75%,100.%,100.%,0%,0%," 33,781 ", -   , -   
,KYG3057A1067,8450 HK,"800,000",EDICO HOLDINGS LTD,0.053,,HKD,, Hong Kong ,#N/A Field Not Applicable,HK,7 Million,,," 1,000.00 ",,, 79.02 ,,"198,853",,"1,296",,,54.57%,100.%,58.%,100.%,100.%,0%,0%," 5,421 ", -   , -   
,US78464A8624,XSD UN,360,SPDR S&P SEMICONDUCTOR ETF,220.485,,USD,, NYSE Arca ,#N/A Field Not Applicable,UP,"1,417 Million",,, 6.43 ,,, 38.79 ,,376,,"83,220",,,22.45%,31.75%,26.5%,31.75%,31.75%,65%,65%," 79,375 "," 51,593 "," 51,593 "
,KR7042660001,042660 KS,400,HANWHA OCEAN CO LTD,29100,,KRW,, Korea SE ,#N/A Field Not Applicable,KP,,,, 306.36 ,,, 58.57 ,,"1,010,334",,,,,0.%,21.25%,21.25%,21.25%,#N/A,0%,0%, -   , -   , -   
,KR7357780006,357780 KS,270,SOULBRAIN CO LTD/NEW,295000,,KRW,, KOSDAQ ,#N/A Field Not Applicable,KQ,,,, 7.78 ,,, 39.43 ,,"32,459",,,,,0.%,21.25%,21.25%,21.25%,#N/A,0%,0%, -   , -   , -   
,KR7095610002,095610 KQ,"7,000",TES CO LTD,19150,,KRW,, KOSDAQ ,#N/A Field Not Applicable,KQ,,,, 19.77 ,,, 41.02 ,,"107,954",,,,,0.%,21.25%,21.25%,21.25%,#N/A,0%,0%, -   , -   , -   
,KR7240810002,240810 KS,"2,000",WONIK IPS CO LTD,34000,,KRW,, KOSDAQ ,#N/A Field Not Applicable,KQ,,,, 49.08 ,,, 41.19 ,,"278,615",,,,,0.%,21.25%,21.25%,21.25%,#N/A,0%,0%, -   , -   , -   
,FR0000120073,AI FP,624,AIR LIQUIDE SA,194.06,,EUR,, EN Paris ,#N/A Field Not Applicable,FP,"105,997 Million",,, 524.64 ,,, 17.70 ,,"544,336",,"101,191,019",,,8.89%,21.25%,21.25%,21.25%,21.25%,75%,75%," 131,381 "," 98,535 "," 98,535 "
,US0394831020,ADM UN,700,ARCHER-DANIELS-MIDLAND CO,60.41,,USD,, New York ,#N/A Field Not Applicable,UN,"30,800 Million",,, 509.85 ,,, 36.62 ,,"1,882,568",,"109,370,584",,,17.53%,21.25%,21.25%,21.25%,21.25%,75%,75%," 42,287 "," 31,715 "," 31,715 "
,CH0210483332,CFR SW,500,CIE FINANCIERE RICHEMO-A REG,142.05,,CHF,, SIX Swiss Ex ,#N/A Field Not Applicable,SE,"87,366 Million",,, 537.58 ,,, 31.76 ,,"1,070,824",,"144,365,578",,,15.39%,21.25%,21.25%,21.25%,21.25%,75%,75%," 80,046 "," 60,035 "," 60,035 "
,DE0005552004,DHL GR,"1,300",DHL GROUP,38.55,,EUR,, Xetra ,#N/A Field Not Applicable,GY,"49,949 Million",,," 1,239.06 ",,, 20.97 ,,"2,503,798",,"110,557,796",,,10.45%,21.25%,21.25%,21.25%,21.25%,75%,75%," 54,372 "," 40,779 "," 40,779 "
,FR0000120321,OR FP,275,L'OREAL,441.55,,EUR,, EN Paris ,#N/A Field Not Applicable,FP,"244,768 Million",,, 534.73 ,,, 20.30 ,,"264,539",,"121,205,717",,,10.13%,21.25%,21.25%,21.25%,21.25%,75%,75%," 131,742 "," 98,806 "," 98,806 "
,US68622V1061,OGN US,123,ORGANON & CO,17.81,,USD,, New York ,#N/A Field Not Applicable,UN,"4,553 Million",,, 255.64 ,,, 42.83 ,,"3,181,645",,"51,814,328",,,20.18%,31.75%,21.25%,31.75%,31.75%,65%,65%," 2,191 "," 1,424 "," 1,424 "
,US9219097683,VXUS UN,"2,880",VANGUARD TOTAL INTL STOCK,59.6,,USD,, NASDAQ GM ,#N/A Field Not Applicable,UQ,"67,846 Million",,," 1,138.36 ",,, 13.23 ,,"65,561",,"3,792,745",,,6.73%,21.25%,21.25%,21.25%,21.25%,75%,75%," 171,648 "," 128,736 "," 128,736 "
,NL0015000LU4,IVCGF UV,200,IVECO GROUP NV,14.18,,USD,, OTC US ,#N/A Field Not Applicable,IM,"3,884 Million",,, 271.22 ,,, 38.81 ,,"7,531",,"77,367",,,18.47%,31.75%,21.25%,31.75%,31.75%,0%,0%," 2,836 ", -   , -   
,US74347G6483,SDOW US,"2,525",PROSHARES ULTPRO SHRT DOW30,17.2,,USD,, NYSE Arca ,#N/A Field Not Applicable,UP,334 Million,,, 19.39 ,,, 31.20 ,,"9,983,253",,"178,138,704",,,15.14%,73.75%,21.25%,73.75%,73.75%,25%,25%," 43,430 "," 10,858 "," 10,858 "
,FR0013269123,RUI FP,"4,966",RUBIS,27.32,,EUR,, EN Paris ,#N/A Field Not Applicable,FP,"2,935 Million",,, 103.20 ,,, 21.09 ,,"212,675",,"5,423,837",,,10.51%,31.75%,21.25%,31.75%,31.75%,65%,65%," 147,197 "," 95,678 "," 95,678 "
,JP3247010006,9142 JP,"4,500",KYUSHU RAILWAY COMPANY,3554,,JPY,, Tokyo ,Tokyo Prime,,"4,067 Million",,, 157.30 ,,, 15.91 ,,"719,235",,"17,225,404",,,8.03%,31.75%,21.25%,31.75%,31.75%,65%,65%," 106,351 "," 69,128 "," 69,128 "
,JP3684000007,6988 JP,700,NITTO DENKO CORP,14085,,JPY,, Tokyo ,Tokyo Prime,,"14,795 Million",,, 143.55 ,,, 23.61 ,,"635,430",,"56,769,869",,,11.68%,21.25%,21.25%,21.25%,21.25%,75%,75%," 65,564 "," 49,173 "," 49,173 "
,JP3269600007,3405 JP,"9,800",KURARAY CO LTD,1567.5,,JPY,, Tokyo ,Tokyo Prime,,"4,026 Million",,, 354.86 ,,, 24.87 ,,"1,675,138",,"18,086,946",,,12.27%,31.75%,21.25%,31.75%,31.75%,65%,65%," 102,151 "," 66,398 "," 66,398 "
,US94419L1017,W UN,"1,446",WAYFAIR INC- CLASS A,60.23,,USD,, New York ,#N/A Field Not Applicable,UN,"7,249 Million",,, 94.67 ,,, 70.79 ,,"812,589",,"45,701,092",,,31.1%,21.25%,31.75%,31.75%,31.75%,65%,65%," 87,093 "," 56,610 "," 56,610 "
,JP3108180005,4395 JP,"57,000",ACCRETE INC,730,,JPY,, Tokyo ,Tokyo Growth,,31 Million,,, 5.97 ,,, 80.21 ,,"89,543",,"608,012",,,38.48%,100.%,42.25%,100.%,100.%,0%,0%," 276,699 ", -   , -   
,JP3421350004,3968 JP,900,SEGUE GROUP CO LTD,605,,JPY,, Tokyo ,Tokyo Prime,,147 Million,,, 34.04 ,,, 55.67 ,,"555,942",,"2,446,365",,,25.39%,100.%,26.5%,100.%,100.%,0%,0%," 3,621 ", -   , -   
,BMG664301360,8080 HK,"36,000",NORTH ASIA STRATEGIC HOLDING,0.25,,HKD,, Hong Kong ,#N/A Field Not Applicable,HK,13 Million,,, 454.51 ,,, 99.46 ,,"6,872",,211,,,66.41%,100.%,68.5%,100.%,100.%,0%,0%," 1,151 ", -   , -   
,SE0012853455,EQT SS,"4,350",EQT AB,334,,SEK,, Stockholm ,#N/A Field Not Applicable,SS,,,," 1,245.05 ",,, 38.11 ,,"1,061,411",,,,,0.%,21.25%,21.25%,21.25%,#N/A,0%,0%, -   , -   , -   
,US87190U1007,TDCX US,"5,500",TDCX INC,7.17,,USD,, New York ,#N/A Field Not Applicable,#N/A,"1,039 Million",,, 21.42 ,,, 66.88 ,,"308,659",,"2,078,991",,,29.67%,31.75%,31.75%,31.75%,42.25%,55%,55%," 39,435 "," 21,689 "," 21,689 "
,US40423R1059,HCWB US,"952,380",HCW BIOLOGICS INC,1.77,,USD,, NASDAQ GM ,#N/A Field Not Applicable,UQ,64 Million,,, 35.97 ,,, 82.37 ,,"16,812",,"23,168",,,91.87%,100.%,94.75%,100.%,100.%,0%,0%," 1,685,713 ", -   , -   
,US04522R2004,ASLN UR,"5,000",ASLAN PHARMACEUTICALS LT-ADR,0.7995,,USD,, NASDAQ CM ,#N/A Field Not Applicable,#N/A,17 Million,,, 21.35 ,,, 178.80 ,,"145,295",,"165,261",,,60.97%,100.%,63.25%,100.%,100.%,0%,0%," 3,998 ", -   , -   
,US04962H5063,ATOS UR,"10,000",ATOSSA THERAPEUTICS INC,1.29,,USD,, NASDAQ CM ,#N/A Field Not Applicable,#N/A,162 Million,,, 125.30 ,,, 68.80 ,,"93,250",,"96,820",,,30.38%,100.%,31.75%,100.%,100.%,0%,0%," 12,900 ", -   , -   
,KYG2112Y1098,3818 HK,"500,000",CHINA DONGXIANG GROUP CO,0.38,,HKD,, Hong Kong ,#N/A Field Not Applicable,HK,286 Million,,," 5,887.56 ",,, 39.30 ,,"5,703,104",,"229,098",,,18.68%,84.25%,21.25%,84.25%,100.%,0%,0%," 24,292 ", -   , -   
,US43289P1066,HIMX US,"20,000",HIMAX TECHNOLOGIES INC-ADR,5.43,,USD,, NASDAQ GS ,#N/A Field Not Applicable,#N/A,947 Million,,, 174.42 ,,, 34.10 ,,"800,499",,"4,641,272",,,16.42%,52.75%,21.25%,52.75%,84.25%,15%,15%," 108,600 "," 16,290 "," 16,290 "
,US9220428745,VGK US,"3,000",VANGUARD FTSE EUROPE ETF,66.3,,USD,, NYSE Arca ,#N/A Field Not Applicable,UP,"19,258 Million",,, 290.46 ,,, 14.79 ,,"2,326,753",,"149,426,880",,,7.49%,21.25%,21.25%,21.25%,21.25%,75%,75%," 198,900 "," 149,175 "," 149,175 "
,SG1T49930665,BTH SP,"100,000",BANYAN TREE HOLDINGS LTD,0.34,,SGD,, Singapore ,#N/A Field Not Applicable,SP,214 Million,,, 867.06 ,,, 33.66 ,,"85,600",,"20,590",,,20.61%,94.75%,21.25%,94.75%,100.%,0%,0%," 25,328 ", -   , -   
,US62482R1077,COOP US,165,MR COOPER GROUP INC,72.87,,USD,, NASDAQ CM ,#N/A Field Not Applicable,UR,"4,708 Million",,, 64.60 ,,, 27.87 ,,"488,218",,"33,651,524",,,13.64%,31.75%,21.25%,31.75%,31.75%,0%,0%," 12,024 ", -   , -   
,US0327973006,AVXL UW,"7,000",ANAVEX LIFE SCIENCES CORP,4.82,,USD,, NASDAQ GS ,#N/A Field Not Applicable,#N/A,396 Million,,, 82.11 ,,, 75.03 ,,"531,055",,"3,295,700",,,32.62%,73.75%,37.%,73.75%,100.%,0%,0%," 33,740 ", -   , -   
,US48138M1053,JMIA UN,"10,000",JUMIA TECHNOLOGIES AG-ADR,6.64,,USD,, New York ,#N/A Field Not Applicable,#N/A,672 Million,,, 101.14 ,,, 85.78 ,,"628,682",,"3,209,927",,,36.33%,52.75%,37.%,52.75%,84.25%,15%,15%," 66,400 "," 9,960 "," 9,960 "
,US36847Q1031,GELYY US,"6,240",GEELY AUTOMOBILE-UNSPON ADR,22.385,,USD,, OTC US ,#N/A Field Not Applicable,#N/A,"11,263 Million",,, 503.17 ,,, 33.13 ,,"35,652",,"733,149",,,16.17%,21.25%,21.25%,21.25%,21.25%,0%,0%," 139,682 ", -   , -   
,US45781V1017,IIPR US,266,INNOVATIVE INDUSTRIAL PROPER,97.25,,USD,, New York ,#N/A Field Not Applicable,#N/A,"2,743 Million",,, 28.21 ,,, 34.40 ,,"229,181",,"21,892,450",,,16.56%,31.75%,21.25%,31.75%,31.75%,65%,65%," 25,869 "," 16,815 "," 16,815 "
,US46138E1495,PSCH UQ,"12,000",INVESCO S&P SMALLCAP HEALTH,42.22,,USD,, NASDAQ GM ,#N/A Field Not Applicable,UQ,218 Million,,, 5.17 ,,, 21.01 ,,"3,652",,"154,284",,,17.89%,94.75%,21.25%,94.75%,94.75%,5%,0%," 506,640 "," 25,332 ", -   
,LU0490618542,XSPU LN,"9,765",X S&P 500 SWAP 1C,101.61,,USD,, London ,#N/A Field Not Applicable,GY,"4,785 Million",,, 47.23 ,,, 11.76 ,,"15,222",,"1,468,177",,,6.89%,31.75%,21.25%,31.75%,31.75%,65%,65%," 992,222 "," 644,944 "," 644,944 "
,KYG2152H1074,3318 HK,"1,518,000",CHINA BOTON GROUP CO LTD,1.39,,HKD,, Hong Kong ,#N/A Field Not Applicable,HK,241 Million,,," 1,080.51 ",,, 68.26 ,,"69,264",,"9,405",,,74.94%,94.75%,79.%,94.75%,94.75%,5%,0%," 269,772 "," 13,489 ", -   
,KYG470811079,1119 HK,"493,600",IDREAMSKY TECHNOLOGY HOLDING,2.14,,HKD,, Hong Kong ,#N/A Field Not Applicable,HK,423 Million,,," 1,574.58 ",,, 54.17 ,,"6,935,855",,"1,673,188",,,24.8%,63.25%,26.5%,63.25%,63.25%,35%,35%," 135,051 "," 47,268 "," 47,268 "
,US5950171042,MCHP US,"1,638",MICROCHIP TECHNOLOGY INC,88.08,,USD,, NASDAQ GS ,#N/A Field Not Applicable,#N/A,"47,597 Million",,, 540.39 ,,, 33.47 ,,"5,663,771",,"489,370,720",,,16.15%,21.25%,21.25%,21.25%,21.25%,75%,75%," 144,275 "," 108,206 "," 108,206 "
,US7043261079,PAYX UW,959,PAYCHEX INC,120.54,,USD,, NASDAQ GS ,#N/A Field Not Applicable,#N/A,"43,373 Million",,, 359.82 ,,, 20.85 ,,"784,222",,"95,300,984",,,10.39%,21.25%,21.25%,21.25%,21.25%,75%,75%," 115,598 "," 86,698 "," 86,698 "
,HK0217012357,217 HK,"300,000",CHINA CHENGTONG DEVELOPMENT,0.085,,HKD,, Hong Kong ,#N/A Field Not Applicable,HK,65 Million,,," 5,964.64 ",,, 57.57 ,,"974,246",,"10,279",,,27.25%,100.%,31.75%,100.%,100.%,0%,0%," 3,260 ", -   , -   
,THA504010010,ONEE/F TB,"283,375,000",ONE ENTERPRISE PUBLIC-FOREIG,4.9,,THB,, Bangkok ,#N/A Field Not Applicable,#N/A,326 Million,,," 2,381.25 ",,, 101.05 ,,27,,3,,,100.%,73.75%,100.%,100.%,100.%,0%,0%," 38,500,970 ", -   , -   
,US06738E2046,BCS US,"78,392",BARCLAYS PLC-SPONS ADR,9.08,,USD,, New York ,#N/A Field Not Applicable,#N/A,"34,332 Million",,," 3,781.01 ",,, 34.96 ,,"16,326,228",,"130,475,064",,,16.81%,21.25%,21.25%,21.25%,31.75%,65%,65%," 711,799 "," 462,670 "," 462,670 "
,BMG8764G1069,1201 HK,"1,260,000",TESSON HOLDINGS LTD,0.077,,HKD,, Hong Kong ,#N/A Field Not Applicable,HK,19 Million,,," 2,076.85 ",,, 81.32 ,,"662,693",,"7,321",,,46.9%,100.%,47.5%,100.%,100.%,0%,0%," 12,404 ", -   , -   
,HK0257001336,257 HK,"1,280,000",CHINA EVERBRIGHT ENVIRONMENT,3.11,,HKD,, Hong Kong ,#N/A Field Not Applicable,HK,"2,390 Million",,," 6,142.98 ",,, 29.59 ,,"32,725,810",,"11,737,694",,,14.42%,31.75%,21.25%,31.75%,31.75%,65%,65%," 508,956 "," 330,821 "," 330,821 "
,SG2F48989824,HACL SP,"42,931",HALCYON AGRI CORP LTD,#N/A N/A,,SGD,, Singapore ,#N/A Field Not Applicable,#N/A,,,," 1,595.01 ",,, #N/A N/A ,,#N/A N/A,,,,,0.%,21.25%,21.25%,21.25%,#VALUE!,#VALUE!,0%, -   ,#VALUE!, -   
,TH0171B10Z13,KGI/F TB,"97,500",KGI SECURITIES THAILAND-FOR,4.5,,THB,, Bangkok ,#N/A Field Not Applicable,TB,250 Million,,," 1,991.76 ",,, -   ,,0,,,,,0.%,84.25%,21.25%,84.25%,100.%,0%,0%," 12,166 ", -   , -   
,AU000000RMI5,RMI AT,453,RESOURCE MINING CORP LTD,0.023,,AUD,, ASE ,#N/A Field Not Applicable,AT,8 Million,,, 592.35 ,,, 149.74 ,,"215,486",,"4,625",,,54.52%,100.%,58.%,100.%,100.%,0%,0%, 7 , -   , -   
,HK0000313442,9115 HK,"10,677",ISHARES ASIA TRUST - ISH-USD,7.76,,USD,, Hong Kong ,#N/A Field Not Applicable,#N/A,166 Million,,, 21.65 ,,, 23.62 ,,"9,738",,"71,908",,,14.76%,100.%,21.25%,100.%,100.%,0%,0%," 82,854 ", -   , -   
,US4642875722,IOO UP,304,ISHARES GLOBAL 100 ETF,87.84,,USD,, NYSE Arca ,#N/A Field Not Applicable,UP,"5,099 Million",,, 58.05 ,,, 12.66 ,,"17,074",,"1,427,325",,,6.44%,21.25%,21.25%,21.25%,21.25%,75%,75%," 26,703 "," 20,028 "," 20,028 "
,US81369Y1001,XLB US,618,MATERIALS SELECT SECTOR SPDR,90.64,,USD,, NYSE Arca ,#N/A Field Not Applicable,UP,"5,731 Million",,, 63.22 ,,, 16.15 ,,"5,648,324",,"481,479,264",,,8.15%,21.25%,21.25%,21.25%,21.25%,75%,75%," 56,016 "," 42,012 "," 42,012 "
,US9220428588,VWO US,"1,324",VANGUARD FTSE EMERGING MARKE,41.69,,USD,, NYSE Arca ,#N/A Field Not Applicable,#N/A,"75,609 Million",,," 1,813.60 ",,, 14.48 ,,"10,624,406",,"430,974,624",,,7.34%,21.25%,21.25%,21.25%,21.25%,75%,75%," 55,198 "," 41,398 "," 41,398 "
,SE0000115446,VOLVB SS,6,VOLVO AB-B SHS,305.75,,SEK,, Stockholm ,#N/A Field Not Applicable,SS,,,," 1,588.47 ",,, 23.58 ,,"3,056,729",,,,,0.%,21.25%,21.25%,21.25%,#N/A,0%,0%, -   , -   , -   
,US97717W4226,EPI US,269,WISDOMTREE INDIA EARNINGS,42.74,,USD,, NYSE Arca ,#N/A Field Not Applicable,UP,"2,838 Million",,, 66.40 ,,, 13.27 ,,"1,144,265",,"48,977,872",,,6.74%,31.75%,21.25%,31.75%,31.75%,65%,65%," 11,497 "," 7,473 "," 7,473 "
,AU0000185993,IREN US,"6,000",IRIS ENERGY LTD,4.61,,USD,, NASDAQ GS ,#N/A Field Not Applicable,UW,480 Million,,, 104.03 ,,, 116.49 ,,"8,388,317",,"50,632,976",,,45.83%,63.25%,47.5%,63.25%,94.75%,5%,5%," 27,660 "," 1,383 "," 1,383 "
,AU0000064966,VUK AT,"1,250",VIRGIN MONEY UK PLC - CDI,4.06,,AUD,, ASE ,#N/A Field Not Applicable,#N/A,"3,543 Million",,," 1,296.01 ",,, 42.00 ,,"2,253,404",,"5,273,963",,,19.83%,31.75%,21.25%,31.75%,31.75%,65%,65%," 3,306 "," 2,149 "," 2,149 "
,JP3659200004,1820 JT,"133,000",NISHIMATSU CONSTRUCTION CO,4500,,JPY,, Tokyo ,Tokyo Prime,,"1,809 Million",,, 55.59 ,,, 21.05 ,,"259,555",,"7,959,609",,,11.61%,31.75%,21.25%,31.75%,31.75%,65%,65%," 3,979,918 "," 2,586,946 "," 2,586,946 "
,US1011371077,BSX US,700,BOSTON SCIENTIFIC CORP,67.24,,USD,, New York ,#N/A Field Not Applicable,UN,"98,648 Million",,," 1,467.10 ",,, 20.06 ,,"6,642,706",,"417,077,024",,,10.02%,21.25%,21.25%,21.25%,21.25%,75%,75%," 47,068 "," 35,301 "," 35,301 "
,TH0646010R18,PTT-R TB,"240,000",PTT PCL-NVDR,34.25,,THB,, Bangkok ,#N/A Field Not Applicable,TB,"27,514 Million",,," 28,563.00 ",,, 18.21 ,,"39,681,240",,"38,485,970",,,9.14%,21.25%,21.25%,21.25%,21.25%,75%,75%," 227,922 "," 170,941 "," 170,941 "
,TH0003010R12,SCC-R TB,"24,700",SIAM CEMENT PCL-NVDR,268,,THB,, Bangkok ,#N/A Field Not Applicable,TB,"10,016 Million",,," 1,200.00 ",,, 17.27 ,,"1,941,147",,"15,025,378",,,8.69%,21.25%,21.25%,21.25%,21.25%,75%,75%," 183,546 "," 137,660 "," 137,660 "
,US09075F3055,BNGO UR,190,BIONANO GENOMICS INC,1.02,,USD,, NASDAQ CM ,#N/A Field Not Applicable,#N/A,56 Million,,, 54.69 ,,, 85.62 ,,"294,745",,"421,724",,,36.27%,100.%,37.%,100.%,100.%,0%,0%, 194 , -   , -   
,US14040H1059,COF US,95,CAPITAL ONE FINANCIAL CORP,136.27,,USD,, New York ,#N/A Field Not Applicable,UN,"51,833 Million",,, 380.37 ,,, 29.30 ,,"2,718,806",,"364,189,024",,,14.29%,21.25%,21.25%,21.25%,21.25%,75%,75%," 12,946 "," 9,709 "," 9,709 "
,US1746101054,CFG UN,260,CITIZENS FINANCIAL GROUP,33.68,,USD,, New York ,#N/A Field Not Applicable,#N/A,"15,439 Million",,, 458.40 ,,, 42.63 ,,"2,084,923",,"67,948,856",,,20.09%,21.25%,21.25%,21.25%,21.25%,75%,75%," 8,757 "," 6,568 "," 6,568 "
,US25058X1054,DM UN,"1,500",DESKTOP METAL INC-A,0.6561,,USD,, New York ,#N/A Field Not Applicable,#N/A,216 Million,,, 329.64 ,,, 84.20 ,,"714,340",,"461,805",,,35.8%,94.75%,37.%,94.75%,100.%,0%,0%, 984 , -   , -   
,US28106W1036,EDIT US,530,EDITAS MEDICINE INC,7.72,,USD,, NASDAQ GS ,#N/A Field Not Applicable,UW,632 Million,,, 81.81 ,,, 74.57 ,,"1,874,196",,"16,734,463",,,32.46%,52.75%,37.%,52.75%,84.25%,15%,15%," 4,092 ", 614 , 614 
,US7672041008,RIO US,291,RIO TINTO PLC-SPON ADR,62.27,,USD,, New York ,#N/A Field Not Applicable,#N/A,"107,088 Million",,," 1,252.50 ",,, 26.73 ,,"2,740,937",,"186,158,608",,,13.12%,21.25%,21.25%,21.25%,21.25%,75%,75%," 18,121 "," 13,590 "," 13,590 "
,CNE100003FF7,1877 HK,"20,000",SHANGHAI JUNSHI BIOSCIENCE-H,11.02,,HKD,, Hong Kong ,#N/A Field Not Applicable,HK,"3,398 Million",,, 219.30 ,,, 49.66 ,,"1,082,516",,"1,897,964",,,23.%,31.75%,26.5%,31.75%,31.75%,65%,65%," 28,179 "," 18,316 "," 18,316 "
